name c:\Users\T11648sTb\Documents\VSCODE\Pred_Sim_Sprinting\Pred_Sim_Sprinting\MainFunctions\ExperimentalData\IK_Splined\Splined_100_meshInts_p02_maxVel_01.mot
datacolumns 38
datarows 400
range 0.056000 0.282240
endheader
                time	/jointset/ground_pelvis/pelvis_tilt/value	/jointset/ground_pelvis/pelvis_list/value	/jointset/ground_pelvis/pelvis_rotation/value	/jointset/ground_pelvis/pelvis_tx/value	/jointset/ground_pelvis/pelvis_ty/value	/jointset/ground_pelvis/pelvis_tz/value	/jointset/hip_r/hip_flexion_r/value	/jointset/hip_r/hip_adduction_r/value	/jointset/hip_r/hip_rotation_r/value	/jointset/knee_r/knee_angle_r/value	/jointset/ankle_r/ankle_angle_r/value	/jointset/subtalar_r/subtalar_angle_r/value	/jointset/mtp_r/mtp_angle_r/value	/jointset/hip_l/hip_flexion_l/value	/jointset/hip_l/hip_adduction_l/value	/jointset/hip_l/hip_rotation_l/value	/jointset/knee_l/knee_angle_l/value	/jointset/ankle_l/ankle_angle_l/value	/jointset/subtalar_l/subtalar_angle_l/value	/jointset/mtp_l/mtp_angle_l/value	/jointset/back/lumbar_extension/value	/jointset/back/lumbar_bending/value	/jointset/back/lumbar_rotation/value	/jointset/acromial_r/arm_flex_r/value	/jointset/acromial_r/arm_add_r/value	/jointset/acromial_r/arm_rot_r/value	/jointset/elbow_r/elbow_flex_r/value	/jointset/radioulnar_r/pro_sup_r/value	/jointset/radius_hand_r/wrist_flex_r/value	/jointset/radius_hand_r/wrist_dev_r/value	/jointset/acromial_l/arm_flex_l/value	/jointset/acromial_l/arm_add_l/value	/jointset/acromial_l/arm_rot_l/value	/jointset/elbow_l/elbow_flex_l/value	/jointset/radioulnar_l/pro_sup_l/value	/jointset/radius_hand_l/wrist_flex_l/value	/jointset/radius_hand_l/wrist_dev_l/value	
          0.05600000	          4.99930159	         -1.46373305	         -0.25776319	         -1.87121466	          1.00263233	          0.28681654	         29.24026972	         -0.78652057	         -2.37914183	        -32.26936812	        -11.66866834	        -12.48869523	          3.45205773	         19.23433415	         -1.10140012	        -11.55804968	       -133.53295380	        -15.01130516	        -13.52683631	         11.45083895	        -26.72652122	          7.05731329	         -5.71782780	        -21.09382145	        -14.33369720	         -4.39168812	        101.58231768	         65.50953991	         -8.37888651	          6.78380357	        -15.45028272	        -14.55228340	         -2.22961543	         58.51448841	         69.95154621	         -3.37224652	         11.19789332	
          0.05634731	          5.07326926	         -1.47546424	         -0.39779151	         -1.86780490	          1.00250574	          0.28713160	         28.95685600	         -0.72148374	         -2.33429975	        -32.21763590	        -11.56527791	        -12.43499741	          3.37098186	         19.38458660	         -1.21704891	        -11.67699345	       -133.69364520	        -14.90510218	        -13.44750570	         11.48336692	        -26.80452062	          6.96530916	         -5.69375101	        -20.68032858	        -14.33634793	         -4.00417166	        101.60953261	         65.57483608	         -8.41802413	          6.83549712	        -15.71036949	        -14.54384632	         -2.30587181	         58.29002457	         69.91762198	         -3.35451928	         11.27715204	
          0.05744469	          5.30396252	         -1.50984654	         -0.83609713	         -1.85702422	          1.00209825	          0.28812108	         28.06508722	         -0.52173572	         -2.19607914	        -32.06197432	        -11.20865377	        -12.26273784	          3.10819027	         19.86369570	         -1.57900840	        -12.04971733	       -134.19862714	        -14.57241035	        -13.20224050	         11.58429823	        -27.04473174	          6.67348390	         -5.62345823	        -19.37453068	        -14.34078985	         -2.78207572	        101.69217594	         65.77678387	         -8.54265797	          6.99964288	        -16.53546122	        -14.51298285	         -2.55773284	         57.58426733	         69.82060100	         -3.29767757	         11.52947994	
          0.05824000	          5.46789632	         -1.53178946	         -1.14965108	         -1.84920395	          1.00179461	          0.28883201	         27.42294444	         -0.38319107	         -2.09917745	        -31.95760545	        -10.91916229	        -12.13511443	          2.91112537	         20.21571468	         -1.83770600	        -12.31679132	       -134.56145163	        -14.33451446	        -13.03070433	         11.65549306	        -27.21213085	          6.46059647	         -5.57810248	        -18.42917619	        -14.33959870	         -1.89960810	        101.74892595	         65.91810355	         -8.63399609	          7.11942993	        -17.13680200	        -14.48623467	         -2.75155301	         57.07686790	         69.76147281	         -3.25555521	         11.71432009	
          0.05826263	          5.47251589	         -1.53237265	         -1.15851907	         -1.84898138	          1.00178586	          0.28885216	         27.40473379	         -0.37933414	         -2.09646074	        -31.95475107	        -10.91051768	        -12.13144615	          2.90543439	         20.22579496	         -1.84501737	        -12.32435058	       -134.57172907	        -14.32779130	        -13.02591228	         11.65749234	        -27.21680286	          6.45451955	         -5.57688190	        -18.40229783	        -14.33950348	         -1.87455333	        101.75050211	         65.92205258	         -8.63660792	          7.12284845	        -17.15395327	        -14.48541578	         -2.75721546	         57.06249154	         69.75994432	         -3.25434401	         11.71960456	
          0.05860994	          5.54310152	         -1.54102045	         -1.29427071	         -1.84556429	          1.00165066	          0.28916079	         27.12563048	         -0.32075148	         -2.05503680	        -31.91178027	        -10.77486978	        -12.07486369	          2.81747631	         20.38101104	         -1.95689501	        -12.44011048	       -134.72915308	        -14.22492395	        -12.95301430	         11.68799058	        -27.28785652	          6.36108284	         -5.55863474	        -17.98984494	        -14.33758611	         -1.49036218	        101.77443130	         65.98213453	         -8.67679587	          7.17539889	        -17.41753691	        -14.47242654	         -2.84520494	         56.84225852	         69.73761710	         -3.23565679	         11.80090809	
          0.05970731	          5.76183934	         -1.56429602	         -1.71846534	         -1.83475987	          1.00121230	          0.29012840	         26.24954323	         -0.14385321	         -1.92757078	        -31.78714734	        -10.30805827	        -11.89248791	          2.53192568	         20.87783072	         -2.30578660	        -12.80238555	       -135.22202557	        -13.90436502	        -12.73159541	         11.78185779	        -27.50365665	          6.06372317	         -5.50708187	        -16.68854239	        -14.32543790	         -0.28215041	        101.84679031	         66.16473576	         -8.80501853	          7.34240905	        -18.25432828	        -14.42594582	         -3.13705758	         56.15246131	         69.68213687	         -3.17534235	         12.06020802	
          0.06050263	          5.91590308	         -1.57689388	         -2.02122426	         -1.82692184	          1.00088283	          0.29082201	         25.62072378	         -0.02420193	         -1.83842035	        -31.70844341	         -9.93085968	        -11.75658149	          2.31740347	         21.24461050	         -2.55391889	        -13.06151743	       -135.57437816	        -13.67677552	        -12.58068565	         11.84731480	        -27.65102330	          5.84586761	         -5.47561223	        -15.74759425	        -14.31017526	          0.58704782	        101.89617915	         66.28930742	         -8.89921419	          7.46442111	        -18.86476641	        -14.38670716	         -3.36263380	         55.65909027	         69.65776659	         -3.13028576	         12.25058654	
          0.06052525	          5.92022703	         -1.57719527	         -2.02977815	         -1.82669876	          1.00087329	          0.29084164	         25.60291625	         -0.02091119	         -1.83592363	        -31.70635826	         -9.91962335	        -11.75266586	          2.31120401	         21.25513439	         -2.56091623	        -13.06884620	       -135.58433684	        -13.67036417	        -12.57652152	         11.84914324	        -27.65509662	          5.83963757	         -5.47479044	        -15.72085538	        -14.30965454	          0.61168565	        101.89754703	         66.29274646	         -8.90191047	          7.46790476	        -18.88218410	        -14.38551852	         -3.36923377	         55.64514328	         69.65728414	         -3.12898596	         12.25603454	
          0.06087257	          5.98617201	         -1.58140699	         -2.16065987	         -1.82327376	          1.00072586	          0.29114231	         25.33016795	          0.02878126	         -1.79787287	        -31.67546614	         -9.74352233	        -11.69220545	          2.21535842	         21.41732417	         -2.66788004	        -13.18103653	       -135.73672302	        -13.57241236	        -12.51354761	         11.87696635	        -27.71676054	          5.74376895	         -5.46269080	        -15.31064149	        -14.30103085	          0.98920309	        101.91828690	         66.34476720	         -8.94341662	          7.52146772	        -19.14990997	        -14.36675347	         -3.47185098	         55.43171110	         69.65141061	         -3.10890296	         12.33988972	
          0.06196994	          6.18897773	         -1.58930190	         -2.56886912	         -1.81244379	          1.00024518	          0.29208319	         24.47622235	          0.17513285	         -1.68101936	        -31.59234303	         -9.14062855	        -11.49657497	          1.90387248	         21.93820548	         -3.00009330	        -13.53164418	       -136.21189220	        -13.26897815	        -12.32700653	         11.96173020	        -27.90042770	          5.43771739	         -5.43088223	        -14.01762274	        -14.26553661	          2.17295113	        101.98066625	         66.49902655	         -9.07607447	          7.69183401	        -20.00044007	        -14.30078925	         -3.81284107	         54.76599415	         69.65281622	         -3.04373886	         12.60776310	
          0.06276525	          6.33028933	         -1.58945716	         -2.85947453	         -1.80458669	          0.99988154	          0.29275595	         23.86540816	          0.27031245	         -1.59951722	        -31.54690024	         -8.65695566	        -11.35011092	          1.66959098	         22.32434897	         -3.23504366	        -13.78195077	       -136.54971875	        -13.05531285	        -12.20471821	         12.01997146	        -28.02216541	          5.21260530	         -5.41402662	        -13.08382660	        -14.23130617	          3.02121246	        102.02291474	         66.60033087	         -9.17374106	          7.81642747	        -20.62145339	        -14.24625808	         -4.07680172	         54.29253661	         69.67432514	         -2.99475014	         12.80484059	
          0.06278788	          6.33423567	         -1.58938864	         -2.86767568	         -1.80436305	          0.99987100	          0.29277498	         23.84813694	          0.27287830	         -1.59723756	        -31.54580040	         -8.64259368	        -11.34588323	          1.66281754	         22.33544741	         -3.24165253	        -13.78902392	       -136.55924333	        -13.04931624	        -12.20140946	         12.02158702	        -28.02548083	          5.20615705	         -5.41362434	        -13.05730532	        -14.23022064	          3.04521522	        102.02408061	         66.60307444	         -9.17653924	          7.81998639	        -20.63917953	        -14.24461996	         -4.08452779	         54.27918640	         69.67520512	         -2.99333333	         12.81048514	
          0.06313519	          6.39428140	         -1.58781159	         -2.99309422	         -1.80092957	          0.99970770	          0.29306613	         23.58378826	          0.31124449	         -1.56251501	        -31.53030422	         -8.41784390	        -11.28055156	          1.55807916	         22.50662098	         -3.34255982	        -13.89725900	       -136.70482124	        -12.95785986	        -12.15185105	         12.04608959	        -28.07531102	          5.10685717	         -5.40799011	        -12.65052946	        -14.21275243	          3.41271055	        102.04172760	         66.64418698	         -9.21963146	          7.87471749	        -20.91169300	        -14.21885545	         -4.20466735	         54.07512509	         69.69064194	         -2.97141877	         12.89739883	
          0.06423256	          6.57717942	         -1.57605320	         -3.38344596	         -1.79007223	          0.99917322	          0.29397542	         22.75844330	          0.41935485	         -1.45613020	        -31.49916850	         -7.65298953	        -11.06852913	          1.21748666	         23.05791328	         -3.65448621	        -14.23498201	       -137.15669370	        -12.67654090	        -12.01121690	         12.11971156	        -28.21912559	          4.78895688	         -5.39692632	        -11.36958341	        -14.14715791	          4.56141475	        102.09443398	         66.76111068	         -9.35757033	          8.04893112	        -21.77799884	        -14.12954349	         -4.60393492	         53.44160724	         69.76427386	         -2.90002843	         13.17544592	
          0.06502788	          6.70294981	         -1.56078014	         -3.66073358	         -1.78219507	          0.99876743	          0.29462401	         22.17022153	          0.48468737	         -1.38202680	        -31.49427427	         -7.04548995	        -10.90933833	          0.96157279	         23.46787913	         -3.87379619	        -14.47569860	       -137.47598060	        -12.48030774	        -11.92534059	         12.16931936	        -28.30984124	          4.55435569	         -5.39507979	        -10.44572524	        -14.08920501	          5.38102548	        102.12993667	         66.83276136	         -9.45927543	          8.17641783	        -22.41088523	        -14.05708793	         -4.91241423	         52.99382725	         69.84238789	         -2.84613890	         13.38028691	
          0.06505051	          6.70644289	         -1.56026123	         -3.66855659	         -1.78197087	          0.99875565	          0.29464233	         22.15361335	          0.48638349	         -1.37995126	        -31.49435478	         -7.02756503	        -10.90474108	          0.95418917	         23.47967323	         -3.87995294	        -14.48249910	       -137.48495849	        -12.47482129	        -11.92310070	         12.17068410	        -28.31225341	          4.54762794	         -5.39509499	        -10.41950241	        -14.08742506	          5.40417187	        102.13091868	         66.83463308	         -9.46218984	          8.18005912	        -22.42894959	        -14.05493224	         -4.92142123	         52.98123300	         69.84491968	         -2.84457871	         13.38615447	
          0.06539782	          6.75946695	         -1.55170642	         -3.78820307	         -1.77852882	          0.99857330	          0.29492273	         21.89957011	          0.51128451	         -1.34829731	        -31.49711966	         -6.74804270	        -10.83369928	          0.84018084	         23.66162945	         -3.97389267	        -14.58656674	       -137.62201701	        -12.39127936	        -11.89014984	         12.19130891	        -28.34810367	          4.44397919	         -5.39575657	        -10.01742262	        -14.05918149	          5.75822900	        102.14582365	         66.86218522	         -9.50706890	          8.23604880	        -22.70663253	        -14.02119381	         -5.06125409	         52.78893534	         69.88594454	         -2.82043963	         13.47649276	
          0.06649519	          6.91958771	         -1.51735166	         -4.16113447	         -1.76764620	          0.99797711	          0.29579791	         21.10815768	          0.57587226	         -1.25049415	        -31.52477693	         -5.81217575	        -10.60340213	          0.47241161	         24.24796671	         -4.26380477	        -14.91159702	       -138.04548101	        -12.13575963	        -11.80402018	         12.25246671	        -28.44676433	          4.11173697	         -5.40247913	         -8.75281742	        -13.95841689	          6.86075943	        102.19123017	         66.93436150	         -9.65058965	          8.41407140	        -23.58861115	        -13.90669365	         -5.52206202	         52.19429593	         70.04244103	         -2.74179448	         13.76517093	
          0.06729051	          7.02848957	         -1.48542178	         -4.42699213	         -1.75975317	          0.99752583	          0.29642209	         20.54562583	          0.60917171	         -1.18123595	        -31.56286559	         -5.08573588	        -10.43097345	          0.19973424	         24.68394638	         -4.46750215	        -15.14382132	       -138.34285120	        -11.95873969	        -11.75913278	         12.29296999	        -28.50426093	          3.86629124	         -5.41080436	         -7.84231654	        -13.87421307	          7.64327917	        102.22311269	         66.97206312	         -9.75618055	          8.54406328	        -24.23184021	        -13.81635659	         -5.87342656	         51.77605509	         70.18167133	         -2.68249544	         13.97732937	
          0.06731313	          7.03149881	         -1.48442614	         -4.43450571	         -1.75952856	          0.99751275	          0.29643973	         20.52976150	          0.60995156	         -1.17928057	        -31.56417187	         -5.06449625	        -10.42600024	          0.19191207	         24.69648735	         -4.47321979	        -15.15038955	       -138.35118947	        -11.95380560	        -11.75807619	         12.29407516	        -28.50572306	          3.85924973	         -5.41107373	         -7.81649255	        -13.87167770	          7.66532551	        102.22401318	         66.97295105	         -9.75920330	          8.54777247	        -24.25018535	        -13.81369769	         -5.88362987	         51.76431731	         70.18595277	         -2.68077964	         13.98339982	
          0.06766045	          7.07706861	         -1.46853388	         -4.54951158	         -1.75608028	          0.99731036	          0.29670958	         20.28722652	          0.62075362	         -1.14934829	        -31.58577269	         -4.73457240	        -10.34919190	          0.07143823	         24.88995518	         -4.56045419	        -15.25095648	       -138.47831787	        -11.87878220	        -11.74340831	         12.31071172	        -28.52695548	          3.75074842	         -5.41539231	         -7.42066577	        -13.83177857	          8.00218540	        102.23781583	         66.98527732	         -9.80573007	          8.60478084	        -24.53208492	        -13.77227314	         -6.04166133	         51.58527827	         70.25391051	         -2.65424017	         14.07681597	
          0.06875782	          7.21331305	         -1.41079485	         -4.90913923	         -1.74518074	          0.99665029	          0.29755186	         19.53326263	          0.64042114	         -1.05549075	        -31.67310739	         -3.64567604	        -10.10078102	         -0.31336505	         25.51321413	         -4.82965061	        -15.56570805	       -138.86903599	        -11.65062638	        -11.71642278	         12.35922742	        -28.57903386	          3.40277268	         -5.43060504	         -6.17743929	        -13.69350105	          9.04655049	        102.28158498	         67.00787887	         -9.95425282	          8.78571855	        -25.42619238	        -13.63399483	         -6.55782649	         51.03384171	         70.49628911	         -2.56787766	         14.37473491	
          0.06955313	          7.30468239	         -1.36198070	         -5.16670713	         -1.73727804	          0.99615281	          0.29815257	         18.99875435	          0.64110576	         -0.98779589	        -31.75408454	         -2.81602515	         -9.91562607	         -0.59452207	         25.97628566	         -5.01900244	        -15.79112649	       -139.14142604	        -11.49360672	        -11.71514517	         12.39056754	        -28.60257728	          3.14582306	         -5.44188946	         -5.28402166	        -13.58176028	          9.78334996	        102.31407097	         67.00867990	        -10.06318693	          8.91745105	        -26.07683436	        -13.52711481	         -6.94663237	         50.64775336	         70.69761740	         -2.50293719	         14.59294215	
          0.06957576	          7.30719112	         -1.36050895	         -5.17400233	         -1.73705319	          0.99613843	          0.29816954	         18.98369610	          0.64096102	         -0.98587072	        -31.75659947	         -2.79196819	         -9.91029982	         -0.60252922	         25.98959890	         -5.02432318	        -15.79750766	       -139.14903903	        -11.48924019	        -11.71533078	         12.39141253	        -28.60307357	          3.13845684	         -5.44219988	         -5.25870389	        -13.57844130	          9.80405271	        102.31501115	         67.00851180	        -10.06630012	          8.92120404	        -26.09537015	        -13.52399660	         -6.95785919	         50.63693516	         70.70365161	         -2.50106136	         14.59917415	
          0.06992307	          7.34507050	         -1.33735238	         -5.28578102	         -1.73360141	          0.99591612	          0.29842923	         18.75358716	          0.63761055	         -0.95631011	        -31.79664352	         -2.41972803	         -9.82815250	         -0.72541460	         26.19492086	         -5.10555588	        -15.89524311	       -139.26493601	        -11.42290406	        -11.71970864	         12.40406098	        -28.60949179	          3.02500513	         -5.44683270	         -4.87079074	        -13.52652984	         10.11999481	        102.32958163	         67.00460939	        -10.11417773	          8.97884029	        -26.38004145	        -13.47561226	         -7.13127478	         50.47202218	         70.79836668	         -2.47207319	         14.69498595	
          0.07102044	          7.45698290	         -1.25739147	         -5.63679802	         -1.72269358	          0.99519490	          0.29923971	         18.03942453	          0.61327084	         -0.86258169	        -31.94051739	         -1.20991399	         -9.56408094	         -1.11208715	         26.85549136	         -5.35707115	        -16.20146757	       -139.61899380	        -11.22170073	        -11.75221613	         12.44007409	        -28.61503808	          2.66201302	         -5.45893173	         -3.65437056	        -13.35071812	         11.09469738	        102.37776100	         66.97601247	        -10.26644115	          9.16115090	        -27.28081924	        -13.31661622	         -7.69154491	         49.96505097	         71.12281047	         -2.37812672	         14.99929815	
          0.07181576	          7.53071018	         -1.19324321	         -5.88965019	         -1.71478752	          0.99465498	          0.29981766	         17.53422918	          0.58282488	         -0.79402545	        -32.06066650	         -0.30531492	         -9.36881516	         -1.38894272	         27.34541106	         -5.53489336	        -16.42107380	       -139.86371655	        -11.08366528	        -11.79323472	         12.46245784	        -28.60517438	          2.39485924	         -5.46397350	         -2.78210718	        -13.21226549	         11.77764037	        102.41533880	         66.93991006	        -10.37755852	          9.29327271	        -27.93423925	        -13.19599302	         -8.10784371	         49.61090664	         71.38099118	         -2.30785884	         15.22096454	
          0.07183838	          7.53271692	         -1.19134472	         -5.89682998	         -1.71456259	          0.99463942	          0.29983399	         17.52001059	          0.58180392	         -0.79206404	        -32.06427360	         -0.27928194	         -9.36321655	         -1.39675787	         27.35948572	         -5.53990191	        -16.42729412	       -139.87052893	        -11.07983205	        -11.79461346	         12.46304931	        -28.60472418	          2.38721110	         -5.46405727	         -2.75741247	        -13.20819265	         11.79676951	        102.41644715	         66.93869463	        -10.38072732	          9.29702931	        -27.95282876	        -13.19249949	         -8.11979762	         49.60099371	         71.38861043	         -2.30583354	         15.22728048	
          0.07218570	          7.56289020	         -1.16170419	         -6.00696707	         -1.71111007	          0.99439908	          0.30008382	         17.30282991	          0.56506926	         -0.76186627	        -32.12092717	          0.12220458	         -9.27699511	         -1.51621248	         27.57647859	         -5.61645250	        -16.52259130	       -139.97404297	        -11.02163446	        -11.81723415	         12.47181532	        -28.59664099	          2.26949068	         -5.46487074	         -2.37921072	        -13.14475209	         12.08826984	        102.43376054	         66.91873470	        -10.42941326	          9.35466914	        -28.23814883	        -13.13846305	         -8.30399118	         49.44995173	         71.50742926	         -2.27456567	         15.32428008	
          0.07328307	          7.65045641	         -1.06218208	         -6.35429698	         -1.70020248	          0.99362326	          0.30086335	         16.62990463	          0.49938874	         -0.66524308	        -32.31512568	          1.41068384	         -9.00160276	         -1.88604211	         28.27365651	         -5.85456481	        -16.82131139	       -140.28786659	        -10.84539778	        -11.90610982	         12.49565977	        -28.55674410	          1.89390493	         -5.46075566	         -1.19528548	        -12.93321199	         12.98237302	        102.49249430	         66.84010565	        -10.58360887	          9.53629692	        -29.13878290	        -12.96305480	         -8.89340350	         48.98635555	         71.90464290	         -2.17366461	         15.63098083	
          0.07407838	          7.70655519	         -0.98491365	         -6.60572862	         -1.69229874	          0.99304648	          0.30141890	         16.15480291	          0.44010709	         -0.59394950	        -32.46930179	          2.35866899	         -8.79999739	         -2.14492882	         28.78975257	         -6.02405003	        -17.03536784	       -140.50245175	        -10.72447920	        -11.98612854	         12.50929752	        -28.51436594	          1.61875532	         -5.45019751	         -0.34827907	        -12.76981632	         13.60397923	        102.53933853	         66.76919145	        -10.69543168	          9.66717576	        -29.78997554	        -12.83207782	         -9.32584595	         48.66297655	         72.21135661	         -2.09870402	         15.85288087	
          0.07410101	          7.70806075	         -0.98265677	         -6.61288157	         -1.69207391	          0.99302990	          0.30143458	         16.14144131	          0.43828200	         -0.59190445	        -32.47384266	          2.38576264	         -8.79424548	         -2.15216126	         28.80456651	         -6.02883892	        -17.04142574	       -140.50839549	        -10.72111809	        -11.98858723	         12.50964086	        -28.51299656	          1.61089659	         -5.44979109	         -0.32432375	        -12.76504858	         13.62133040	        102.54072854	         66.76701170	        -10.69861091	          9.67088687	        -29.80847515	        -12.82831044	         -9.33819463	         48.65392808	         72.22029444	         -2.09655066	         15.85918293	
          0.07444832	          7.73054411	         -0.94762571	         -6.72269350	         -1.68862291	          0.99277437	          0.30167460	         15.93741410	          0.40932614	         -0.56039099	        -32.54457449	          2.80230035	         -8.70587558	         -2.26217233	         29.03286552	         -6.10214174	        -17.13418539	       -140.59850119	        -10.67005315	        -12.02755235	         12.51460193	        -28.49084721	          1.49007302	         -5.44276170	          0.04238417	        -12.69105586	         13.88532171	        102.56248309	         66.73246360	        -10.74738539	          9.72775413	        -30.09222937	        -12.77022144	         -9.52798697	         48.51607045	         72.35887973	         -2.06335982	         15.95581801	
          0.07554570	          7.79385245	         -0.83245610	         -7.07005153	         -1.67772190	          0.99195419	          0.30242288	         15.30601846	          0.30656208	         -0.45923898	        -32.78006923	          4.12310112	         -8.42625678	         -2.59600086	         29.76523965	         -6.33152837	        -17.42431254	       -140.86904426	        -10.51491498	        -12.16513489	         12.52647061	        -28.40704694	          1.10630543	         -5.40994753	          1.18821616	        -12.44761510	         14.68985678	        102.63668484	         66.61045938	        -10.90096941	          9.90601725	        -30.98561821	        -12.58388754	        -10.12936941	         48.09305668	         72.81260745	         -1.95691956	         16.25948185	
          0.07634101	          7.83240771	         -0.74516161	         -7.32250275	         -1.66982464	          0.99134876	          0.30295557	         14.86098428	          0.22185871	         -0.38431028	        -32.96114805	          5.08005742	         -8.22402385	         -2.82295485	         30.30634331	         -6.49614648	        -17.63159165	       -141.05139386	        -10.40792008	        -12.27766031	         12.53147260	        -28.33336307	          0.82676792	         -5.37487449	          2.00592923	        -12.26246911	         15.24403858	        102.69609888	         66.51070089	        -11.01150174	         10.03358018	        -31.62938127	        -12.44677665	        -10.56505955	         47.79807073	         73.15463134	         -1.87845523	         16.47738975	
          0.07636364	          7.83341464	         -0.74263554	         -7.32969660	         -1.66960001	          0.99133141	          0.30297060	         14.84847739	          0.21932833	         -0.38215736	        -32.96641698	          5.10723085	         -8.21828431	         -2.82920893	         30.32186250	         -6.50081450	        -17.63744960	       -141.05641001	        -10.40493808	        -12.28100871	         12.53157076	        -28.33110938	          0.81880330	         -5.37372585	          2.02903081	        -12.25709964	         15.25944163	        102.69786268	         66.50773385	        -11.01463375	         10.03718615	        -31.64764328	        -12.44285669	        -10.57743466	         47.78981793	         73.16450351	         -1.87620861	         16.48355614	
          0.07671095	          7.84824726	         -0.70358132	         -7.44021114	         -1.66615227	          0.99106433	          0.30320058	         14.65755943	          0.17967215	         -0.34895519	        -33.04806380	          5.52381842	         -8.13031944	         -2.92375385	         30.56094287	         -6.57237831	        -17.72708305	       -141.13220730	        -10.35957024	        -12.33337313	         12.53277078	        -28.29543011	          0.69648577	         -5.35501000	          2.38249961	        -12.17399321	         15.49333972	        102.72545717	         66.46136012	        -11.06260903	         10.09236441	        -31.92757908	        -12.38257739	        -10.76718895	         47.66409796	         73.31692850	         -1.84163359	         16.57795406	
          0.07780832	          7.88742659	         -0.57700424	         -7.79057748	         -1.65526306	          0.99021139	          0.30391690	         14.06734629	          0.04467498	         -0.24202336	        -33.31479494	          6.83105210	         -7.85473044	         -3.20384072	         31.32681838	         -6.79759954	        -18.00649993	       -141.35673654	        -10.22085486	        -12.50985741	         12.53277387	        -28.16943221	          0.30961596	         -5.28195833	          3.48497024	        -11.90334803	         16.20077439	        102.81919200	         66.30568724	        -11.21272062	         10.26435941	        -32.80697983	        -12.19119128	        -11.36323542	         47.27864373	         73.80791970	         -1.73145237	         16.87261701	
          0.07860364	          7.90854012	         -0.48262137	         -8.04576320	         -1.64737548	          0.98958581	          0.30442620	         13.65178277	         -0.06186098	         -0.16243066	        -33.51537951	          7.76624652	         -7.65816531	         -3.38815656	         31.89164064	         -6.96030990	        -18.20503932	       -141.50505385	        -10.12416292	        -12.64695311	         12.52917249	        -28.06569754	          0.02936225	         -5.21501919	          4.26998312	        -11.70010611	         16.68312749	        102.89353127	         66.18574715	        -11.31979642	         10.38648954	        -33.43905192	        -12.05218460	        -11.79047433	         47.01033609	         74.17043278	         -1.65094693	         17.08213299	
          0.07862626	          7.90905143	         -0.47990762	         -8.05303999	         -1.64715114	          0.98956793	          0.30444057	         13.64010838	         -0.06499342	         -0.16013875	        -33.52116446	          7.79266363	         -7.65262196	         -3.39316033	         31.90782749	         -6.96493601	        -18.21063500	       -141.50909408	        -10.12145350	        -12.65095286	         12.52902565	        -28.06259553	          0.02139606	         -5.21293453	          4.29214028	        -11.69424269	         16.69647312	        102.89572691	         66.18226394	        -11.32281819	         10.38992997	        -33.45696458	        -12.04823234	        -11.80255581	         47.00283739	         74.18080447	         -1.64865109	         17.08803737	
          0.07897358	          7.91628046	         -0.43806944	         -8.16486231	         -1.64370790	          0.98929304	          0.30466026	         13.46192748	         -0.11375871	         -0.12475907	        -33.61046172	          8.19669548	         -7.56791201	         -3.46825921	         32.15710671	         -7.03594148	        -18.29614708	       -141.56985782	        -10.08012665	        -12.71298253	         12.52646343	        -28.01394038	         -0.10081514	         -5.17964859	          4.63101502	        -11.60369944	         16.89869536	        102.92999912	         66.12837351	        -11.36901842	         10.44249069	        -33.73142305	        -11.98760750	        -11.98743565	         46.88866008	         74.34031602	         -1.61338210	         17.17825173	
          0.08007095	          7.93148661	         -0.30389048	         -8.51978807	         -1.63283391	          0.98841925	          0.30534385	         12.91144077	         -0.27590152	         -0.01040384	        -33.89802854	          9.45258145	         -7.30561009	         -3.68377528	         32.95459388	         -7.26044734	        -18.56136228	       -141.74623152	         -9.95241318	        -12.91589713	         12.51455866	        -27.84751059	         -0.48573883	         -5.05806867	          5.68617684	        -11.31135162	         17.50488480	        103.04543484	         65.95396691	        -11.51249909	         10.60527360	        -34.59210167	        -11.79698273	        -12.56354942	         46.53927160	         74.84652851	         -1.50177001	         17.45770118	
          0.08086626	          7.93528763	         -0.20510099	         -8.77867575	         -1.62495833	          0.98778216	          0.30582922	         12.52414886	         -0.40056930	          0.07513842	        -34.11057739	         10.33976618	         -7.12152121	         -3.81852981	         33.54172850	         -7.42360414	        -18.74849894	       -141.85904072	         -9.86203019	        -13.06823872	         12.50231810	        -27.71502575	         -0.76309517	         -4.95369280	          6.43583637	        -11.09408108	         17.91287838	        103.13603377	         65.82522102	        -11.61381145	         10.71985575	        -35.20933594	        -11.66024756	        -12.97219899	         46.29678395	         75.21333517	         -1.42094432	         17.65433436	
          0.08088889	          7.93530771	         -0.20227419	         -8.78606242	         -1.62473434	          0.98776400	          0.30584291	         12.51327125	         -0.40419906	          0.07760872	        -34.11666542	         10.36469630	         -7.11636762	         -3.82209784	         33.55854211	         -7.42825359	        -18.75375697	       -141.86206389	         -9.85948027	        -13.07262380	         12.50192580	        -27.71111319	         -0.77096231	         -4.95051923	          6.45697744	        -11.08783931	         17.92410126	        103.13869696	         65.82154630	        -11.61665801	         10.72307162	        -35.22681387	        -11.65637949	        -12.98370701	         46.29001849	         75.22374892	         -1.41864791	         17.65985090	
          0.08123620	          7.93500840	         -0.15877907	         -8.89960109	         -1.62129660	          0.98748503	          0.30605214	         12.34726214	         -0.46047217	          0.11580249	        -34.21036340	         10.74512875	         -7.03788099	         -3.87502724	         33.81738288	         -7.49968400	        -18.83399647	       -141.90717136	         -9.82046584	        -13.14023002	         12.49560030	        -27.65007073	         -0.89154755	         -4.90037601	          6.78019984	        -10.99163158	         18.09371678	        103.18017135	         65.76512783	        -11.66009348	         10.77212254	        -35.49452913	        -11.59717356	        -13.15951128	         46.18710258	         75.38336609	         -1.38342822	         17.74397227	
          0.08233357	          7.92662583	         -0.02021962	         -9.26028710	         -1.61044099	          0.98660181	          0.30670288	         11.83440451	         -0.64482058	          0.24017572	        -34.50884417	         11.91794482	         -6.79819404	         -4.01962425	         34.64428922	         -7.72624505	        -19.08148249	       -142.03358455	         -9.69842469	        -13.35655997	         12.47190057	        -27.44522880	         -1.27018026	         -4.72413763	          7.78547722	        -10.68314007	         18.59703988	        103.31853387	         65.58784453	        -11.79395889	         10.92312064	        -36.33330752	        -11.41245219	        -13.70415337	         45.87360346	         75.88349704	         -1.27266249	         18.00258336	
          0.08312889	          7.91357539	          0.08106379	         -9.52363500	         -1.60257969	          0.98596103	          0.30716480	         11.47347721	         -0.78418821	          0.33427287	        -34.72659668	         12.73807093	         -6.63327828	         -4.10302146	         35.25192483	         -7.89143842	        -19.25479638	       -142.10977958	         -9.61065209	        -13.51459529	         12.45124710	        -27.28565667	         -1.54205787	         -4.57924483	          8.49887141	        -10.45581896	         18.93113979	        103.42574493	         65.46190298	        -11.88752227	         11.02859662	        -36.93442183	        -11.28117719	        -14.08800695	         45.65769325	         76.24009541	         -1.19307850	         18.18276444	
          0.08315152	          7.91311926	          0.08395363	         -9.53115195	         -1.60235612	          0.98594280	          0.30717783	         11.46333809	         -0.78821920	          0.33700326	        -34.73279995	         12.76101332	         -6.62870430	         -4.10513198	         35.26931135	         -7.89615208	        -19.25964935	       -142.11175634	         -9.60815816	        -13.51909268	         12.45061728	        -27.28098295	         -1.54975846	         -4.57490896	          8.51898042	        -10.44931148	         18.94027033	        103.42888009	         65.45836829	        -11.89013896	         11.03154681	        -36.95143923	        -11.27747839	        -14.09878747	         45.65169185	         76.25014845	         -1.19082505	         18.18779688	
          0.08349883	          7.90553233	          0.12836158	         -9.64671392	         -1.59892489	          0.98566307	          0.30737693	         11.30858440	         -0.85053343	          0.37930546	        -34.82803918	         13.11037902	         -6.55935181	         -4.13571340	         35.53687463	         -7.96861159	        -19.33358892	       -142.14076817	         -9.56987641	        -13.58807817	         12.44065850	        -27.20832235	         -1.66771302	         -4.50685767	          8.82635840	        -10.34916550	         19.07783694	        103.47759482	         65.40451741	        -11.92998090	         11.07647365	        -37.21207193	        -11.22096764	        -14.26327143	         45.56055931	         76.40374072	         -1.15631765	         18.26437612	
          0.08459620	          7.87440301	          0.26913591	        -10.01407986	         -1.58809082	          0.98478070	          0.30799609	         10.83029093	         -1.05252014	          0.51810155	        -35.12859323	         14.17825762	         -6.35144529	         -4.21002927	         36.39045014	         -8.19895238	        -19.56016224	       -142.21592212	         -9.44859323	        -13.80452024	         12.40563992	        -26.96758634	         -2.03713193	         -4.27324472	          9.78156816	        -10.02995980	         19.48078746	        103.63877328	         65.24046038	        -12.05169752	         11.21388761	        -38.02832696	        -11.04593686	        -14.77031609	         45.28498103	         76.87886800	         -1.04844695	         18.49780566	
          0.08539152	          7.84517849	          0.37147068	        -10.28251136	         -1.58024603	          0.98414350	          0.30843569	         10.49339645	         -1.20334066	          0.62412671	        -35.34532656	         14.91658877	         -6.21228635	         -4.24303156	         37.01651387	         -8.36729888	        -19.71741416	       -142.25462973	         -9.35997208	        -13.95869359	         12.37698245	        -26.78281465	         -2.30160632	         -4.08633037	         10.45889509	         -9.79648099	         19.74340373	        103.76240162	         65.12849150	        -12.13580772	         11.30912099	        -38.61317816	        -10.92260893	        -15.12578891	         45.09730965	         77.21221953	         -0.97148312	         18.65867686	
          0.08541414	          7.84426680	          0.37438494	        -10.29017542	         -1.58002294	          0.98412541	          0.30844808	         10.48392743	         -1.20768185	          0.62721629	        -35.35147198	         14.93714475	         -6.20847784	         -4.24371872	         37.03441271	         -8.37210591	        -19.72179986	       -142.25553657	         -9.35743813	        -13.96303405	         12.37612812	        -26.77743470	         -2.30908948	         -4.08079865	         10.47798432	         -9.78981754	         19.75052282	        103.76600140	         65.12540070	        -12.13814922	         11.31177696	        -38.62973683	        -10.91914449	        -15.13575786	         45.09212254	         77.22155692	         -0.96930918	         18.66315053	
          0.08576146	          7.82972201	          0.41913530	        -10.40801080	         -1.57659913	          0.98384801	          0.30863765	         10.33936020	         -1.27465255	          0.67517734	        -35.44563232	         15.24951547	         -6.15109907	         -4.25253907	         37.30975327	         -8.44601807	        -19.78849889	       -142.26810471	         -9.31843731	        -14.02929013	         12.36274864	        -26.69401035	         -2.42366844	         -3.99441051	         10.76976826	         -9.68740827	         19.85739734	        103.82182689	         65.07865264	        -12.17373086	         11.35217700	        -38.88336939	        -10.86627501	        -15.28779784	         45.01357235	         77.36382485	         -0.93605041	         18.73110280	
          0.08685883	          7.77708759	          0.56067290	        -10.78271676	         -1.56578930	          0.98297577	          0.30922769	          9.89195515	         -1.49009857	          0.83375060	        -35.74055430	         16.19671119	         -5.98373580	         -4.25940912	         38.18677593	         -8.68109981	        -19.99140685	       -142.29109582	         -9.19367101	        -14.23324116	         12.31728300	        -26.42025657	         -2.78208206	         -3.70341202	         11.67666596	         -9.36263295	         20.16605370	        104.00514997	         64.94013832	        -12.28164806	         11.47528518	        -39.67821479	        -10.70310027	        -15.75629544	         44.77887156	         77.79952679	         -0.83238294	         18.93688367	
          0.08765414	          7.73275927	          0.66330601	        -11.05659923	         -1.55796276	          0.98234846	          0.30964724	          9.57617515	         -1.64951043	          0.95597278	        -35.95117289	         16.84438202	         -5.87650614	         -4.24490795	         38.82873180	         -8.85297452	        -20.13078887	       -142.29182832	         -9.10142262	        -14.37474132	         12.28142405	        -26.21252068	         -3.03833429	         -3.47561427	         12.32002060	         -9.12659910	         20.36311951	        104.14448569	         64.84935155	        -12.35549770	         11.56022269	        -40.24833773	        -10.58858621	        -16.08491724	         44.62195045	         78.10116006	         -0.75865783	         19.07747611	
          0.08767677	          7.73142383	          0.66622567	        -11.06441996	         -1.55774019	          0.98233068	          0.30965908	          9.56729115	         -1.65408176	          0.95954613	        -35.95711943	         16.86231983	         -5.87363728	         -4.24426071	         38.84706920	         -8.85788302	        -20.13465737	       -142.29165272	         -9.09877196	        -14.37867677	         12.28036942	        -26.20649930	         -3.04558058	         -3.46892828	         12.33815626	         -9.11988115	         20.36840824	        104.14852810	         64.84689595	        -12.35754415	         11.56258671	        -40.26448719	        -10.58537514	        -16.09413596	         44.61765206	         78.10955670	         -0.75657835	         19.08137001	
          0.08802408	          7.71041582	          0.71103743	        -11.18467142	         -1.55432454	          0.98205830	          0.30984017	          9.43159526	         -1.72448602	          1.01509246	        -36.04805384	         17.13423133	         -5.83089922	         -4.23271650	         39.12904745	         -8.93336019	        -20.19335626	       -142.28759096	         -9.05788578	        -14.43840722	         12.26394699	        -26.11331150	         -3.15650300	         -3.36488363	         12.61539259	         -9.01676174	         20.44742606	        104.21111861	         64.81012447	        -12.38857513	         11.59851181	        -40.51190629	        -10.53641308	        -16.23475479	         44.55283993	         78.23711763	         -0.72478562	         19.14040324	
          0.08912145	          7.63786536	          0.85252123	        -11.56704180	         -1.54354100	          0.98120451	          0.31040459	          9.01084622	         -1.94958040	          1.19949671	        -36.33069626	         17.95051350	         -5.71238802	         -4.17661687	         40.02589069	         -9.17340134	        -20.37018970	       -142.25789367	         -8.92605097	        -14.61801857	         12.20926821	        -25.80970983	         -3.50312404	         -3.01902794	         13.47746744	         -8.69129166	         20.67116622	        104.41546688	         64.70554085	        -12.48191661	         11.70763523	        -41.28801285	        -10.38572587	        -16.66860706	         44.36270766	         78.62339974	         -0.62588226	         19.31789206	
          0.08991677	          7.57957199	          0.95491929	        -11.84626145	         -1.53573353	          0.98059293	          0.31080665	          8.71300817	         -2.11489802	          1.34197138	        -36.53054524	         18.50097505	         -5.64282750	         -4.11758129	         40.68114175	         -9.34870204	        -20.48981795	       -142.22037887	         -8.82773180	        -14.73854855	         12.16713533	        -25.58125049	         -3.75063462	         -2.75275479	         14.08950085	         -8.45620235	         20.80996552	        104.56973936	         64.64074591	        -12.54517982	         11.78275167	        -41.84552811	        -10.28020483	        -16.97411407	         44.23912780	         78.88719312	         -0.55558078	         19.43817960	
          0.08993939	          7.57784491	          0.95783027	        -11.85422868	         -1.53551151	          0.98057563	          0.31081801	          8.70461689	         -2.11962459	          1.34613715	        -36.53616360	         18.51612509	         -5.64105598	         -4.11567843	         40.69984450	         -9.35370396	        -20.49311286	       -142.21911521	         -8.82489793	        -14.74184867	         12.16590741	        -25.57465026	         -3.75763017	         -2.74499429	         14.10676062	         -8.44952883	         20.81364049	        104.57420335	         64.63903738	        -12.54692661	         11.78484197	        -41.86133221	        -10.27724683	        -16.98270649	         44.23579005	         78.89449680	         -0.55359667	         19.44150161	
          0.09028671	          7.55086386	          1.00249691	        -11.97668039	         -1.53210406	          0.98031071	          0.31099177	          8.57635805	         -2.19232521	          1.41087893	        -36.62191441	         18.74511696	         -5.61533149	         -4.08493015	         40.98734246	         -9.43057878	        -20.54292201	       -142.19835569	         -8.78113173	        -14.79156711	         12.14686205	        -25.47264968	         -3.86469092	         -2.62461344	         14.37066092	         -8.34721227	         20.86820693	        104.64324305	         64.61374571	        -12.57337559	         11.81661261	        -42.10354823	        -10.23214121	        -17.11395759	         44.18580520	         79.00520255	         -0.52324666	         19.49181017	
          0.09138408	          7.45991626	          1.14338522	        -12.36533623	         -1.52134563	          0.97948273	          0.31153419	          8.17752841	         -2.42362420	          1.62552668	        -36.88640690	         19.42438798	         -5.55260839	         -3.96895635	         41.90054159	         -9.67453559	        -20.69058937	       -142.11596959	         -8.63938954	        -14.93639776	         12.08435990	        -25.14208680	         -4.19896243	         -2.22919968	         15.19196699	         -8.02576376	         21.01873172	        104.86770544	         64.54533698	        -12.65250798	         11.91323841	        -42.86446212	        -10.09323837	        -17.52142230	         44.04350557	         79.33748068	         -0.42859707	         19.64248457	
          0.09217939	          7.38874046	          1.24522283	        -12.64847021	         -1.51355558	          0.97889193	          0.31192141	          7.89407501	         -2.59244241	          1.79104141	        -37.07142290	         19.87423852	         -5.52540293	         -3.86728292	         42.56661797	         -9.85219307	        -20.78805264	       -142.04033713	         -8.53312666	        -15.02873946	         12.03699832	        -24.89492503	         -4.43738288	         -1.92897612	         15.77575419	         -7.79499817	         21.10831583	        105.03630717	         64.50663941	        -12.70573310	         11.97989961	        -43.41215434	         -9.99587181	        -17.81087309	         43.95552470	         79.56144923	         -0.36108428	         19.74406219	
          0.09220202	          7.38665239	          1.24811626	        -12.65654068	         -1.51333404	          0.97887524	          0.31193236	          7.88607445	         -2.59725633	          1.79587607	        -37.07659863	         19.88651030	         -5.52485985	         -3.86417615	         42.58561610	         -9.85725599	        -20.79070423	       -142.03798994	         -8.53005750	        -15.03120117	         12.03562706	        -24.88780298	         -4.44411805	         -1.92027411	         15.79222626	         -7.78846495	         21.11063797	        105.04117580	         64.50567147	        -12.70719757	         11.98175682	        -43.42769357	         -9.99314103	        -17.81904651	         43.95321107	         79.56761179	         -0.35917582	         19.74686091	
          0.09254933	          7.35416693	          1.29250160	        -12.78050966	         -1.50993395	          0.97861997	          0.31209994	          7.76368142	         -2.67121397	          1.87096149	        -37.15541117	         20.07121999	         -5.51814584	         -3.81500274	         42.87756289	         -9.93501882	        -20.83054474	       -142.00060646	         -8.48261818	        -15.06780552	         12.01441864	        -24.77786122	         -4.54716715	         -1.78561855	         16.04414151	         -7.68842072	         21.14476729	        105.11640770	         64.49171783	        -12.72933860	         12.01000345	        -43.66594428	         -9.95148942	        -17.94413130	         43.91901952	         79.66075871	         -0.32995859	         19.78920424	
          0.09364671	          7.24624775	          1.43233491	        -13.17287829	         -1.49919723	          0.97782457	          0.31262392	          7.38169314	         -2.90546869	          2.11884660	        -37.39620010	         20.60955477	         -5.51719099	         -3.64130578	         43.80381708	        -10.18104352	        -20.94544327	       -141.86584975	         -8.32859323	        -15.16837824	         11.94553123	        -24.42300616	         -4.86852583	         -1.34748206	         16.82879037	         -7.37558539	         21.23478914	        105.36023973	         64.45836839	        -12.79524383	         12.09621084	        -44.41555210	         -9.82306303	        -18.33545716	         43.82739495	         79.93734704	         -0.23846916	         19.91564817	
          0.09444202	          7.16312237	          1.53322310	        -13.45731642	         -1.49142079	          0.97725927	          0.31299873	          7.10874019	         -3.07549391	          2.30842310	        -37.56233384	         20.95661086	         -5.53608271	         -3.49799681	         44.47847674	        -10.35929406	        -21.01778095	       -141.75248151	         -8.21289796	        -15.22624520	         11.89395460	        -24.15892312	         -5.09728202	         -1.01882820	         17.38701878	         -7.15237844	         21.28440450	        105.54275298	         64.44378878	        -12.83934538	         12.15607360	        -44.95618623	         -9.73284781	        -18.61648677	         43.77669211	         80.12120749	         -0.17275211	         20.00070851	
          0.09446465	          7.16069816	          1.53608698	        -13.46540339	         -1.49119961	          0.97724334	          0.31300934	          7.10101642	         -3.08033097	          2.31393650	        -37.56695132	         20.96595333	         -5.53686461	         -3.49370533	         44.49770897	        -10.36436069	        -21.01969914	       -141.74906418	         -8.20955503	        -15.22769940	         11.89246837	        -24.15132734	         -5.10373769	         -1.00935119	         17.40277472	         -7.14607601	         21.28563741	        105.54801642	         64.44348554	        -12.84055694	         12.15774736	        -44.97153837	         -9.73031480	        -18.62446187	         43.77544399	         80.12623658	         -0.17088770	         20.00305168	
          0.09481196	          7.12307905	          1.58000075	        -13.58947771	         -1.48780473	          0.97699970	          0.31317174	          6.98271857	         -3.15456629	          2.39939281	        -37.63704840	         21.10566863	         -5.55057928	         -3.42634139	         44.79318032	        -10.44208638	        -21.04815055	       -141.69527870	         -8.15787743	        -15.24865676	         11.86952909	        -24.03416633	         -5.20246388	         -0.86303818	         17.64377179	         -7.04968295	         21.30337965	        105.62930257	         64.43957824	        -12.85886343	         12.18324820	        -45.20701229	         -9.69165897	        -18.74679024	         43.75763996	         80.20204346	         -0.14229651	         20.03850403	
          0.09590933	          6.99925957	          1.71812204	        -13.98035347	         -1.47708156	          0.97624294	          0.31368027	          6.61177355	         -3.38874342	          2.67945506	        -37.84849428	         21.50147712	         -5.61528249	         -3.19510675	         45.72971921	        -10.68683192	        -21.12544320	       -141.50900370	         -7.99001655	        -15.29754984	         11.79559345	        -23.65714707	         -5.50976064	         -0.39101378	         18.39484240	         -6.74972466	         21.34572816	        105.89218999	         64.43603785	        -12.91323979	         12.26164569	        -45.94901752	         -9.57220608	        -19.13295812	         43.71818753	         80.42457033	         -0.05216605	         20.14443121	
          0.09670465	          6.90491557	          1.81755709	        -14.26194960	         -1.46931214	          0.97570744	          0.31404474	          6.34500998	         -3.55781177	          2.89173268	        -37.99164168	         21.74491342	         -5.68278476	         -3.01003538	         46.41102373	        -10.86303299	        -21.16898767	       -141.35859254	         -7.86388858	        -15.31586795	         11.74075684	        -23.37761426	         -5.72793958	         -0.04061266	         18.92959328	         -6.53711333	         21.36468396	        106.08844459	         64.44121149	        -12.94954625	         12.31666798	        -46.48524538	         -9.48803135	        -19.41358998	         43.70564967	         80.56995624	          0.01315558	         20.21581592	
          0.09672727	          6.90217603	          1.82037693	        -14.26993252	         -1.46909112	          0.97569237	          0.31405506	          6.33743917	         -3.56261089	          2.89788089	        -37.99558373	         21.75130512	         -5.68496042	         -3.00455487	         46.43043503	        -10.86802638	        -21.17006783	       -141.35412526	         -7.86024487	        -15.31617326	         11.73918272	        -23.36958652	         -5.73408942	         -0.03055252	         18.94469102	         -6.53112727	         21.36509220	        106.09409817	         64.44144659	        -12.95054313	         12.31821397	        -46.50048526	         -9.48566473	        -19.42159299	         43.70549044	         80.57390042	          0.01501608	         20.21778478	
          0.09707459	          6.85974351	          1.86359519	        -14.39223721	         -1.46569845	          0.97546222	          0.31421316	          6.22132254	         -3.63619210	          2.99297990	        -38.05516152	         21.84571447	         -5.72013146	         -2.91893201	         46.72858562	        -10.94451594	        -21.18552455	       -141.28425218	         -7.80392992	        -15.31934467	         11.71492800	        -23.24584769	         -5.82808545	          0.12445762	         19.17564602	         -6.43968998	         21.37050425	        106.18136781	         64.44563223	        -12.96560479	         12.34182171	        -46.73432331	         -9.44952697	        -19.54460882	         43.70441378	         80.63312837	          0.04359915	         20.24759450	
          0.09817196	          6.72105814	          1.99926890	        -14.77521754	         -1.45497854	          0.97474982	          0.31470884	          5.85511978	         -3.86745739	          3.30186897	        -38.23146448	         22.09836317	         -5.85319159	         -2.62990016	         47.67272945	        -11.18384662	        -21.22014872	       -141.04753836	         -7.62127967	        -15.31041243	         11.63724543	        -22.84870045	         -6.11997889	          0.62071605	         19.89565124	         -6.15654908	         21.37791750	        106.46310296	         64.46545835	        -13.01037469	         12.41506282	        -47.47218430	         -9.33761180	        -19.93593574	         43.71783182	         80.80430302	          0.13435390	         20.33697325	
          0.09896727	          6.61627614	          2.09667916	        -15.04867426	         -1.44720751	          0.97424804	          0.31506459	          5.58963053	         -4.03366569	          3.53297788	        -38.34728405	         22.23820261	         -5.97050726	         -2.40281862	         48.35872441	        -11.35452372	        -21.23124522	       -140.86098486	         -7.48445043	        -15.28556903	         11.58007654	        -22.55520671	         -6.32653324	          0.98545511	         20.40839513	         -5.95713956	         21.37533569	        106.67297025	         64.48534444	        -13.04036053	         12.46711188	        -48.00631101	         -9.25853803	        -20.22287205	         43.74344937	         80.91359611	          0.20075998	         20.39759152	
          0.09898990	          6.61324383	          2.09943824	        -15.05639476	         -1.44698639	          0.97423395	          0.31507467	          5.58206878	         -4.03837449	          3.53963400	        -38.35042555	         22.24164980	         -5.97410214	         -2.39614135	         48.37825903	        -11.35933947	        -21.23138354	       -140.85549463	         -7.48050321	        -15.28463247	         11.57844076	        -22.54678953	         -6.33234656	          0.99588279	         20.42287241	         -5.95154111	         21.37517751	        106.67901055	         64.48597013	        -13.04118562	         12.46858258	        -48.02150186	         -9.25631226	        -20.23108463	         43.74437276	         80.91652802	          0.20265918	         20.39926922	
          0.09933721	          6.56634630	          2.14170203	        -15.17445720	         -1.44359189	          0.97401895	          0.31522912	          5.46590253	         -4.11050703	          3.64233645	        -38.39755467	         22.29088000	         -6.03107236	         -2.29213691	         48.67823239	        -11.43295997	        -21.23225302	       -140.76995590	         -7.41953595	        -15.26864414	         11.55327199	        -22.41712623	         -6.42113687	          1.15625441	         20.64434257	         -5.86613725	         21.37221630	        106.77221279	         64.49595734	        -13.05366604	         12.49109912	        -48.25466194	         -9.22230677	        -20.35752698	         43.75989433	         80.96031846	          0.23189068	         20.42471478	
          0.10043458	          6.41391369	          2.27409161	        -15.54138855	         -1.43286182	          0.97335603	          0.31571382	          5.09721206	         -4.33643144	          3.97285593	        -38.53254843	         22.40102182	         -6.23317649	         -1.94489885	         49.62726705	        -11.66146552	        -21.21919066	       -140.48419775	         -7.22227231	        -15.19798913	         11.47310415	        -22.00192409	         -6.69608793	          1.66599223	         21.33486176	         -5.60308807	         21.35713949	        107.07264586	         64.53172257	        -13.09096770	         12.56168636	        -48.99129960	         -9.11676264	        -20.76225643	         43.82550600	         81.08396283	          0.32536445	         20.50159954	
          0.10122990	          6.29954975	          2.36889794	        -15.80065729	         -1.42507926	          0.97289158	          0.31606203	          4.82767135	         -4.49811547	          4.21717109	        -38.61657174	         22.43788321	         -6.40053423	         -1.67569713	         50.31594866	        -11.82252768	        -21.19433795	       -140.26253711	         -7.07504169	        -15.12747454	         11.41454299	        -21.69601505	         -6.88994076	          2.03716295	         21.82668469	         -5.41917680	         21.34201491	        107.29601494	         64.56096888	        -13.11618700	         12.61251879	        -49.52537525	         -9.04196275	        -21.06112600	         43.88865297	         81.15998979	          0.39434428	         20.55435005	
          0.10125253	          6.29625031	          2.37158081	        -15.80794182	         -1.42485776	          0.97287857	          0.31607190	          4.81996598	         -4.50268895	          4.22416859	        -38.61878620	         22.43840595	         -6.40554968	         -1.66782608	         50.33554850	        -11.82704617	        -21.19343901	       -140.25605362	         -7.07080305	        -15.12523088	         11.41287316	        -21.68725368	         -6.89538848	          2.04773153	         21.84057213	         -5.41402999	         21.34154590	        107.30243865	         64.56183550	        -13.11688429	         12.61396263	        -49.54057419	         -9.03985442	        -21.06970084	         43.89063919	         81.16198978	          0.39632345	         20.55581766	
          0.10159984	          6.24529389	          2.41266283	        -15.91908346	         -1.42145706	          0.97268023	          0.31622309	          4.70139518	         -4.57270514	          4.33185481	        -38.65153092	         22.44278866	         -6.48429009	         -1.54554535	         50.63644200	        -11.89593000	        -21.17829734	       -140.15530754	         -7.00540353	        -15.08914190	         11.38722272	        -21.55237340	         -6.97854134	          2.20996940	         22.05302428	         -5.33562966	         21.33413212	        107.40152083	         64.57535219	        -13.12745664	         12.63611628	        -49.77392117	         -9.00762338	        -21.20184131	         43.92243590	         81.19157564	          0.42682636	         20.57812997	
          0.10269721	          6.08060312	          2.54121357	        -16.26126600	         -1.41070280	          0.97207116	          0.31669736	          4.32259047	         -4.79155589	          4.67468664	        -38.73919935	         22.41186330	         -6.75452459	         -1.14141209	         51.58733964	        -12.10719233	        -21.11372021	       -139.82199299	         -6.79478988	        -14.95478034	         11.30607532	        -21.12155920	         -7.23543219	          2.72187170	         22.71548523	         -5.09552838	         21.30890609	        107.72045849	         64.62029392	        -13.15938191	         12.70610339	        -50.51187432	         -8.90734115	        -21.62596071	         44.03890328	         81.27157570	          0.52481265	         20.64618694	
          0.10349253	          5.95793412	          2.63317087	        -16.49981435	         -1.40289829	          0.97164682	          0.31703771	          4.04329250	         -4.94782161	          4.92445556	        -38.78716212	         22.34716615	         -6.97047320	         -0.83197946	         52.27634462	        -12.25349162	        -21.05078753	       -139.56634178	         -6.63861893	        -14.83810631	         11.24734712	        -20.80520443	         -7.41600967	          3.09101312	         23.18737658	         -4.92898479	         21.29013762	        107.95716336	         64.65439888	        -13.18131705	         12.75697009	        -51.04755284	         -8.83603187	        -21.93996072	         44.13830563	         81.31714366	          0.59749823	         20.69351268	
          0.10351515	          5.95440558	          2.63577192	        -16.50647510	         -1.40267611	          0.97163497	          0.31704735	          4.03527965	         -4.95223747	          4.93156526	        -38.78832904	         22.34480807	         -6.97686111	         -0.82297649	         52.29594098	        -12.25756210	        -21.04879628	       -139.55889714	         -6.63413515	        -14.83454988	         11.24567925	        -20.79615663	         -7.42107749	          3.10147966	         23.20070192	         -4.92434108	         21.28961057	        107.96396554	         64.65538183	        -13.18192843	         12.75842060	        -51.06280530	         -8.83401888	        -21.94897890	         44.14131580	         81.31829151	          0.59958813	         20.69483786	
          0.10386247	          5.89998239	          2.67559254	        -16.60780356	         -1.39926462	          0.97145443	          0.31719503	          3.91178141	         -5.01981004	          5.04067523	        -38.80484392	         22.30502887	         -7.07660019	         -0.68340851	         52.59669308	        -12.31937446	        -21.01682540	       -139.44343801	         -6.56503664	        -14.77831284	         11.22010561	        -20.65695427	         -7.49838358	          3.26184338	         23.40456022	         -4.85372563	         21.28162249	        108.06885064	         64.67053193	        -13.19123417	         12.78071617	        -51.29702896	         -8.80322384	        -22.08801425	         44.18877813	         81.33489706	          0.63182749	         20.71504640	
          0.10495984	          5.72497712	          2.80012136	        -16.91605020	         -1.38847169	          0.97090269	          0.31765774	          3.51486756	         -5.23068937	          5.38426853	        -38.83943168	         22.13532431	         -7.41224900	         -0.22591182	         53.54604463	        -12.50584541	        -20.89841320	       -139.06413801	         -6.34357200	        -14.58046123	         11.13980566	        -20.21343229	         -7.73665471	          3.76401084	         24.04031634	         -4.63897585	         21.25847087	        108.40603496	         64.71882829	        -13.21979145	         12.85160298	        -52.03841128	         -8.70712925	        -22.53491696	         44.35409658	         81.37509709	          0.73571957	         20.77743844	
          0.10575515	          5.59552208	          2.88923173	        -17.12724808	         -1.38063507	          0.97052068	          0.31798885	          3.22010338	         -5.38110133	          5.63084802	        -38.84739307	         21.97086372	         -7.67443286	          0.12039971	         54.23283930	        -12.63168517	        -20.79619901	       -138.77563475	         -6.18049442	        -14.41838811	         11.08236721	        -19.88886302	         -7.90374857	          4.12241815	         24.49336339	         -4.49146806	         21.24483291	        108.65585205	         64.75389119	        -13.23985287	         12.90342472	        -52.57713289	         -8.63848885	        -22.86601214	         44.48827749	         81.39289691	          0.81296424	         20.82146365	
          0.10577778	          5.59180992	          2.89175382	        -17.13309716	         -1.38041193	          0.97051004	          0.31799821	          3.21162256	         -5.38535159	          5.63781873	        -38.84740523	         21.96567862	         -7.68211837	          0.13042277	         54.25235884	        -12.63514100	        -20.79309120	       -138.76726133	         -6.17582783	        -14.41355295	         11.08074551	        -19.87959487	         -7.90843467	          4.13253340	         24.50615987	         -4.48737342	         21.24449565	        108.66302555	         64.75488609	        -13.24041751	         12.90490466	        -52.59247799	         -8.63654689	        -22.87551959	         44.49226924	         81.39326715	          0.81518589	         20.82270334	
          0.10612509	          5.53463770	          2.93038146	        -17.22173462	         -1.37698537	          0.97034814	          0.31814149	          3.08075013	         -5.45039671	          5.74445084	        -38.84608689	         21.88258714	         -7.80163795	          0.28541756	         54.55183281	        -12.68728396	        -20.74400569	       -138.63758580	         -6.10402614	        -14.33779884	         11.05595153	        -19.73710741	         -7.97990171	          4.28718327	         24.70195463	         -4.42523584	         21.23972198	        108.77359738	         64.77012537	        -13.24904975	         12.92766157	        -52.82816241	         -8.60680644	        -23.02206756	         44.55474389	         81.39801845	          0.84945581	         20.84165184	
          0.10722246	          5.35184428	          3.05142559	        -17.48703611	         -1.36614105	          0.96985567	          0.31858847	          2.65821696	         -5.65354532	          6.07587352	        -38.82308723	         21.57710039	         -8.19795121	          0.78851322	         55.49590264	        -12.84023102	        -20.57199475	       -138.21386713	         -5.87536901	        -14.07987268	         10.97903704	        -19.28445181	         -8.20004683	          4.76730188	         25.31294546	         -4.23785827	         21.23041061	        109.12857288	         64.81765440	        -13.27600427	         13.00006414	        -53.57460604	         -8.51358715	        -23.49256286	         44.76680938	         81.40174309	          0.95980955	         20.90064564	
          0.10801778	          5.21760607	          3.13829182	        -17.66440961	         -1.35826362	          0.96951695	          0.31890643	          2.34269020	         -5.79861412	          6.30948918	        -38.78815282	         21.31525620	         -8.50232887	          1.16482238	         56.17768390	        -12.93893400	        -20.43142696	       -137.89364566	         -5.70837678	        -13.87582109	         10.92493863	        -18.95445632	         -8.35432685	          5.10592949	         25.74872938	         -4.11073856	         21.23029418	        109.39111337	         64.85119126	        -13.29539907	         13.05302599	        -54.11741177	         -8.44659322	        -23.84058011	         44.93421749	         81.39402924	          1.04176788	         20.94274772	
          0.10804040	          5.21376842	          3.14075353	        -17.66926320	         -1.35803928	          0.96950754	          0.31891540	          2.33359170	         -5.80271557	          6.31604013	        -38.78693037	         21.30731318	         -8.51119297	          1.17566135	         56.19704623	        -12.94158288	        -20.42723406	       -137.88437571	         -5.70361478	        -13.86981085	         10.92342286	        -18.94504847	         -8.35865238	          5.11543530	         25.76104316	         -4.10723072	         21.23038451	        109.39864675	         64.85213083	        -13.29595083	         13.05453887	        -54.13287817	         -8.44469272	        -23.85056681	         44.93914652	         81.39368496	          1.04412400	         20.94393934	
          0.10838772	          5.15474344	          3.17847980	        -17.74239243	         -1.35459393	          0.96936464	          0.31905244	          2.19305541	         -5.86550029	          6.41587569	        -38.76656684	         21.18197481	         -8.64864796	          1.34291314	         56.49400630	        -12.98109654	        -20.36154117	       -137.74097855	         -5.63046018	        -13.77616172	         10.90033094	        -18.80051858	         -8.42461442	          5.26040765	         25.94948848	         -4.05414595	         21.23246807	        109.51472749	         64.86644082	        -13.30442704	         13.07780315	        -54.37045798	         -8.41555049	        -24.00445296	         45.01595190	         81.38754487	          1.08045889	         20.96219388	
          0.10948509	          4.96700158	          3.29705116	        -17.95600359	         -1.34368688	          0.96893231	          0.31947747	          1.73792596	         -6.06187291	          6.72147967	        -38.68244432	         20.74408134	         -9.09951194	          1.88116081	         57.42890505	        -13.09114387	        -20.13793020	       -137.27439476	         -5.39893782	        -13.46382258	         10.82975303	        -18.34267281	         -8.62782450	          5.70604043	         26.53805947	         -3.89587442	         21.24826998	        109.88689719	         64.91016463	        -13.33137990	         13.15175375	        -55.12321582	         -8.32371364	        -24.49777783	         45.27256889	         81.35771587	          1.19727163	         21.01945776	
          0.11028040	          4.83003511	          3.38256908	        -18.09353025	         -1.33576123	          0.96863703	          0.31977691	          1.39709431	         -6.20248100	          6.93228006	        -38.60261529	         20.38729550	         -9.44113516	          2.27914881	         58.10289621	        -13.15590547	        -19.96118789	       -136.92356129	         -5.23125420	        -13.22289454	         10.78118527	        -18.01012197	         -8.77039791	          6.01606688	         26.95844398	         -3.79024143	         21.26937250	        110.16166246	         64.94028789	        -13.35120671	         13.20567553	        -55.67078186	         -8.25718729	        -24.86181374	         45.47152938	         81.32637503	          1.28374052	         21.06062789	
          0.11030303	          4.82613037	          3.38499880	        -18.09722270	         -1.33553549	          0.96862885	          0.31978531	          1.38725816	         -6.20646216	          6.93813171	        -38.60011147	         20.37666395	         -9.45102780	          2.29055362	         58.12202310	        -13.15755364	        -19.95598501	       -136.91342591	         -5.22649005	        -13.21587230	         10.77983867	        -18.00065632	         -8.77439874	          6.02471574	         26.97033103	         -3.78734880	         21.27010093	        110.16954035	         64.94112405	        -13.35177574	         13.20721257	        -55.68638465	         -8.25529298	        -24.87224770	         45.47734653	         81.32536575	          1.28622173	         21.06179572	
          0.11065034	          4.76614867	          3.42228079	        -18.15234174	         -1.33206844	          0.96850481	          0.31991343	          1.23528302	         -6.26744912	          7.02688484	        -38.56005850	         20.21014328	         -9.60404743	          2.46612641	         58.41527378	        -13.18146262	        -19.87493270	       -136.75678218	         -5.15342542	        -13.10696142	         10.75942644	        -17.85534290	         -8.83543829	          6.15623626	         27.15230729	         -3.74373255	         21.28221141	        110.29088552	         64.95380786	        -13.36055065	         13.23082294	        -55.92606106	         -8.22619483	        -25.03293538	         45.56771733	         81.30906454	          1.32445126	         21.07970077	
          0.11174772	          4.57628555	          3.54002431	        -18.30674747	         -1.32109046	          0.96813156	          0.32030697	          0.74258473	         -6.45874290	          7.29317803	        -38.41347396	         19.64320121	        -10.10133219	          3.02616654	         59.33727631	        -13.23919761	        -19.60456750	       -136.24880987	         -4.92370431	        -12.74976373	         10.69833800	        -17.39630040	         -9.02385541	          6.55569553	         27.72144258	         -3.61568530	         21.33255733	        110.67939542	         64.99191271	        -13.38886229	         13.30556045	        -56.68548234	         -8.13386978	        -25.54696133	         45.86636439	         81.24770390	          1.44693629	         21.13605376	
          0.11254303	          4.43863056	          3.62549112	        -18.39919733	         -1.31311118	          0.96787863	          0.32058044	          0.37319310	         -6.59624143	          7.47142374	        -38.28815299	         19.19390049	        -10.47396910	          3.43568488	         60.00080889	        -13.26320313	        -19.39564166	       -135.86842097	         -4.75876472	        -12.47953594	         10.65761089	        -17.06408774	         -9.15643239	          6.82879060	         28.12869293	         -3.53224528	         21.38139225	        110.96572582	         65.01750707	        -13.41006740	         13.35976015	        -57.23790606	         -8.06639301	        -25.92524949	         46.09498776	         81.19404928	          1.53721733	         21.17674541	
          0.11256566	          4.43471603	          3.62792632	        -18.40158218	         -1.31288389	          0.96787165	          0.32058806	          0.36253007	         -6.60014117	          7.47630047	        -38.28435363	         19.18064901	        -10.48471069	          3.44736599	         60.01962498	        -13.26365802	        -19.38954550	       -135.85745008	         -4.75409617	        -12.47172131	         10.65649849	        -17.05464574	         -9.16015801	          6.83634779	         28.14021789	         -3.52998721	         21.38294087	        110.97392942	         65.01820878	        -13.41068043	         13.36130140	        -57.25364661	         -8.06446425	        -25.93607954	         46.10163818	         81.19241129	          1.53980325	         21.17790168	
          0.11291297	          4.37464549	          3.66534247	        -18.43646966	         -1.30939285	          0.96776593	          0.32070394	          0.19778329	         -6.65992772	          7.54976231	        -38.22441924	         18.97399236	        -10.65051934	          3.62682790	         60.30801691	        -13.26902744	        -19.29495069	       -135.68801727	         -4.68261908	        -12.35094991	         10.63975135	        -16.90978481	         -9.21703943	          6.95084354	         28.31671520	         -3.49612983	         21.40783832	        111.10025223	         65.02878981	        -13.42016347	         13.38494936	        -57.49542689	         -8.03478512	        -26.10278067	         46.20471756	         81.16649632	          1.57961377	         21.19564185	
          0.11401034	          4.18515602	          3.78415739	        -18.52521754	         -1.29833731	          0.96744966	          0.32105509	         -0.33591614	         -6.84804146	          7.76391316	        -38.01531236	         18.28116335	        -11.18505199	          4.19492320	         61.21364978	        -13.26562628	        -18.98411526	       -135.14006627	         -4.45937066	        -11.96028758	         10.59099393	        -16.45314699	         -9.39318189	          7.29347549	         28.86949423	         -3.39908474	         21.50070221	        111.50423369	         65.05977127	        -13.45110840	         13.45945589	        -58.26123479	         -7.93996840	        -26.63496134	         46.54237371	         81.07513254	          1.70675774	         21.25159959	
          0.11480566	          4.04824964	          3.87105708	        -18.56876415	         -1.29030044	          0.96723687	          0.32129405	         -0.73518614	         -6.98382372	          7.90100519	        -37.84527579	         17.74142255	        -11.58144950	          4.60641467	         61.86444374	        -13.24315505	        -18.74837563	       -134.73109025	         -4.30047032	        -11.66998957	         10.55975867	        -16.12342645	         -9.51774247	          7.52287142	         29.26576883	         -3.33819197	         21.58192771	        111.80155594	         65.07974863	        -13.47458669	         13.51313100	        -58.81786555	         -7.87004635	        -27.02557171	         46.79799951	         80.99997021	          1.80008300	         21.29208477	
          0.11482828	          4.04436134	          3.87354138	        -18.56974368	         -1.29007149	          0.96723101	          0.32130065	         -0.74669823	         -6.98768192	          7.90467154	        -37.84021372	         17.72560734	        -11.59282575	          4.61810541	         61.88288727	        -13.24226276	        -18.74154965	       -134.71931070	         -4.29598993	        -11.66165785	         10.55892209	        -16.11406341	         -9.52125123	          7.52915691	         29.27699215	         -3.33657579	         21.58441436	        111.81006968	         65.08028496	        -13.47526880	         13.51465277	        -58.83371947	         -7.86804005	        -27.03674183	         46.80540133	         80.99772248	          1.80275137	         21.29323589	
          0.11517560	          3.98472749	          3.91176931	        -18.58296231	         -1.28655498	          0.96714247	          0.32140039	         -0.92447089	         -7.04688123	          7.95927958	        -37.76096245	         17.47966120	        -11.76808960	          4.79739247	         62.16549001	        -13.22677983	        -18.63598158	       -134.53749695	         -4.22751453	        -11.53332372	         10.54644888	        -15.97047015	         -9.57488182	          7.62393463	         29.44893289	         -3.31257439	         21.62382477	        111.94113525	         65.08828862	        -13.48584286	         13.53797005	        -59.07719573	         -7.83711536	        -27.20859030	         46.91989794	         80.96246279	          1.84379831	         21.31090202	
          0.11627297	          3.79703732	          4.03386432	        -18.60204864	         -1.27541768	          0.96687911	          0.32169643	         -1.49923537	         -7.23376273	          8.11047570	        -37.49163531	         16.66348350	        -12.32895440	          5.36095516	         63.05196356	        -13.15536231	        -18.29330831	       -133.95082305	         -4.01514980	        -11.12338900	         10.51168745	        -15.51852395	         -9.74171385	          7.90183322	         29.98822315	         -3.24670592	         21.76395096	        112.35988198	         65.11064814	        -13.52061264	         13.61104131	        -59.84781715	         -7.73768051	        -27.75613560	         47.29218520	         80.84175566	          1.97449166	         21.36668748	
          0.11706828	          3.66176616	          4.12381966	        -18.59410094	         -1.26732048	          0.96670330	          0.32189157	         -1.92801030	         -7.36922155	          8.19886899	        -37.27883156	         16.03510038	        -12.74100968	          5.76546947	         63.68808695	        -13.08171595	        -18.03724592	       -133.51415049	         -3.86545230	        -10.82356334	         10.49097297	        -15.19277346	         -9.86044126	          8.08217532	         30.37554725	         -3.20841790	         21.88058920	        112.66771953	         65.12389483	        -13.54721925	         13.66331538	        -60.40736666	         -7.66378225	        -28.15701096	         47.57147337	         80.74548522	          2.07006278	         21.40710726	
          0.11709091	          3.65792670	          4.12639922	        -18.59360647	         -1.26708980	          0.96669848	          0.32189687	         -1.94035419	         -7.37307697	          8.20111579	        -37.27256631	         16.01677271	        -12.75278762	          5.77691859	         63.70610449	        -13.07934837	        -18.02987721	       -133.50158729	         -3.86124952	        -10.81501648	         10.49043799	        -15.18352823	         -9.86379537	          8.08704343	         30.38652511	         -3.20744429	         21.88409296	        112.67653073	         65.12423303	        -13.54799468	         13.66479312	        -60.42329524	         -7.66165559	        -28.16846197	         47.57952897	         80.74263855	          2.07279135	         21.40825728	
          0.11743822	          3.59904998	          4.16614699	        -18.58415310	         -1.26354672	          0.96662566	          0.32197641	         -2.13082040	         -7.43227547	          8.23371506	        -37.17495372	         15.73232583	        -12.93390546	          5.95220862	         63.98211325	        -13.04110368	        -17.91623206	       -133.30777345	         -3.79714351	        -10.68377459	         10.48259856	        -15.04176668	         -9.91513076	          8.15993474	         30.55475718	         -3.19329977	         21.93916037	        112.81215384	         65.12914569	        -13.56003088	         13.68740669	        -60.66785275	         -7.62883552	        -28.34454254	         47.70391795	         80.69819396	          2.11473854	         21.42591179	
          0.11853559	          3.41371111	          4.29375461	        -18.53129257	         -1.25232495	          0.96641012	          0.32220459	         -2.74443426	         -7.61962612	          8.31295375	        -36.84914591	         14.79531821	        -13.50929325	          6.49975846	         64.84715266	        -12.89661896	        -17.55129330	       -132.68352428	         -3.59988838	        -10.26962293	         10.46235270	        -14.59573325	        -10.07568648	          8.36742101	         31.08298493	         -3.15844425	         22.12895259	        113.24523869	         65.14107113	        -13.59978223	         13.75793183	        -61.44098691	         -7.52285936	        -28.90444432	         48.10556204	         80.54854837	          2.24800566	         21.48172847	
          0.11933091	          3.27997803	          4.38837848	        -18.47114926	         -1.24416622	          0.96626705	          0.32234673	         -3.19984949	         -7.75583107	          8.34716650	        -36.59706325	         14.08014703	        -13.92798241	          6.88961936	         65.46724628	        -12.76919765	        -17.28230098	       -132.21992681	         -3.46235335	         -9.97155649	         10.45186875	        -14.27423198	        -10.19079547	          8.49585947	         31.46284400	         -3.14246250	         22.28143790	        113.56345275	         65.14606949	        -13.63033834	         13.80807292	        -62.00140053	         -7.44373151	        -29.31327891	         48.40419726	         80.43135525	          2.34520905	         21.52223708	
          0.11935354	          3.27618000	          4.39109913	        -18.46916976	         -1.24393379	          0.96626313	          0.32235048	         -3.21293192	         -7.75971261	          8.34784754	        -36.58970134	         14.05935993	        -13.93990097	          6.90061450	         65.48480185	        -12.76529074	        -17.27460411	       -132.20660136	         -3.45851144	         -9.96311909	         10.45162088	        -14.26510685	        -10.19405809	          8.49924095	         31.47361613	         -3.14212130	         22.28595891	        113.57255908	         65.14616447	        -13.63123029	         13.80948647	        -62.01734170	         -7.44145015	        -29.32494403	         48.41277927	         80.42791389	          2.34798125	         21.52339045	
          0.11970085	          3.21792305	          4.43307013	        -18.43692047	         -1.24036377	          0.96620408	          0.32240583	         -3.41460033	         -7.81934613	          8.35624327	        -36.47539931	         13.73722756	        -14.12284323	          7.06867823	         65.75367832	        -12.70335146	        -17.15619726	       -132.00111292	         -3.40004761	         -9.83397010	         10.44816116	        -14.12518325	        -10.24406851	          8.54924305	         31.63873611	         -3.13766899	         22.35662327	        113.71271171	         65.14728434	        -13.64508398	         13.83109067	        -62.26200928	         -7.40621414	        -29.50422578	         48.54508202	         80.37434474	          2.39057859	         21.54110199	
          0.12079822	          3.03432511	          4.56839845	        -18.31206721	         -1.22905667	          0.96602995	          0.32255363	         -4.06190189	         -8.00846906	          8.35698982	        -36.09867661	         12.68201269	        -14.69986808	          7.59020283	         66.59568735	        -12.48325277	        -16.77960050	       -131.34029563	         -3.22187959	         -9.43150283	         10.44138076	        -13.68487287	        -10.40140915	          8.68361274	         32.15768724	         -3.13323688	         22.59541406	        114.16010834	         65.14648965	        -13.69093060	         13.89813247	        -63.03445383	         -7.29211230	        -30.07317407	         48.96966769	         80.19592546	          2.52566185	         21.59716832	
          0.12159354	          2.90155347	          4.66921199	        -18.19999567	         -1.22083626	          0.96591489	          0.32263405	         -4.53985791	         -8.14622079	          8.33275388	        -35.81160436	         11.88219012	        -15.11579483	          7.95809264	         67.19868424	        -12.30064785	        -16.50530641	       -130.85048719	         -3.09931561	         -9.14662217	         10.44011914	        -13.36735434	        -10.51506141	          8.75862327	         32.53128760	         -3.13905190	         22.78282338	        114.48873533	         65.14155131	        -13.72622047	         13.94549757	        -63.59332833	         -7.20671004	        -30.48748434	         49.28293697	         80.05797725	          2.62396986	         21.63792055	
          0.12161616	          2.89777787	          4.67211516	        -18.19654473	         -1.22060208	          0.96591175	          0.32263600	         -4.55355524	         -8.15014805	          8.33175753	        -35.80327294	         11.85900986	        -15.12758586	          7.96842346	         67.21574928	        -12.29517059	        -16.49749650	       -130.83641950	         -3.09591283	         -9.13861663	         10.44012464	        -13.35833937	        -10.51829268	          8.76048356	         32.54188654	         -3.13932688	         22.78832654	        114.49813893	         65.14135453	        -13.72725074	         13.94682942	        -63.60921223	         -7.20424651	        -30.49929109	         49.29191036	         80.05394722	          2.62677107	         21.63908157	
          0.12196348	          2.83982577	          4.71692877	        -18.14176175	         -1.21700529	          0.96586435	          0.32266356	         -4.76446527	         -8.21048882	          8.31432407	        -35.67427918	         11.50025854	        -15.30822902	          8.12601316	         67.47707092	        -12.20914186	        -16.37761309	       -130.61956074	         -3.04427827	         -9.01648481	         10.44048161	        -13.22008017	        -10.56788930	          8.78714473	         32.70437848	         -3.14430228	         22.87396985	        114.64286402	         65.13793182	        -13.74325182	         13.96716207	        -63.85290392	         -7.16619341	        -30.68064464	         49.43004573	         79.99135703	          2.66979781	         21.65691554	
          0.12306085	          2.65664104	          4.86169788	        -17.94651150	         -1.20561468	          0.96572478	          0.32272063	         -5.43836166	         -8.40183580	          8.23269868	        -35.25361047	         10.33091008	        -15.87375614	          8.61097624	         68.29494343	        -11.91334335	        -15.99949502	       -129.92309725	         -2.88874022	         -8.64091402	         10.44474037	        -12.78464302	        -10.72472078	          8.84809894	         33.21535675	         -3.16923638	         23.15867304	        115.10485057	         65.12198217	        -13.79616986	         14.02999055	        -64.62103533	         -7.04298900	        -31.25483475	         49.87087621	         79.78465102	          2.80605080	         21.71342653	
          0.12385616	          2.52362266	          4.96977267	        -17.78423525	         -1.19733484	          0.96563258	          0.32273261	         -5.93305403	         -8.54115993	          8.14813091	        -34.93708483	          9.44990864	        -16.27732261	          8.94905577	         68.88021108	        -11.67635127	        -15.72706604	       -129.40771680	         -2.78356130	         -8.37998787	         10.45046418	        -12.47026847	        -10.83874948	          8.87029882	         33.58347657	         -3.19591827	         23.37793197	        115.44419743	         65.10529386	        -13.83685196	         14.07412326	        -65.17560245	         -6.95081915	        -31.67168861	         50.19383652	         79.62641885	          2.90503270	         21.75455512	
          0.12387879	          2.51983331	          4.97288757	        -17.77936606	         -1.19709899	          0.96563006	          0.32273258	         -5.94719628	         -8.54513144	          8.14541040	        -34.92794495	          9.42443783	        -16.28871248	          8.95849777	         68.89676883	        -11.66933261	        -15.71934568	       -129.39292482	         -2.78066521	         -8.37271866	         10.45065592	        -12.46133817	        -10.84200062	          8.87066159	         33.59392325	         -3.19678177	         23.38432369	        115.45390780	         65.10475337	        -13.83803891	         14.07536095	        -65.19134927	         -6.94816099	        -31.68355228	         50.20306001	         79.62181442	          2.90785094	         21.75572751	
          0.12422610	          2.46162346	          5.02098627	        -17.70288336	         -1.19347656	          0.96559206	          0.32272952	         -6.16471845	         -8.60614709	          8.10145916	        -34.78674659	          9.03065936	        -16.46285446	          9.10216016	         69.15028352	        -11.55968553	        -15.60108896	       -129.16497061	         -2.73689178	         -8.26226909	         10.45378429	        -12.32434555	        -10.89196539	          8.87437090	         33.75410321	         -3.21075532	         23.48348386	        115.60335435	         65.09598970	        -13.85646786	         14.09423317	        -65.43283592	         -6.90710618	        -31.86567233	         50.34485693	         79.55042605	          2.95112433	         21.77374059	
          0.12532347	          2.27702787	          5.17645430	        -17.44010200	         -1.18200648	          0.96547991	          0.32268748	         -6.85673412	         -8.79943789	          7.93577916	        -34.33015683	          7.75256387	        -17.00368621	          9.53941117	         69.94325594	        -11.19005778	        -15.23102765	       -128.43372109	         -2.60711670	         -7.92805137	         10.46562119	        -11.89251500	        -11.05065389	          8.86346216	         34.25806805	         -3.26363297	         23.80926549	        116.08042028	         65.06243271	        -13.91731052	         14.15227972	        -66.19274115	         -6.77429610	        -32.44094624	         50.79511319	         79.31622118	          3.08797007	         21.83086134	
          0.12611879	          2.14239023	          5.29240606	        -17.23011551	         -1.17367113	          0.96540556	          0.32262610	         -7.36178168	         -8.93977511	          7.79062332	        -33.99027579	          6.79502405	        -17.38554021	          9.83906806	         70.51027844	        -10.90074537	        -14.96689916	       -127.89337928	         -2.52132310	         -7.70093354	         10.47555848	        -11.58039961	        -11.16655245	          8.83455082	         34.62134959	         -3.31003305	         24.05656206	        116.43086023	         65.03240013	        -13.96393551	         14.19281813	        -66.74012942	         -6.67513444	        -32.85729239	         51.12294417	         79.13844960	          3.18719927	         21.87245402	
          0.12614141	          2.13854716	          5.29574467	        -17.22390680	         -1.17343373	          0.96540352	          0.32262398	         -7.37618287	         -8.94376829	          7.78618934	        -33.98050619	          6.76740845	        -17.39626684	          9.84736630	         70.52631492	        -10.89225736	        -14.95944195	       -127.87788015	         -2.51898555	         -7.69466935	         10.47585269	        -11.57152943	        -11.16986181	          8.83347511	         34.63166130	         -3.31145021	         24.06372815	        116.44088833	         65.03147400	        -13.96529356	         14.19395231	        -66.75565682	         -6.67227790	        -32.86912548	         51.13228291	         79.13329519	          3.19002225	         21.87363969	
          0.12648873	          2.07945825	          5.34726726	        -17.12699675	         -1.16978779	          0.96537278	          0.32258864	         -7.59742632	         -9.00505816	          7.71603122	        -33.82988974	          6.34095287	        -17.55991726	          9.97310685	         70.77181363	        -10.76020646	        -14.84539964	       -127.63909159	         -2.48382794	         -7.59993108	         10.48042652	        -11.43543184	        -11.22074959	          8.81522644	         34.78978659	         -3.33386871	         24.17460570	        116.59522738	         65.01675377	        -13.98636112	         14.21122804	        -66.99366903	         -6.62818501	        -33.05066310	         51.27568999	         79.05351003	          3.23335223	         21.89185615	
          0.12758610	          1.89141212	          5.51341847	        -16.80134348	         -1.15824650	          0.96528156	          0.32244404	         -8.29806353	         -9.19848074	          7.46875530	        -33.34661432	          4.96266518	        -18.06377289	         10.34920957	         71.53928242	        -10.32167601	        -14.49079398	       -126.87386153	         -2.38178552	         -7.31883954	         10.49524910	        -11.00608587	        -11.38270849	          8.73647383	         35.28747014	         -3.41276204	         24.53530951	        117.08794101	         64.96392586	        -14.05569043	         14.26413958	        -67.74128335	         -6.48586919	        -33.62270137	         51.72907790	         78.79334067	          3.37017720	         21.94961429	
          0.12838141	          1.75363519	          5.63698082	        -16.54738114	         -1.14986248	          0.96522047	          0.32230776	         -8.80638110	         -9.33821207	          7.26562084	        -32.99031199	          3.93542110	        -18.41519902	         10.60025054	         72.08765299	         -9.98422301	        -14.23989151	       -126.30913110	         -2.31657132	         -7.13352345	         10.50584769	        -10.69544651	        -11.50131037	          8.65985538	         35.64639860	         -3.47738218	         24.80592085	        117.44990103	         64.91950306	        -14.10860730	         14.30087071	        -68.27851702	         -6.37990776	        -34.03537892	         52.05732394	         78.59729091	          3.46920150	         21.99166345	
          0.12840404	          1.74969504	          5.64053379	        -16.53994150	         -1.14962373	          0.96521878	          0.32230350	         -8.82083864	         -9.34217887	          7.25955320	        -32.98011143	          3.90585955	        -18.42501594	         10.60711219	         72.10315664	         -9.97438848	        -14.23283448	       -126.29294103	         -2.31482458	         -7.12848765	         10.50614212	        -10.68661453	        -11.50470031	          8.65744114	         35.65658881	         -3.47930971	         24.81372560	        117.46025902	         64.91816292	        -14.11014595	         14.30189558	        -68.29374019	         -6.37685897	        -34.04709156	         52.06665202	         78.59162342	          3.47201628	         21.99286196	
          0.12875135	          1.68906354	          5.69532306	        -16.42428611	         -1.14595738	          0.96519332	          0.32223538	         -9.04269148	         -9.40299180	          7.16445383	        -32.82313638	          3.44981279	        -18.57440616	         10.71041912	         72.34045917	         -9.82184448	        -14.12508479	       -126.04356590	         -2.28876338	         -7.05285420	         10.51058829	        -10.55108025	        -11.55684362	          8.61878776	         35.81286379	         -3.50950361	         24.93423383	        117.61967566	         64.89706509	        -14.13399467	         14.31748763	        -68.52697588	         -6.32982508	        -34.22667206	         52.20974534	         78.50401505	          3.51520309	         22.01127343	
          0.12984873	          1.49552046	          5.87135127	        -16.04142073	         -1.13435543	          0.96511714	          0.32198775	         -9.74208336	         -9.59387184	          6.84048980	        -32.32303003	          1.98185007	        -19.02971457	         11.01074783	         73.08178412	         -9.32101094	        -13.79193112	       -125.24511666	         -2.21563930	         -6.83480082	         10.52335680	        -10.12328588	        -11.72287946	          8.47752105	         36.30485314	         -3.61218686	         25.32320462	        118.12858579	         64.82397608	        -14.21218338	         14.36502522	        -69.25818133	         -6.17836927	        -34.79124676	         52.66038476	         78.21985835	          3.65135116	         22.06960001	
          0.13064404	          1.35320300	          6.00143472	        -15.74814808	         -1.12593158	          0.96506558	          0.32177815	        -10.24646387	         -9.73056793	          6.58441746	        -31.95775516	          0.89377592	        -19.34287581	         11.20196878	         73.61092297	         -8.94111842	        -13.55766998	       -124.65651425	         -2.17132038	         -6.69714730	         10.53085128	         -9.81363449	        -11.84437073	          8.35774692	         36.65975830	         -3.69323407	         25.61220650	        118.50240461	         64.76500095	        -14.27153538	         14.39783557	        -69.78226951	         -6.06596938	        -35.19738032	         52.98510873	         78.00723249	          3.74965437	         22.11198629	
          0.13066667	          1.34912712	          6.00516362	        -15.73961853	         -1.12569176	          0.96506416	          0.32177182	        -10.26077189	         -9.73443200	          6.57688143	        -31.94734007	          0.86253933	        -19.35156817	         11.20706618	         73.62587559	         -8.93011309	        -13.55109659	       -124.63964741	         -2.17016542	         -6.69348714	         10.53103713	         -9.80482960	        -11.84784067	          8.35413378	         36.66983499	         -3.69561830	         25.62050833	        118.51310125	         64.76325036	        -14.27325684	         14.39874879	        -69.79710326	         -6.06274004	        -35.20889350	         52.99431894	         78.00110430	          3.75244566	         22.11319323	
          0.13101398	          1.28636673	          6.06258569	        -15.60743161	         -1.12200925	          0.96504253	          0.32167220	        -10.48006924	         -9.79355337	          6.45950645	        -31.78735525	          0.38116853	        -19.48344760	         11.28285757	         73.85469251	         -8.75985293	        -13.45083979	       -124.37990033	         -2.15316852	         -6.63910396	         10.53367597	         -9.66970435	        -11.90119606	          8.29727883	         36.82437373	         -3.73274830	         25.74846525	        118.67772495	         64.73587797	        -14.29990959	         14.41262626	        -70.02425431	         -6.01295304	        -35.38532028	         53.13548069	         77.90650023	          3.79525114	         22.13172587	
          0.13211135	          1.08553739	          6.24609865	        -15.17478334	         -1.11036101	          0.96497721	          0.32132707	        -11.16817279	         -9.97767460	          6.06842041	        -31.28123518	         -1.16202170	        -19.88036156	         11.49088989	         74.56886982	         -8.20619794	        -13.14221318	       -123.54888286	         -2.10844236	         -6.48984771	         10.53899636	         -9.24311917	        -12.07086439	          8.10098990	         37.31095549	         -3.85643096	         26.15873104	        119.20319510	         64.64328164	        -14.38693211	         14.45473828	        -70.73491277	         -5.85302512	        -35.93879623	         53.57851018	         77.60117826	          3.92993848	         22.19033411	
          0.13290667	          0.93742833	          6.38077777	        -14.84778432	         -1.10190819	          0.96493239	          0.32104887	        -11.66134032	        -10.10810248	          5.76689878	        -30.91493717	         -2.29995735	        -20.14835525	         11.61015642	         75.07799056	         -7.79106501	        -12.92645267	       -122.93686343	         -2.08442781	         -6.40349048	         10.53946110	         -8.93429061	        -12.19476869	          7.94373062	         37.66199629	         -3.95180917	         26.46103134	        119.58910738	         64.57052564	        -14.45264938	         14.48361344	        -71.24285689	         -5.73470320	        -36.33584728	         53.89633081	         77.37411881	          4.02693690	         22.23282219	
          0.13292929	          0.93318215	          6.38462587	        -14.83832520	         -1.10166759	          0.96493114	          0.32104063	        -11.67529279	        -10.11177040	          5.75811274	        -30.90453455	         -2.33255102	        -20.15573001	         11.61314540	         75.09236860	         -7.77909621	        -12.92041145	       -122.91933246	         -2.08384537	         -6.40130242	         10.53942757	         -8.92550940	        -12.19830341	          7.93908154	         37.67196300	         -3.95458951	         26.46968495	        119.60014880	         64.56838939	        -14.45455102	         14.48441484	        -71.25721604	         -5.73130817	        -36.34709069	         53.90532910	         77.36759167	          4.02968793	         22.23403054	
          0.13327661	          0.86777341	          6.44379018	        -14.69208262	         -1.09797375	          0.96491223	          0.32091179	        -11.88888248	        -10.16775170	          5.62186916	        -30.74503312	         -2.83430326	        -20.26717136	         11.65615162	         75.31232590	         -7.59432732	        -12.82834690	       -122.64940418	         -2.07559152	         -6.36957707	         10.53856765	         -8.79075456	        -12.25261968	          7.86654291	         37.82480949	         -3.99771562	         26.60285572	        119.77006795	         64.53515257	        -14.48396070	         14.49657775	        -71.47697610	         -5.67899778	        -36.51930509	         54.04313892	         77.26694784	          4.07185294	         22.25257327	
          0.13437398	          0.65821859	          6.63161059	        -14.21774140	         -1.08629500	          0.96485491	          0.32047788	        -12.55593215	        -10.34027280	          5.17542244	        -30.24409195	         -4.43598010	        -20.59708853	         11.75548029	         75.99794449	         -6.99844127	        -12.54562775	       -121.78636195	         -2.05778335	         -6.29224003	         10.53127358	         -8.36550580	        -12.42481017	          7.62348299	         38.30593182	         -4.13924545	         27.02727377	        120.31227210	         64.42488562	        -14.57954572	         14.53331059	        -72.16298423	         -5.51135254	        -37.05871172	         54.47448914	         76.94362735	          4.20422972	         22.31105105	
          0.13516929	          0.50351935	          6.76814302	        -13.86320248	         -1.07782533	          0.96481563	          0.32013930	        -13.03104377	        -10.46060372	          4.83818090	        -29.88507087	         -5.61028433	        -20.81446248	         11.79119489	         76.48574696	         -6.55629518	        -12.34836517	       -121.15124766	         -2.05243822	         -6.25783867	         10.52117947	         -8.05789387	        -12.54993974	          7.43507629	         38.65283991	         -4.24644967	         27.33759719	        120.71027644	         64.34033414	        -14.65128345	         14.55834018	        -72.65183960	         -5.38769068	        -37.44498025	         54.78296336	         76.70460650	          4.29926987	         22.35326826	
          0.13519192	          0.49908264	          6.77202783	        -13.85299310	         -1.07758432	          0.96481454	          0.32012938	        -13.04444839	        -10.46396330	          4.82843395	        -29.87491878	         -5.64383734	        -20.82037252	         11.79174852	         76.49951061	         -6.54360258	        -12.34284581	       -121.13306100	         -2.05237605	         -6.25712511	         10.52082833	         -8.04915061	        -12.55350154	          7.42957525	         38.66268667	         -4.24955260	         27.34645150	        120.72166132	         64.33787539	        -14.65335394	         14.55903288	        -72.66564068	         -5.38414687	        -37.45591013	         54.79168541	         76.69775255	          4.30196166	         22.35446667	
          0.13553923	          0.43072824	          6.83164427	        -13.69546450	         -1.07388458	          0.96479799	          0.31997529	        -13.24939148	        -10.51506516	          4.67782424	        -29.71956501	         -6.15979249	        -20.90915941	         11.79696668	         76.70998212	         -6.34803393	        -12.25876126	       -120.85307713	         -2.05203293	         -6.24800834	         10.51497377	         -7.91500160	        -12.60817940	          7.34419590	         38.81367515	         -4.29753449	         27.48251162	        120.89684851	         64.29977882	        -14.68533880	         14.56953217	        -72.87672995	         -5.32957468	        -37.62326505	         54.92518290	         76.59218581	          4.34319293	         22.37284117	
          0.13663660	          0.21161642	          7.01951443	        -13.18830892	         -1.06219281	          0.96474796	          0.31946594	        -13.88621124	        -10.67036169	          4.19073870	        -29.23545141	         -7.79986468	        -21.16541379	         11.77196805	         77.36494339	         -5.72185521	        -12.00085609	       -119.95837649	         -2.05827944	         -6.24175489	         10.49043874	         -7.49196308	        -12.78083878	          7.06348749	         39.28871254	         -4.45321902	         27.91369680	        121.45564322	         64.17528369	        -14.78885091	         14.60107077	        -73.53405737	         -5.15505362	        -38.14675316	         55.34203573	         76.25446009	          4.47231941	         22.43059554	
          0.13743192	          0.04984326	          7.15471995	        -12.81267723	         -1.05371898	          0.96471401	          0.31907711	        -14.33679262	        -10.77648295	          3.82868862	        -28.89212556	         -8.99560595	        -21.32763853	         11.71347104	         77.82979321	         -5.26138655	        -11.82099966	       -119.30040877	         -2.06939482	         -6.25818540	         10.46658627	         -7.18631862	        -12.90560801	          6.85054625	         39.63092190	         -4.56954004	         28.22667010	        121.86556799	         64.08155183	        -14.86611706	         14.62240971	        -74.00092119	         -5.02667464	        -38.52107745	         55.63930034	         76.00603646	          4.56473542	         22.47210619	
          0.13745455	          0.04520487	          7.15854942	        -12.80190065	         -1.05347792	          0.96471308	          0.31906582	        -14.34946933	        -10.77941690	          3.81829502	        -28.88246248	         -9.02968662	        -21.33196126	         11.71130280	         77.84289358	         -5.24821727	        -11.81596534	       -119.28157280	         -2.06978774	         -6.25890411	         10.46583008	         -7.17763713	        -12.90915001	          6.84438066	         39.64063011	         -4.57288809	         28.23557190	        121.87728992	         64.07884676	        -14.86834190	         14.62299855	        -74.01408202	         -5.02300004	        -38.53166450	         55.64769677	         75.99892694	          4.56734950	         22.47328225	
          0.13780186	         -0.02624236	          7.21719079	        -12.63589304	         -1.04977780	          0.96469896	          0.31889113	        -14.54303976	        -10.82383616	          3.65817840	        -28.73490762	         -9.55315490	        -21.39627000	         11.67448990	         78.04310671	         -5.04564058	        -11.73924249	       -118.99162691	         -2.07633328	         -6.27165304	         10.45367149	         -7.04448213	        -12.96345379	          6.74903111	         39.78945263	         -4.62453259	         28.37216646	        122.05763312	         64.03707651	        -14.90267431	         14.63191245	        -74.21524308	         -4.96644456	        -38.69374441	         55.77615785	         75.88951628	          4.60736791	         22.49129821	
          0.13889923	         -0.25500675	          7.40037993	        -12.10474327	         -1.03809028	          0.96465738	          0.31832231	        -15.14160035	        -10.95616973	          3.14635032	        -28.27901372	        -11.20951006	        -21.57398917	         11.51413348	         78.66463022	         -4.40112962	        -11.50338183	       -118.06549515	         -2.10307399	         -6.33268322	         10.40826497	         -6.62522802	        -13.13400828	          6.43964398	         40.25708170	         -4.79054373	         28.80262965	        122.63245062	         63.90235466	        -15.01332080	         14.65856511	        -74.83997581	         -4.78596540	        -39.20053042	         56.17674179	         75.54057330	          4.73242961	         22.54772746	
          0.13969455	         -0.42361710	          7.53064657	        -11.71437077	         -1.02962471	          0.96463039	          0.31789587	        -15.56231600	        -11.04388838	          2.77146235	        -27.95951997	        -12.40985467	        -21.67827037	         11.35539833	         79.10423120	         -3.93099016	        -11.33824861	       -117.38478210	         -2.12779517	         -6.39598820	         10.36844249	         -6.32297983	        -13.25634534	          6.20858626	         40.59334298	         -4.91315907	         29.11278494	        123.05370725	         63.80255283	        -15.09547996	         14.67648742	        -75.28206030	         -4.65356560	        -39.56278095	         56.46194060	         75.28487415	          4.82168697	         22.58809516	
          0.13971717	         -0.42844802	          7.53431650	        -11.70320738	         -1.02938394	          0.96462966	          0.31788358	        -15.57411682	        -11.04627713	          2.76076620	        -27.95057644	        -12.44397772	        -21.68093212	         11.35035231	         79.11660074	         -3.91759020	        -11.33361767	       -117.36529945	         -2.12855980	         -6.39801710	         10.36722164	         -6.31440302	        -13.25980698	          6.20193806	         40.60287483	         -4.91667155	         29.12157834	        123.06574810	         63.79969160	        -15.09784058	         14.67698059	        -75.29450196	         -4.64978028	        -39.57302494	         56.46999043	         75.27756812	          4.82420859	         22.58923646	
          0.14006449	         -0.50283683	          7.59037677	        -11.53148833	         -1.02568884	          0.96461881	          0.31769397	        -15.75406024	        -11.08217740	          2.59644059	        -27.81435515	        -12.96748148	        -21.71965768	         11.26918441	         79.30550877	         -3.71178112	        -11.26297918	       -117.06542989	         -2.14070445	         -6.43071533	         10.34785884	         -6.18291104	        -13.31279961	          6.09940813	         40.74894040	         -4.97073854	         29.25631322	        123.25096257	         63.75563888	        -15.13423354	         14.68443668	        -75.48452502	         -4.59155047	        -39.72984184	         56.59310808	         75.16521387	          4.86278946	         22.60670325	
          0.14116186	         -0.74066410	          7.76378706	        -10.98502917	         -1.01402248	          0.96458855	          0.31708389	        -16.30745797	        -11.18578042	          2.07664553	        -27.39773807	        -14.61632142	        -21.81558041	         10.96726998	         79.89019869	         -3.06078639	        -11.04493373	       -116.10797323	         -2.18381743	         -6.55257488	         10.27893081	         -5.76964550	        -13.47823768	          5.77006899	         41.20717855	         -5.14316103	         29.67848138	        123.84081228	         63.61509777	        -15.25109063	         14.70662356	        -76.07286178	         -4.40610870	        -40.22006252	         56.97654347	         74.80780258	          4.98310698	         22.66121641	
          0.14195717	         -0.91549351	          7.88543914	        -10.58604788	         -1.00557697	          0.96457097	          0.31663325	        -16.69373547	        -11.25103923	          1.70096617	        -27.10980980	        -15.80389533	        -21.85989422	         10.70632391	         80.30195768	         -2.58932368	        -10.89120100	       -115.40457412	         -2.21914736	         -6.65745077	         10.22160435	         -5.47252514	        -13.59590675	          5.52699137	         41.53584565	         -5.26926592	         29.98032374	        124.27249226	         63.51235247	        -15.33745156	         14.72146103	        -76.48745244	         -4.27045316	        -40.57042404	         57.24910400	         74.54661818	          5.06877904	         22.70004748	
          0.14197980	         -0.92049567	          7.88884536	        -10.57466895	         -1.00533683	          0.96457053	          0.31662035	        -16.70453872	        -11.25276979	          1.69030790	        -27.10180034	        -15.83756414	        -21.86084396	         10.69839325	         80.31352007	         -2.57592580	        -10.88687396	       -115.38444614	         -2.22019830	         -6.66062688	         10.21988274	         -5.46410488	        -13.59922340	          5.52002954	         41.54515023	         -5.27286370	         29.98885231	        124.28482246	         63.50942263	        -15.33992789	         14.72186851	        -76.49909849	         -4.26657973	        -40.58033183	         57.25679215	         74.53916263	          5.07119733	         22.70114351	
          0.14232711	         -0.99746779	          7.94072907	        -10.39984024	         -1.00165169	          0.96456419	          0.31642178	        -16.86905887	        -11.27843718	          1.52697966	        -26.98015859	        -16.35346021	        -21.87325902	         10.57318533	         80.48992972	         -2.37041716	        -10.82075068	       -115.07467070	         -2.23662989	         -6.71066933	         10.19282576	         -5.33509390	        -13.64990436	          5.41287475	         41.68764290	         -5.32814398	         30.11932505	        124.47442261	         63.46442000	        -15.37806956	         14.72802429	        -76.67681694	         -4.20703005	        -40.73200476	         57.37434508	         74.42455241	          5.10818500	         22.71790550	
          0.14342448	         -1.24286818	          8.09935878	         -9.84598414	         -0.99002125	          0.96454989	          0.31578967	        -17.37243020	        -11.34812882	          1.01544739	        -26.61254297	        -17.97040921	        -21.88572098	         10.13547208	         81.03376937	         -1.72364519	        -10.61508419	       -114.08591268	         -2.29195561	         -6.88395704	         10.09955676	         -4.93065165	        -13.80696713	          5.07122537	         42.13351880	         -5.50322056	         30.52559593	        125.07741056	         63.32213713	        -15.50011170	         14.74629407	        -77.22514788	         -4.01782802	        -41.20619146	         57.74004900	         74.06046408	          5.22339062	         22.77007675	
          0.14421980	         -1.42262385	          8.20879509	         -9.44394494	         -0.98160598	          0.96454551	          0.31532902	        -17.72122856	        -11.38731313	          0.65060711	        -26.36291131	        -19.12741204	        -21.86923825	          9.77932930	         81.41462862	         -1.25834691	        -10.46852753	       -113.35982508	         -2.33487199	         -7.02289349	         10.02456670	         -4.64086261	        -13.91754835	          4.82140820	         42.45220409	         -5.63012969	         30.81360890	        125.51792682	         63.21932446	        -15.58990691	         14.75847472	        -77.60967389	         -3.87983718	        -41.54514112	         57.99961755	         73.79486594	          5.30528469	         22.80710185	
          0.14424242	         -1.42775914	          8.21183541	         -9.43250720	         -0.98136675	          0.96454546	          0.31531591	        -17.73095079	        -11.38828368	          0.64031654	        -26.35602536	        -19.16011955	        -21.86845461	          9.76873204	         81.42529599	         -1.24516234	        -10.46438256	       -113.33905159	         -2.33612333	         -7.02699885	         10.02234258	         -4.63266249	        -13.92065089	          4.81428127	         42.46121202	         -5.63373661	         30.82171567	        125.53049983	         63.21640739	        -15.59247689	         14.75880886	        -77.62045147	         -3.87590212	        -41.55472673	         58.00693424	         73.78729010	          5.30759460	         22.80814517	
          0.14458974	         -1.50672259	          8.25797919	         -9.25696737	         -0.97769595	          0.96454534	          0.31511459	        -17.87878484	        -11.40216577	          0.48303335	        -26.25185758	        -19.66062900	        -21.85423777	          9.60295339	         81.58785510	         -1.04318342	        -10.40090026	       -113.01936689	         -2.35552774	         -7.09102012	          9.98758227	         -4.50711260	        -13.96795959	          4.70477036	         42.59906010	         -5.68906246	         30.94551722	        125.72376304	         63.17170233	        -15.63202557	         14.76385455	        -77.78474844	         -3.81544025	        -41.70146799	         58.11876851	         73.67087141	          5.34291203	         22.82408908	
          0.14568711	         -1.75769522	          8.39703779	         -8.70313930	         -0.96611479	          0.96455255	          0.31447982	        -18.32849898	        -11.43330136	         -0.00467845	        -25.94210193	        -21.22128034	        -21.78228566	          9.04302073	         82.08652638	         -0.41054975	        -10.20167216	       -111.99928861	         -2.41905425	         -7.30476284	          9.87030998	         -4.11465294	        -14.11333871	          4.35773443	         43.02906852	         -5.86312903	         31.32829391	        126.33743196	         63.03160670	        -15.75808419	         14.77881396	        -78.28957162	         -3.62378327	        -42.16017733	         58.46611697	         73.30156954	          5.45275605	         22.87356955	
          0.14648242	         -1.94069876	          8.49105240	         -8.30315332	         -0.95773862	          0.96456562	          0.31402277	        -18.63781791	        -11.44350722	         -0.34810034	        -25.73668173	        -22.33033346	        -21.70441780	          8.60613782	         82.43327780	          0.04190596	        -10.05795925	       -111.25048466	         -2.46690025	         -7.46921578	          9.77854652	         -3.83459330	        -14.21451210	          4.10576434	         43.33502405	         -5.98823141	         31.59699807	        126.78469745	         62.93155353	        -15.85030840	         14.78878700	        -78.64154209	         -3.48443277	        -42.48791213	         58.71199353	         73.03271233	          5.53067813	         22.90855101	
          0.14650505	         -1.94591571	          8.49363997	         -8.29179777	         -0.95750055	          0.96456610	          0.31400983	        -18.64641255	        -11.44364271	         -0.35773364	        -25.73107929	        -22.36159034	        -21.70188571	          8.59336075	         82.44295760	          0.05469555	        -10.05387265	       -111.22906461	         -2.46828049	         -7.47399765	          9.77585577	         -3.82668332	        -14.21733578	          4.09859573	         43.34365377	         -5.99177392	         31.60452758	        126.79744890	         62.92872932	        -15.85294084	         14.78906073	        -78.65138111	         -3.48046432	        -42.49717777	         58.71891479	         73.02505059	          5.53287392	         22.90953510	
          0.14685236	         -2.02605664	          8.53273805	         -8.11768315	         -0.95384767	          0.96457415	          0.31381155	        -18.77691059	        -11.44463514	         -0.50459844	        -25.64678946	        -22.83923376	        -21.66081620	          8.39495985	         82.59023737	          0.25040845	         -9.99112987	       -110.89945347	         -2.48958635	         -7.54805700	          9.73400958	         -3.70568018	        -14.26028662	          3.98857886	         43.47558368	         -6.04602091	         31.71927443	        126.99335525	         62.88554900	        -15.89340141	         14.79319586	        -78.80118552	         -3.41952682	        -42.63900026	         58.82463692	         72.90736098	          5.56643178	         22.92456254	
          0.14794974	         -2.27981388	          8.64835180	         -7.57037721	         -0.94232635	          0.96460926	          0.31319201	        -19.17151203	        -11.43416331	         -0.95533122	        -25.40201058	        -24.32024930	        -21.50384938	          7.74229406	         83.03915142	          0.86073962	         -9.79230679	       -109.84798717	         -2.55816621	         -7.78924344	          9.59529642	         -3.32873608	        -14.39094159	          3.64159351	         43.88550402	         -6.21556698	         32.07105101	        127.61419259	         62.75149840	        -16.02176209	         14.80548430	        -79.25916145	         -3.22682230	        -43.08207743	         59.15215190	         72.53463305	          5.67061960	         22.97105568	
          0.14874505	         -2.46393518	          8.72427794	         -7.17702713	         -0.93399657	          0.96464456	          0.31275129	        -19.44059581	        -11.41341971	         -1.26815357	        -25.24572307	        -25.36459818	        -21.36419864	          7.24819725	         83.34843459	          1.29468033	         -9.64707278	       -109.07641071	         -2.60879222	         -7.96953059	          9.48891767	         -3.06101861	        -14.48055261	          3.39121139	         44.17558128	         -6.33635075	         32.31503901	        128.06552486	         62.65699087	        -16.11509304	         14.81371616	        -79.57617842	         -3.08714315	        -43.39839279	         59.38315323	         72.26387262	          5.74434556	         23.00378350	
          0.14876768	         -2.46917223	          8.72633883	         -7.16588342	         -0.93375985	          0.96464570	          0.31273887	        -19.44804369	        -11.41266717	         -1.27687263	        -25.24154246	        -25.39392976	        -21.35990644	          7.23392471	         83.35703109	          1.30691568	         -9.64292163	       -109.05434246	         -2.61024198	         -7.97471313	          9.48582377	         -3.05347355	        -14.48303722	          3.38410625	         44.18374303	         -6.33975829	         32.32183884	        128.07837785	         62.65433870	        -16.11774944	         14.81394269	        -79.58501084	         -3.08317054	        -43.40733224	         59.38964483	         72.25616492	          5.74642051	         23.00470230	
          0.14911499	         -2.54953617	          8.75727813	         -6.99517753	         -0.93012801	          0.96466400	          0.31254908	        -19.56093481	        -11.39999133	         -1.40942120	        -25.17923758	        -25.84144261	        -21.29180018	          7.01355046	         83.48756130	          1.49393969	         -9.57904718	       -108.71477846	         -2.63255698	         -8.05457771	          9.43788563	         -2.93816993	        -14.52071884	          3.27518541	         44.30837627	         -6.39185412	         32.42520856	        128.27574250	         62.61389790	        -16.15852112	         14.81736919	        -79.71927986	         -3.02220483	        -43.54413721	         59.48872464	         72.13783410	          5.77811160	         23.01871884	
          0.15021236	         -2.80287619	          8.84634752	         -6.46053497	         -0.91867585	          0.96473361	          0.31196106	        -19.90001373	        -11.34611344	         -1.81175127	        -25.00578085	        -27.22028800	        -21.04913738	          6.30456624	         83.88205731	          2.07473006	         -9.37502092	       -107.63182585	         -2.70374587	         -8.30985344	          9.28125089	         -2.58047415	        -14.63401687	          2.93308273	         44.69384345	         -6.55369933	         32.73898023	        128.89991984	         62.48971592	        -16.28710044	         14.82760847	        -80.12714668	         -2.82983917	        -43.97120987	         59.79464013	         71.76398449	          5.87622554	         23.06190142	
          0.15100768	         -2.98554511	          8.90249863	         -6.07810283	         -0.91039853	          0.96479593	          0.31154726	        -20.12916384	        -11.29400416	         -2.08689125	        -24.90280633	        -28.18416254	        -20.84707626	          5.78336083	         84.15047352	          2.48546919	         -9.22460908	       -106.83738574	         -2.75588343	         -8.49632267	          9.16331570	         -2.32792558	        -14.71048839	          2.68748268	         44.96486596	         -6.66813821	         32.95362228	        129.35243049	         62.40350559	        -16.37977969	         14.83452809	        -80.40689039	         -2.69079955	        -44.27575498	         60.00936433	         71.49341316	          5.94534670	         23.09210794	
          0.15103030	         -2.99072632	          8.90399119	         -6.06729087	         -0.91016333	          0.96479786	          0.31153565	        -20.13548033	        -11.29236180	         -2.09450812	        -24.90016176	        -28.21112652	        -20.84100459	          5.76849135	         84.15788978	          2.49702330	         -9.22029395	       -106.81466646	         -2.75737231	         -8.50163160	          9.15991142	         -2.32082724	        -14.71259282	          2.68052840	         44.97246920	         -6.67135627	         32.95956577	        129.36530155	         62.40110351	        -16.38240720	         14.83471938	        -80.41465071	         -2.68684993	        -44.28435734	         60.01538501	         71.48572381	          5.94728799	         23.09295346	
          0.15137762	         -3.07013221	          8.92616680	         -5.90182399	         -0.90655501	          0.96482851	          0.31135869	        -20.23103688	        -11.26604451	         -2.20992863	        -24.86156901	        -28.62175399	        -20.74555612	          5.54016381	         84.27018132	          2.67344328	         -9.15378680	       -106.46510510	         -2.78026079	         -8.58309252	          9.10733661	         -2.21248612	        -14.74439429	          2.57402606	         45.08841558	         -6.72048157	         33.04964158	        129.56283641	         62.36459923	        -16.42266367	         14.83761946	        -80.53238173	         -2.62627022	        -44.41597256	         60.10718164	         71.36776477	          5.97690893	         23.10583436	
          0.15247499	         -3.31919950	          8.98706307	         -5.38554415	         -0.89517954	          0.96493927	          0.31081531	        -20.51575115	        -11.16929279	         -2.55557544	        -24.76468378	        -29.87737160	        -20.41617091	          4.82096695	         84.60554512	          3.21892121	         -8.94002274	       -105.35051554	         -2.85293346	         -8.83918108	          8.93762724	         -1.87808882	        -14.83857393	          2.24083420	         45.44503169	         -6.87218079	         33.31958115	        130.18623131	         62.25405166	        -16.54872950	         14.84637434	        -80.88699468	         -2.43553476	        -44.82646040	         60.38941772	         70.99620018	          6.06825502	         23.14529613	
          0.15327030	         -3.49756518	          9.02247079	         -5.01812428	         -0.88695993	          0.96503338	          0.31043746	        -20.70595083	        -11.08653191	         -2.78748089	        -24.71872783	        -30.74574674	        -20.15101327	          4.30631670	         84.82969334	          3.60243797	         -8.78134027	       -104.53309486	         -2.90591229	         -9.02236860	          8.81170730	         -1.64366211	        -14.90078485	          2.00290710	         45.69382646	         -6.97866239	         33.50088400	        130.63697475	         62.17874873	        -16.63875479	         14.85238236	        -81.12721703	         -2.29807498	        -45.11886626	         60.58642510	         70.72832503	          6.13226517	         23.17268444	
          0.15329293	         -3.50260867	          9.02337174	         -5.00776008	         -0.88672640	          0.96503624	          0.31042692	        -20.71116596	        -11.08402658	         -2.79384662	        -24.71772331	        -30.76992066	        -20.14314487	          4.29180141	         84.83583316	          3.61319921	         -8.77677747	       -104.50972106	         -2.90742368	         -9.02753934	          8.80809410	         -1.63709457	        -14.90248062	          1.99618623	         45.70078141	         -6.98164887	         33.50586278	        130.64978179	         62.17666749	        -16.64129673	         14.85254962	        -81.13384206	         -2.29417536	        -45.12712291	         60.59193640	         70.72072491	          6.13405870	         23.17344837	
          0.15364024	         -3.57979256	          9.03646737	         -4.84930893	         -0.88314381	          0.96508129	          0.31026651	        -20.78986908	        -11.04454277	         -2.88993916	        -24.70442612	        -31.13722598	        -20.02011066	          4.07005741	         84.92841446	          3.77732837	         -8.70639411	       -104.15010736	         -2.93065457	         -9.10658033	          8.75243860	         -1.53700729	        -14.92799805	          1.89337255	         45.80666732	         -7.02719327	         33.58103157	        130.84624296	         62.14515193	        -16.68017044	         14.85509377	        -81.23407249	         -2.23439906	        -45.25343370	         60.67588360	         70.60422117	          6.16139600	         23.18506745	
          0.15473761	         -3.82047486	          9.06885782	         -4.35693491	         -0.87185147	          0.96523947	          0.30977814	        -21.02206263	        -10.90743772	         -3.17335732	        -24.68889784	        -32.25005806	        -19.60358451	          3.38555146	         85.20008197	          4.28259640	         -8.47963321	       -103.00368249	         -3.00446656	         -9.35152089	          8.57454718	         -1.22999970	        -15.00231890	          1.57315288	         46.13016758	         -7.16740461	         33.80285987	        131.46519084	         62.05101477	        -16.80102445	         14.86287497	        -81.53251008	         -2.04665499	        -45.64726499	         60.93304196	         70.23829448	          6.24534706	         23.22043156	
          0.15553293	         -3.99144635	          9.08390226	         -4.00847889	         -0.86369374	          0.96536972	          0.30944249	        -21.17494990	        -10.79680241	         -3.35931888	        -24.70322593	        -33.00948606	        -19.27535406	          2.90904310	         85.37673404	          4.63574402	         -8.31094242	       -102.16311456	         -3.05839634	         -9.52343750	          8.44416633	         -1.01667032	        -15.05023194	          1.34588712	         46.35371388	         -7.26550295	         33.94848414	        131.91175865	         61.98812005	        -16.88648005	         14.86831549	        -81.73120543	         -1.91180106	        -45.92775043	         61.11168325	         69.97547959	          6.30383579	         23.24474886	
          0.15555556	         -3.99626326	          9.08422769	         -3.99867433	         -0.86346199	          0.96537363	          0.30943317	        -21.17911282	        -10.79352117	         -3.36436749	        -24.70395264	        -33.03049351	        -19.26569236	          2.89577250	         85.38150627	          4.64562629	         -8.30608781	       -102.13908131	         -3.05993642	         -9.52824853	          8.44044427	         -1.01071831	        -15.05152225	          1.33948506	         46.35993521	         -7.26825037	         33.95243812	        131.92443524	         61.98639802	        -16.88888225	         14.86846830	        -81.73663905	         -1.90798096	        -45.93566988	         61.11666979	         69.96803539	          6.30547026	         23.24542419	
          0.15590287	         -4.06985644	          9.08851546	         -3.84895332	         -0.85990687	          0.96543495	          0.30929182	        -21.24172940	        -10.74224603	         -3.44017266	        -24.71734241	        -33.34872821	        -19.11513863	          2.69424248	         85.45298120	          4.79615922	         -8.23117605	       -101.76933856	         -3.08361902	         -9.60149676	          8.38324317	         -0.92018602	        -15.07082465	          1.24167275	         46.45445347	         -7.31012125	         34.01180846	        132.11881325	         61.96043925	        -16.92554342	         14.87080234	        -81.81851212	         -1.84946287	        -46.05681807	         61.19254626	         69.85400811	          6.33035224	         23.25567453	
          0.15700024	         -4.29782350	          9.09347033	         -3.38585351	         -0.84870292	          0.96564635	          0.30886591	        -21.42390184	        -10.56944303	         -3.65882103	        -24.78748520	        -34.30099818	        -18.61194325	          2.08666822	         85.65659711	          5.25724228	         -7.98957284	       -100.59083073	         -3.15901219	         -9.82489390	          8.20198003	         -0.64465209	        -15.12568266	          0.93858473	         46.74073321	         -7.43874135	         34.18297530	        132.73022660	         61.88427883	        -17.03861148	         14.87806125	        -82.05812698	         -1.66617378	        -46.43451368	         61.42406786	         69.49687406	          6.40639917	         23.28661841	
          0.15779556	         -4.45834018	          9.08921552	         -3.06011510	         -0.84061052	          0.96581669	          0.30857721	        -21.54132459	        -10.43470139	         -3.79779423	        -24.86507534	        -34.93950174	        -18.22174952	          1.67643437	         85.78275092	          5.57737981	         -7.80984099	        -99.72693546	         -3.21427761	         -9.97844751	          8.07048246	         -0.45526011	        -15.15985183	          0.72500208	         46.93609562	         -7.52865234	         34.29145992	        133.17056997	         61.83446518	        -17.11778898	         14.88324724	        -82.21351732	         -1.53505844	        -46.70350479	         61.58417549	         69.24117491	          6.45909272	         23.30767449	
          0.15781818	         -4.46284511	          9.08900148	         -3.05097411	         -0.84038063	          0.96582175	          0.30856925	        -21.54448852	        -10.43075931	         -3.80151218	        -24.86761499	        -34.95702067	        -18.21034208	          1.66515710	         85.78607334	          5.58631284	         -7.80467132	        -99.70223763	         -3.21585852	         -9.98270605	          8.06674371	         -0.45000193	        -15.16075781	          0.71900494	         46.94150060	         -7.53117172	         34.29435533	        133.18306169	         61.83311200	        -17.12000612	         14.88339422	        -82.21771187	         -1.53135160	        -46.71110006	         61.58863733	         69.23394028	          6.46056232	         23.30825670	
          0.15816550	         -4.53155145	          9.08508512	         -2.91155403	         -0.83685430	          0.96590093	          0.30844871	        -21.59184059	        -10.36952730	         -3.85696260	        -24.90891930	        -35.22140436	        -18.03313781	          1.49488302	         85.83520803	          5.72221316	         -7.72492745	        -99.32228712	         -3.24018953	        -10.04728042	          8.00938588	         -0.37020426	        -15.17421670	          0.62751676	         47.02338847	         -7.56958558	         34.33747658	        133.37455458	         61.81277573	        -17.15378767	         14.88564793	        -82.28052098	         -1.47462235	        -46.82729337	         61.65648602	         69.12317109	          6.48291705	         23.31707703	
          0.15926287	         -4.74289496	          9.06515432	         -2.48237497	         -0.82574208	          0.96616994	          0.30808945	        -21.72665901	        -10.16769544	         -4.01242447	        -25.06827492	        -36.00008774	        -17.44779503	          0.99338272	         85.96723029	          6.13637688	         -7.46820282	        -98.11144738	         -3.31791801	        -10.24102912	          7.82880870	         -0.12959104	        -15.21138434	          0.34575443	         47.26854649	         -7.68790354	         34.45742420	        133.97632816	         61.75374560	        -17.25732711	         14.89276279	        -82.45940342	         -1.29763106	        -47.18960955	         61.86304322	         68.77676340	          6.55105268	         23.34350781	
          0.16005818	         -4.89024555	          9.04386505	         -2.18251644	         -0.81771686	          0.96638315	          0.30784980	        -21.81059540	        -10.01424714	         -4.10672198	        -25.21147544	        -36.50957655	        -17.00006748	          0.66681672	         86.04054999	          6.42187303	         -7.27766910	        -97.22404416	         -3.37515169	        -10.37099312	          7.69892075	          0.03354704	        -15.23348258	          0.14890396	         47.43295505	         -7.77095391	         34.52892670	        134.40919934	         61.71571578	        -17.32920028	         14.89794772	        -82.57031414	         -1.17169768	        -47.44771928	         62.00545258	         68.52923377	          6.59808861	         23.36130069	
          0.16008081	         -4.89436218	          9.04317872	         -2.17412763	         -0.81748889	          0.96638944	          0.30784324	        -21.81281691	        -10.00980154	         -4.10918275	        -25.21589337	        -36.52338577	        -16.98704796	          0.65800302	         86.04235769	          6.42981274	         -7.27219407	        -97.19867662	         -3.37679199	        -10.37455473	          7.69524146	          0.03804671	        -15.23405439	          0.14339852	         47.43746527	         -7.77328557	         34.53077172	        134.42147252	         61.71469006	        -17.33120473	         14.89809593	        -82.57323757	         -1.16814586	        -47.45500823	         62.00941577	         68.52223642	          6.59939820	         23.36179017	
          0.16042812	         -4.95701585	          9.03210063	         -2.04635777	         -0.81399208	          0.96648764	          0.30774433	        -21.84577427	         -9.94104158	         -4.14544552	        -25.28610536	        -36.73058181	        -16.78529259	          0.52607230	         86.06816493	          6.55041751	         -7.18777914	        -96.80844022	         -3.40205786	        -10.42825840	          7.63888962	          0.10612389	        -15.24245039	          0.05956296	         47.50552168	         -7.80887261	         34.55778809	        134.60957146	         61.69931954	        -17.36169000	         14.90037712	        -82.61649948	         -1.11384997	        -47.56651934	         62.06964602	         68.41514130	          6.61930450	         23.36918825	
          0.16152549	         -5.14820108	          8.99071212	         -1.65507408	         -0.80297343	          0.96681758	          0.30745368	        -21.93600671	         -9.71796919	         -4.24211067	        -25.53756020	        -37.32654765	        -16.12553132	          0.15056472	         86.12568268	          6.91586882	         -6.91658616	        -95.56505309	         -3.48301999	        -10.58573661	          7.46258692	          0.30886301	        -15.26453198	         -0.19684994	         47.70583141	         -7.91902788	         34.62729434	        135.20020509	         61.65501503	        -17.45450867	         14.90767200	        -82.73330943	         -0.94524280	        -47.91420182	         62.25264111	         68.08067597	          6.67984225	         23.39116274	
          0.16232081	         -5.28010991	          8.95510380	         -1.38341847	         -0.79501583	          0.96707537	          0.30726354	        -21.98849854	         -9.55163585	         -4.29621160	        -25.74798055	        -37.70310019	        -15.62795473	         -0.08250368	         86.14445371	          7.16599453	         -6.71597246	        -94.65404839	         -3.54285197	        -10.68789090	          7.33675833	          0.44391276	        -15.27668732	         -0.37439943	         47.83671661	         -7.99702922	         34.66297169	        135.62470677	         61.62642927	        -17.51844056	         14.91305951	        -82.79912334	         -0.82609355	        -48.16173379	         62.37855504	         67.84203179	          6.72156355	         23.40579210	
          0.16234343	         -5.28377856	          8.95402651	         -1.37583805	         -0.79478978	          0.96708294	          0.30725838	        -21.98983635	         -9.54685549	         -4.29756558	        -25.75431401	        -37.71313587	        -15.61357863	         -0.08865571	         86.14470490	          7.17293027	         -6.71021701	        -94.62800958	         -3.54456920	        -10.69064578	          7.33320553	          0.44760715	        -15.27698975	         -0.37934625	         47.84026128	         -7.99922932	         34.66380975	        135.63673924	         61.62565387	        -17.52021821	         14.91321421	        -82.80076437	         -0.82274393	        -48.16872086	         62.38205711	         67.83528916	          6.72272493	         23.40619270	
          0.16269075	         -5.33949907	          8.93706398	         -1.26051211	         -0.79132233	          0.96720064	          0.30718089	        -22.00930477	         -9.47318000	         -4.31711052	        -25.85394551	        -37.86249928	        -15.39145299	         -0.17977427	         86.14659236	          7.27814699	         -6.62154469	        -94.22747126	         -3.57103674	        -10.73186515	          7.27886971	          0.50328394	        -15.28134742	         -0.45454495	         47.89341610	         -8.03288400	         34.67546134	        135.82112756	         61.61399096	        -17.54721895	         14.91559945	        -82.82434974	         -0.77161674	        -48.27558858	         62.43526805	         67.73211528	          6.74037843	         23.41223525	
          0.16378812	         -5.50807913	          8.87852398	         -0.90897855	         -0.78039569	          0.96759224	          0.30695709	        -22.05785486	         -9.23732856	         -4.36430234	        -26.19855168	        -38.27686747	        -14.67292297	         -0.42688357	         86.12819677	          7.59526176	         -6.33748151	        -92.95155941	         -3.65605093	        -10.84865287	          7.10985589	          0.66635917	        -15.29186185	         -0.68290553	         48.04565011	         -8.13800840	         34.69755948	        136.39984313	         61.57973767	        -17.62898792	         14.92327970	        -82.87909318	         -0.61382258	        -48.60848260	         62.59681250	         67.41017959	          6.79407210	         23.43003268	
          0.16458343	         -5.62295008	          8.83185339	         -0.66652208	         -0.77250402	          0.96789474	          0.30681457	        -22.08103030	         -9.06434078	         -4.38575415	        -26.47665190	        -38.52298074	        -14.13812819	         -0.56752047	         86.09164263	          7.81064248	         -6.12809386	        -92.01701091	         -3.71905956	        -10.92015214	          6.99017950	          0.77221250	        -15.29676741	         -0.83941451	         48.14075588	         -8.21338961	         34.69997826	        136.81552656	         61.55684866	        -17.68487768	         14.92899915	        -82.90003440	         -0.50327057	        -48.84518119	         62.70787512	         67.18074877	          6.83109451	         23.44173606	
          0.16460606	         -5.62612668	          8.83047821	         -0.65977556	         -0.77227983	          0.96790357	          0.30681076	        -22.08154527	         -9.05940268	         -4.38622091	        -26.48491139	        -38.52932791	        -14.12276443	         -0.57105863	         86.09031705	          7.81659467	         -6.12209573	        -91.99030299	         -3.72086992	        -10.92202197	          6.98681217	          0.77507146	        -15.29687763	         -0.84375522	         48.14327160	         -8.21552823	         34.69988522	        136.82730622	         61.55621511	        -17.68642645	         14.92916385	        -82.90040111	         -0.50017487	        -48.85185829	         62.71096356	         67.17426984	          6.83212553	         23.44205473	
          0.16495337	         -5.67424997	          8.80905989	         -0.55725696	         -0.76884089	          0.96804075	          0.30675377	        -22.08846301	         -8.98352079	         -4.39245609	        -26.61409747	        -38.62230280	        -13.88601988	         -0.62223876	         86.06799065	          7.90676127	         -6.02974767	        -91.57950200	         -3.74878440	        -10.94957923	          6.93539364	          0.81789770	        -15.29838348	         -0.90960922	         48.18055946	         -8.24833416	         34.69736353	        137.00780300	         61.54658313	        -17.70991616	         14.93170568	        -82.90444993	         -0.45301003	        -48.95395280	         62.75788997	         67.07515451	          6.84780203	         23.44684919	
          0.16605075	         -5.81838542	          8.73788366	         -0.24604173	         -0.75800263	          0.96849331	          0.30659317	        -22.09837655	         -8.74327973	         -4.40173154	        -27.05174024	        -38.86251597	        -13.12872952	         -0.74661679	         85.97310471	          8.17711348	         -5.73469877	        -90.27131665	         -3.83855639	        -11.02245844	          6.77642833	          0.94014796	        -15.30111944	         -1.10811616	         48.28183512	         -8.35201389	         34.67637836	        137.57413037	         61.51683710	        -17.78066860	         14.93990540	        -82.89790300	         -0.30853063	        -49.27152747	         62.90042580	         66.76616795	          6.89556152	         23.46083093	
          0.16684606	         -5.91526548	          8.68342515	         -0.03234397	         -0.75017290	          0.96883913	          0.30649453	        -22.09456246	         -8.56946745	         -4.40006915	        -27.39664163	        -38.98781511	        -12.57391584	         -0.80319943	         85.88132458	          8.35963375	         -5.51797155	        -89.31359319	         -3.90515153	        -11.06170995	          6.66477487	          1.01634718	        -15.30157958	         -1.24291852	         48.33931834	         -8.42761270	         34.64949600	        137.98080397	         61.49526491	        -17.82871199	         14.94600712	        -82.87502447	         -0.20838032	        -49.49683060	         62.99858388	         66.54623342	          6.92860105	         23.46990234	
          0.16686869	         -5.91792775	          8.68184526	         -0.02640796	         -0.74995045	          0.96884919	          0.30649193	        -22.09432231	         -8.56453429	         -4.39993468	        -27.40679202	        -38.99080145	        -12.55808807	         -0.80441638	         85.87843163	          8.36466547	         -5.51177242	        -89.28622904	         -3.90706539	        -11.06265885	          6.66164459	          1.01836257	        -15.30157812	         -1.24664230	         48.34075580	         -8.42977362	         34.64859491	        137.99232726	         61.49464401	        -17.83003963	         14.94618266	        -82.87415304	         -0.20558977	        -49.50317950	         63.00131633	         66.54002597	          6.92952280	         23.47014785	
          0.16721600	         -5.95813885	          8.65740158	          0.06372257	         -0.74653790	          0.96900500	          0.30645353	        -22.08973732	         -8.48892530	         -4.39733262	        -27.56493711	        -39.03271776	        -12.31495402	         -0.82045345	         85.83207246	          8.44080300	         -5.41639329	        -88.86537620	         -3.93657873	        -11.07605537	          6.61392585	          1.04824058	        -15.30147239	         -1.30303097	         48.36143734	         -8.46303358	         34.63384731	        138.16888853	         61.48503387	        -17.85014951	         14.94889057	        -82.85925573	         -0.16317299	        -49.60020812	         63.04285547	         66.44508713	          6.94355005	         23.47383116	
          0.16831337	         -6.07706311	          8.57810893	          0.33645638	         -0.73578056	          0.96951535	          0.30634938	        -22.06439728	         -8.25197649	         -4.38351733	        -28.09325591	        -39.11816258	        -11.54652710	         -0.83981640	         85.66157964	          8.66806536	         -5.11243627	        -87.52569641	         -4.03152707	        -11.10389655	          6.46740331	          1.12958815	        -15.30038292	         -1.47168735	         48.40956707	         -8.56952833	         34.57642686	        138.72277816	         61.45323048	        -17.91040335	         14.95761155	        -82.79357902	         -0.03448500	        -49.90143301	         63.16932477	         66.14940905	          6.98644485	         23.48444921	
          0.16910869	         -6.15550511	          8.51910072	          0.52295749	         -0.72800695	          0.96990192	          0.30628946	        -22.03608277	         -8.08278504	         -4.36970300	        -28.50300098	        -39.13799138	        -10.99247022	         -0.82628139	         85.51537108	          8.82057228	         -4.88987168	        -86.54544431	         -4.10196838	        -11.11034604	          6.36545283	          1.17619140	        -15.29924486	         -1.58495993	         48.42793798	         -8.64849519	         34.52530741	        139.12043394	         61.42815422	        -17.95103030	         14.96408135	        -82.72859705	          0.05349905	        -50.11458284	         63.25679278	         65.93919826	          7.01629085	         23.49122462	
          0.16913131	         -6.15764163	          8.51740687	          0.52812990	         -0.72778607	          0.96991312	          0.30628794	        -22.03515885	         -8.07800906	         -4.36927905	        -28.51498316	        -39.13807099	        -10.97677820	         -0.82558384	         85.51093557	          8.82476611	         -4.88351369	        -86.51744396	         -4.10399225	        -11.11036267	          6.36260629	          1.17736636	        -15.29921168	         -1.58807373	         48.42825654	         -8.65076866	         34.52374555	        139.13170062	         61.42740903	        -17.95214983	         14.96426708	        -82.72653838	          0.05593529	        -50.12058279	         63.25923397	         65.93326773	          7.01712590	         23.49140661	
          0.16947863	         -6.18977818	          8.49131717	          0.60661701	         -0.72439725	          0.97008635	          0.30626580	        -22.02017146	         -8.00498269	         -4.36262345	        -28.70114538	        -39.13607541	        -10.73654818	         -0.81282268	         85.44094565	          8.88815764	         -4.78574423	        -86.08686378	         -4.13519552	        -11.10946954	          6.31929305	          1.19435938	        -15.29871120	         -1.63512253	         48.43172591	         -8.68587472	         34.49906507	        139.30432242	         61.41572086	        -17.96908766	         14.96712888	        -82.69349660	          0.09285981	        -50.21223555	         63.29639739	         65.84257811	          7.02985175	         23.49412758	
          0.17057600	         -6.28320028	          8.40803036	          0.84364320	         -0.71371151	          0.97065004	          0.30621038	        -21.96314458	         -7.77816196	         -4.34080426	        -29.31657655	        -39.09234332	         -9.98783657	         -0.74895776	         85.19647884	          9.07665137	         -4.47479974	        -84.71700081	         -4.23545700	        -11.09263010	          6.18725356	          1.23525938	        -15.29746075	         -1.77464993	         48.42509800	         -8.79969221	         34.41300479	        139.84575790	         61.37526336	        -18.01963462	         14.97629196	        -82.57157524	          0.20358399	        -50.49627409	         63.41029735	         65.56025796	          7.06900205	         23.50186604	
          0.17137131	         -6.34322620	          8.34721256	          1.00539955	         -0.70598637	          0.97107350	          0.30618314	        -21.91300913	         -7.61806096	         -4.32574300	        -29.78796616	        -39.02840704	         -9.45845708	         -0.68292048	         84.99740567	          9.20255693	         -4.24768089	        -83.71547034	         -4.30968522	        -11.06733872	          6.09628609	          1.25286434	        -15.29719120	         -1.86725665	         48.40350582	         -8.88540881	         34.34387523	        140.23437994	         61.34194189	        -18.05356078	         14.98302989	        -82.46695015	          0.27801501	        -50.69681413	         63.48992567	         65.35961759	          7.09648852	         23.50671098	
          0.17139394	         -6.34483973	          8.34548045	          1.00988215	         -0.70576682	          0.97108572	          0.30618252	        -21.91147852	         -7.61356488	         -4.32533956	        -29.80168346	        -39.02622632	         -9.44359563	         -0.68082629	         84.99147558	          9.20601250	         -4.24119955	        -83.68687213	         -4.31181597	        -11.06646063	          6.09375789	          1.25321833	        -15.29719475	         -1.86978817	         48.40268420	         -8.88789211	         34.34183506	        140.24538951	         61.34093789	        -18.05449385	         14.98322259	        -82.46377761	          0.28005921	        -50.70245352	         63.49215960	         65.35395788	          7.09726082	         23.50683998	
          0.17174125	         -6.36895480	          8.31889517	          1.07787900	         -0.70239822	          0.97127457	          0.30617392	        -21.88727650	         -7.54498260	         -4.31938722	        -30.01435069	        -38.99038691	         -9.21700707	         -0.64730017	         84.89860881	          9.25820037	         -4.14157976	        -83.24716657	         -4.34465375	        -11.05189095	          6.05537205	          1.25763735	        -15.29734146	         -1.90793802	         48.38862908	         -8.92634247	         34.31004876	        140.41406413	         61.32510867	        -18.06859863	         14.98618668	        -82.41373474	          0.31092090	        -50.78855902	         63.52625100	         65.26741522	          7.10905360	         23.50876096	
          0.17283863	         -6.43711482	          8.23514183	          1.28297317	         -0.69177269	          0.97188568	          0.30615853	        -21.80234929	         -7.33397808	         -4.30450465	        -30.71190861	        -38.85028721	         -8.52239162	         -0.52613073	         84.58268019	          9.41286857	         -3.82530134	        -81.84914120	         -4.44999452	        -10.99259020	          5.93939458	          1.25915848	        -15.29913250	         -2.01983835	         48.32637662	         -9.05223953	         34.20445445	        140.94299371	         61.26952491	        -18.11055918	         14.99561288	        -82.23930840	          0.40195705	        -51.05491188	         63.63181825	         64.99806698	          7.14562823	         23.51413780	
          0.17363394	         -6.47892242	          8.17487414	          1.42273607	         -0.68408768	          0.97234155	          0.30615777	        -21.73317111	         -7.18679930	         -4.29856804	        -31.24117476	        -38.72677588	         -8.04259190	         -0.42641556	         84.33266870	          9.51568640	         -3.59470895	        -80.82797170	         -4.52777054	        -10.93743307	          5.86048737	          1.24858272	        -15.30185850	         -2.09291797	         48.26434548	         -9.14809361	         34.12393810	        141.32239598	         61.22346336	        -18.13864081	         15.00246943	        -82.09785743	          0.46171911	        -51.24247060	         63.70681838	         64.80667475	          7.17159365	         23.51743140	
          0.17365657	         -6.48001891	          8.17316662	          1.42660707	         -0.68386923	          0.97235467	          0.30615786	        -21.73111355	         -7.18268593	         -4.29846975	        -31.25651703	        -38.72302950	         -8.02926768	         -0.42345941	         84.32530087	          9.51850184	         -3.58813242	        -80.79882597	         -4.52999991	        -10.93571894	          5.85830682	          1.24813974	        -15.30195504	         -2.09490042	         48.26237333	         -9.15088164	         34.12160804	        141.33313977	         61.22207711	        -18.13941267	         15.00266442	        -82.09365326	          0.46334239	        -51.24773850	         63.70893934	         64.80127589	          7.17232682	         23.51751826	
          0.17400388	         -6.49620674	          8.14701270	          1.48531346	         -0.68051718	          0.97255710	          0.30616017	        -21.69892681	         -7.12007096	         -4.29749770	        -31.49397203	        -38.66406677	         -7.82715190	         -0.37736795	         84.21044839	          9.56097595	         -3.48707153	        -80.35080102	         -4.56433276	        -10.90842119	          5.82528614	          1.24035958	        -15.30357465	         -2.12466873	         48.23066318	         -9.19412001	         34.08560854	        141.49770376	         61.20025149	        -18.15107962	         15.00565549	        -82.02789047	          0.48772374	        -51.32812576	         63.74143218	         64.71872019	          7.18354743	         23.51880658	
          0.17510125	         -6.53944310	          8.06518864	          1.66225783	         -0.66994016	          0.97320874	          0.30617676	        -21.59007116	         -6.92892269	         -4.30176683	        -32.26786143	        -38.46227850	         -7.22063081	         -0.22469333	         83.82613047	          9.68629710	         -3.16642924	        -78.92762340	         -4.67413199	        -10.81032320	          5.72658560	          1.20377770	        -15.31048497	         -2.21068037	         48.11277148	         -9.33647437	         33.96962072	        142.01318788	         61.12423307	        -18.18581209	         15.01505531	        -81.80526915	          0.55811209	        -51.57620773	         63.84368770	         64.46173901	          7.21865941	         23.52235941	
          0.17589657	         -6.56330685	          8.00682416	          1.78276219	         -0.66228671	          0.97369172	          0.30619687	        -21.50479056	         -6.79703847	         -4.31287393	        -32.85053838	        -38.30490565	         -6.81488960	         -0.10992049	         83.52759219	          9.76910825	         -2.93283415	        -77.88932988	         -4.75487623	        -10.72843564	          5.66049820	          1.16601174	        -15.31733050	         -2.26556722	         48.01057677	         -9.44550648	         33.88434289	        142.38238514	         61.06198237	        -18.20911244	         15.02178356	        -81.63030435	          0.60276803	        -51.75032865	         63.91796138	         64.27908521	          7.24389089	         23.52449777	
          0.17591919	         -6.56389431	          8.00517699	          1.78609934	         -0.66206911	          0.97370558	          0.30619753	        -21.50229013	         -6.79337132	         -4.31329941	        -32.86737667	        -38.30032929	         -6.80379786	         -0.10663155	         83.51885657	          9.77137002	         -2.92617416	        -77.85971057	         -4.75718681	        -10.72597812	          5.65868603	          1.16480044	        -15.31754926	         -2.26703911	         48.00746397	         -9.44868479	         33.88191145	        142.39283294	         61.06011860	        -18.20975390	         15.02197356	        -81.62516414	          0.60395981	        -51.75521184	         63.92008225	         64.27393220	          7.24460719	         23.52455381	
          0.17626651	         -6.57227872	          7.97999126	          1.83670833	         -0.65872986	          0.97391922	          0.30620832	        -21.46341130	         -6.73768126	         -4.32063331	        -33.12763228	        -38.22954847	         -6.63681754	         -0.05609275	         83.38309741	          9.80545227	         -2.82384512	        -77.40451155	         -4.79274352	        -10.68738841	          5.63134536	          1.14526273	        -15.32107862	         -2.28901889	         47.95825897	         -9.49801986	         33.84459071	        142.55281268	         61.03084747	        -18.21945827	         15.02487855	        -81.54515404	          0.62170624	        -51.82967621	         63.95271701	         64.19513156	          7.25559645	         23.52538332	
          0.17736388	         -6.59097485	          7.90160849	          1.98921797	         -0.64818959	          0.97460387	          0.30624947	        -21.33472412	         -6.56914460	         -4.35400010	        -33.97151329	        -38.00133007	         -6.15142607	          0.10279752	         82.93386898	          9.90547523	         -2.49928549	        -75.95996210	         -4.90610512	        -10.55516281	          5.55088744	          1.07197686	        -15.33429072	         -2.35102427	         47.78531607	         -9.66083854	         33.72716353	        143.05315127	         60.93012824	        -18.24847617	         15.03387631	        -81.27903776	          0.67106658	        -52.05872809	         64.05722192	         63.94985254	          7.29029496	         23.52766189	
          0.17815919	         -6.59714842	          7.84589678	          2.09303116	         -0.64055946	          0.97510840	          0.30628544	        -21.23632693	         -6.45404236	         -4.38825328	        -34.60292034	        -37.83445539	         -5.84220094	          0.21511866	         82.58944732	          9.97095249	         -2.26282860	        -74.90758879	         -4.98910462	        -10.45013398	          5.49827775	          1.00802910	        -15.34573465	         -2.38908726	         47.64351353	         -9.78568406	         33.64318816	        143.41050332	         60.84923723	        -18.26810327	         15.04016902	        -81.07403501	          0.70053714	        -52.21860658	         64.13488768	         63.77562753	          7.31549267	         23.52904297	
          0.17818182	         -6.59723362	          7.84432489	          2.09590519	         -0.64034248	          0.97512284	          0.30628654	        -21.23346890	         -6.45085434	         -4.38935569	        -34.62111991	        -37.82971997	         -5.83395312	          0.21825741	         82.57942137	          9.97273181	         -2.25608578	        -74.87758814	         -4.99147495	        -10.44703895	          5.49685191	          1.00607806	        -15.34608227	         -2.39008761	         47.63927827	         -9.78932265	         33.64081996	        143.42060092	         60.84683805	        -18.26864605	         15.04034464	        -81.06805892	          0.70129880	        -52.22307746	         64.13712726	         63.77071473	          7.31621090	         23.52907952	
          0.17852913	         -6.59791490	          7.82028533	          2.13948390	         -0.63701254	          0.97534523	          0.30630379	        -21.18920901	         -6.40251896	         -4.40718320	        -34.90209513	        -37.75724258	         -5.71127398	          0.26595112	         82.42396255	          9.99947646	         -2.15247133	        -74.41667579	         -5.02791682	        -10.39881287	          5.47546052	          0.97522074	        -15.35156738	         -2.40487859	         47.57287689	         -9.84578925	         33.60464219	        143.57510400	         60.80932760	        -18.27687643	         15.04301427	        -80.97534937	          0.71246034	        -52.29115762	         64.17174038	         63.69560845	          7.32724858	         23.52962381	
          0.17962650	         -6.59235234	          7.74540330	          2.27074842	         -0.62649843	          0.97605492	          0.30636362	        -21.04485667	         -6.25721181	         -4.47495289	        -35.80926836	        -37.53283531	         -5.37381207	          0.40920769	         81.91381460	         10.07715201	         -1.82367457	        -72.95581193	         -5.14367852	        -10.23798745	          5.41403524	          0.86660631	        -15.37067734	         -2.44477915	         47.34601360	        -10.03195125	         33.49294225	        144.05688434	         60.68233076	        -18.30173949	         15.05108747	        -80.67072943	          0.74123569	        -52.49935172	         64.28442472	         63.46209056	          7.36232995	         23.53117596	
          0.18042182	         -6.58102132	          7.69211109	          2.36008130	         -0.61888416	          0.97657514	          0.30641152	        -20.93637357	         -6.15893194	         -4.53530998	        -36.48448290	        -37.37740153	         -5.17931859	          0.50390533	         81.52650068	         10.12722393	         -1.58397972	        -71.89326773	         -5.22804093	        -10.11398627	          5.37544108	          0.77746979	        -15.38612513	         -2.46739889	         47.16552370	        -10.17448022	         33.41511609	        144.39959185	         60.58217379	        -18.31883204	         15.05653801	        -80.43936002	          0.75599804	        -52.64346015	         64.36984823	         63.29647640	          7.38802238	         23.53219642	
          0.18044444	         -6.58060957	          7.69060621	          2.36255441	         -0.61866759	          0.97659000	          0.30641293	        -20.93324393	         -6.15622169	         -4.53716768	        -36.50390345	        -37.37309454	         -5.17442300	          0.50646733	         81.51527025	         10.12857428	         -1.57714271	        -71.86299845	         -5.23044542	        -10.11037323	          5.37441648	          0.77480734	        -15.38658292	         -2.46796685	         47.16019247	        -10.17863078	         33.41294605	        144.40925767	         60.57922517	        -18.31930853	         15.05668751	        -80.43265262	          0.75634399	        -52.64747411	         64.37233083	         63.29181003	          7.38875723	         23.53222474	
          0.18079176	         -6.57367116	          7.66757714	          2.40005226	         -0.61534376	          0.97681857	          0.30643496	        -20.88491770	         -6.11520488	         -4.56665185	        -36.80344560	        -37.30785386	         -5.10375136	          0.54481338	         81.34143635	         10.14879268	         -1.47206762	        -71.39811257	         -5.26737960	        -10.05434886	          5.35919828	          0.73306717	        -15.39372722	         -2.47616723	         47.07699796	        -10.24301020	         33.37995167	        144.55702124	         60.53329156	        -18.32656113	         15.05894073	        -80.32884617	          0.76114554	        -52.70847991	         64.41082645	         63.22050192	          7.40006565	         23.53265678	
          0.18188913	         -6.54416297	          7.59557354	          2.51295120	         -0.60484604	          0.97754527	          0.30650845	        -20.72892628	         -5.99267582	         -4.67160925	        -37.76713239	        -37.11355476	         -4.93637589	          0.65291397	         80.77470708	         10.20646843	         -1.13846861	        -69.92664183	         -5.38430476	         -9.87081341	          5.31739916	          0.59054937	        -15.41758695	         -2.49578763	         46.79741124	        -10.45471395	         33.27973227	        145.01601846	         60.38014763	        -18.34881522	         15.06549683	        -79.99072644	          0.77012150	        -52.89351759	         64.53761140	         62.99926804	          7.43616475	         23.53402584	
          0.18268444	         -6.51563325	          7.54394029	          2.58969833	         -0.59724115	          0.97807545	          0.30656504	        -20.61307056	         -5.91035171	         -4.75866542	        -38.48127840	        -36.98553600	         -4.86916637	          0.71747590	         80.34788979	         10.24249110	         -0.89510802	        -68.85839977	         -5.46914124	         -9.73223979	          5.29306843	          0.47732925	        -15.43586899	         -2.50418187	         46.57897793	        -10.61608764	         33.21111566	        145.34064403	         60.26195695	        -18.36445841	         15.06964300	        -79.73652153	          0.77086481	        -53.02000134	         64.63493186	         62.84295523	          7.46270387	         23.53507444	
          0.18270707	         -6.51473438	          7.54247634	          2.59182167	         -0.59702482	          0.97809057	          0.30656669	        -20.60974357	         -5.90808684	         -4.76127497	        -38.50178174	        -36.98206770	         -4.86792990	          0.71912862	         80.33555478	         10.24344610	         -0.88816438	        -68.82799395	         -5.47155469	         -9.72823579	          5.29244950	          0.47398786	        -15.43639884	         -2.50435059	         46.57257012	        -10.62077702	         33.20921495	        145.34977491	         60.25851025	        -18.36489898	         15.06975277	        -79.72918190	          0.77081638	        -53.02350293	         64.63777305	         62.83855939	          7.46346379	         23.53510552	
          0.18305439	         -6.50033383	          7.52003183	          2.62400773	         -0.59370445	          0.97832284	          0.30659222	        -20.55847390	         -5.87384669	         -4.80224445	        -38.81777259	        -36.93010492	         -4.85368497	          0.74315882	         80.14489992	         10.25762582	         -0.78143632	        -68.36118991	         -5.50859526	         -9.66637439	          5.28345752	          0.42186936	        -15.44458928	         -2.50646046	         46.47286994	        -10.69344547	         33.18040422	        145.48918410	         60.20503635	        -18.37163706	         15.07137782	        -79.61579172	          0.76959523	        -53.07656728	         64.68191264	         62.77144541	          7.47516388	         23.53559357	
          0.18415176	         -6.44743573	          7.44933405	          2.72083004	         -0.58321523	          0.97905877	          0.30667565	        -20.39424125	         -5.77198812	         -4.94280523	        -39.83130722	        -36.78274059	         -4.86778896	          0.80160556	         79.52667911	         10.29658916	         -0.44241415	        -66.88585301	         -5.62546997	         -9.46642183	          5.26131843	          0.24709527	        -15.47101447	         -2.50730402	         46.14137735	        -10.93156294	         33.09401251	        145.92002082	         60.02936875	        -18.39272004	         15.07572376	        -79.24888319	          0.75992521	        -53.23557074	         64.82825210	         62.56397488	          7.51258351	         23.53730749	
          0.18494707	         -6.40215802	          7.39811962	          2.78658500	         -0.57561424	          0.97959333	          0.30673841	        -20.27336958	         -5.70390057	         -5.05490728	        -40.57957769	        -36.69311823	         -4.93472325	          0.82616470	         79.06415054	         10.31937113	         -0.19495836	        -65.81691236	         -5.70991265	         -9.31786264	          5.25118308	          0.11102603	        -15.49044283	         -2.50251501	         45.88551598	        -11.11224540	         33.03584313	        146.22256814	         59.89620322	        -18.40794014	         15.07805475	        -78.97520104	          0.74751253	        -53.34231117	         64.94133812	         62.41813849	          7.54014869	         23.53876509	
          0.18496970	         -6.40078604	          7.39666065	          2.78840334	         -0.57539801	          0.97960854	          0.30674023	        -20.26991004	         -5.70203022	         -5.05821651	        -40.60102768	        -36.69078453	         -4.93732148	          0.82663603	         79.05082048	         10.31995246	         -0.18789704	        -65.78651318	         -5.71231084	         -9.31359772	          5.25096598	          0.10704177	        -15.49099618	         -2.50231331	         45.87804429	        -11.11748458	         33.03423980	        146.23105058	         59.89235087	        -18.40837371	         15.07811028	        -78.96732338	          0.74709401	        -53.34524096	         64.94464605	         62.41404739	          7.54093833	         23.53880974	
          0.18531701	         -6.37915109	          7.37424178	          2.81595926	         -0.57207878	          0.97984212	          0.30676821	        -20.21666756	         -5.67376577	         -5.10981799	        -40.93138433	        -36.65646879	         -4.98199314	          0.83226329	         78.84504278	         10.32841239	         -0.07935892	        -65.31999872	         -5.74909057	         -9.24789011	          5.24812051	          0.04510873	        -15.49948222	         -2.49876608	         45.76201243	        -11.19858744	         33.00996786	        146.36036606	         59.83281219	        -18.41503820	         15.07888470	        -78.84578087	          0.74021977	        -53.38946161	         64.99606925	         62.35166039	          7.55309642	         23.53951963	
          0.18641438	         -6.30381071	          7.30296180	          2.89875684	         -0.56159137	          0.98057995	          0.30685861	        -20.04683040	         -5.58968599	         -5.28234127	        -41.98830605	        -36.56674432	         -5.18176361	          0.82975457	         78.18100341	         10.34942440	          0.26535636	        -63.84794639	         -5.86484171	         -9.03771686	          5.24502227	         -0.15995865	        -15.52600898	         -2.48204302	         45.37878738	        -11.46316219	         32.93717354	        146.75759852	         59.64029540	        -18.43629032	         15.08032306	        -78.45434724	          0.71301517	        -53.51975468	         65.16677739	         62.15977632	          7.59195932	         23.54209887	
          0.18720970	         -6.24274003	          7.25065418	          2.95488695	         -0.55399016	          0.98111387	          0.30692584	        -19.92234769	         -5.53331447	         -5.41573885	        -42.76616020	        -36.51962960	         -5.38154616	          0.80801688	         77.68723686	         10.35922720	          0.51683654	        -62.78369570	         -5.94821544	         -8.88355259	          5.24820140	         -0.31724053	        -15.54468917	         -2.46476059	         45.08518079	        -11.66269569	         32.88769321	        147.03418309	         59.49745905	        -18.45199637	         15.08033974	        -78.16397330	          0.68818552	        -53.60501759	         65.29868690	         62.02590182	          7.62053738	         23.54433850	
          0.18723232	         -6.24092478	          7.24915572	          2.95643800	         -0.55377389	          0.98112904	          0.30692777	        -19.91879052	         -5.53176270	         -5.41962999	        -42.78842907	        -36.51851110	         -5.38789908	          0.80714666	         77.67304261	         10.35943942	          0.52401088	        -62.75345852	         -5.95058017	         -8.87915028	          5.24835675	         -0.32181897	        -15.54521104	         -2.46420622	         45.07663179	        -11.66846678	         32.88632138	        147.04190718	         59.49336383	        -18.45244818	         15.08032689	        -78.15563381	          0.68741726	        -53.60732830	         65.30254428	         62.02215936	          7.62135534	         23.54440731	
          0.18757964	         -6.21252753	          7.22607272	          2.97993630	         -0.55045416	          0.98136179	          0.30695754	        -19.86408495	         -5.50828609	         -5.47999763	        -43.13119762	        -36.50288957	         -5.49003327	          0.79201147	         77.45416981	         10.36223425	          0.63427349	        -62.28962910	         -5.98682525	         -8.81148678	          5.25118443	         -0.39280805	        -15.55314303	         -2.45526471	         44.94403891	        -11.75770379	         32.86549399	        147.15944511	         59.43032104	        -18.45942328	         15.08003404	        -78.02709287	          0.67519904	        -53.64199007	         65.36249804	         61.96518172	          7.63394471	         23.54550108	
          0.18867701	         -6.11634848	          7.15197574	          3.05047399	         -0.53996361	          0.98209492	          0.30705303	        -19.69004358	         -5.43805835	         -5.67814860	        -44.22539087	        -36.47263218	         -5.86910402	          0.72187078	         76.75086561	         10.36535200	          0.98429388	        -60.82850887	         -6.10063434	         -8.59700929	          5.26545574	         -0.62568420	        -15.57704731	         -2.42172908	         44.50816942	        -12.04758479	         32.80217891	        147.51779885	         59.22951294	        -18.48203346	         15.07788483	        -77.61465165	          0.63140360	        -53.74140086	         65.56133748	         61.79109886	          7.67412682	         23.54945646	
          0.18947232	         -6.04075653	          7.09693607	          3.09825982	         -0.53235882	          0.98262357	          0.30712352	        -19.56276727	         -5.39041567	         -5.82800715	        -45.02844444	        -36.46821414	         -6.19566057	          0.64965779	         76.23072300	         10.36214401	          1.23935398	        -59.77451307	         -6.18242030	         -8.44139606	          5.28060217	         -0.80230207	        -15.59301115	         -2.39243859	         44.17595490	        -12.26495228	         32.75778403	        147.76479813	         59.08343518	        -18.49907036	         15.07511367	        -77.31000098	          0.59476997	        -53.80371380	         65.71464490	         61.67077401	          7.70361156	         23.55285090	
          0.18949495	         -6.03853650	          7.09535129	          3.09958026	         -0.53214244	          0.98263857	          0.30712554	        -19.55913162	         -5.38909466	         -5.83233846	        -45.05140843	        -36.46829387	         -6.20556598	          0.64734054	         76.21580509	         10.36198487	          1.24662501	        -59.74459641	         -6.18473853	         -8.43697144	          5.28108897	         -0.80741974	        -15.59344589	         -2.39154414	         44.16629971	        -12.27122256	         32.75652829	        147.77166579	         59.07928365	        -18.49956413	         15.07501944	        -77.30126552	          0.59366773	        -53.80536576	         65.71912185	         61.66742461	          7.70445459	         23.55295453	
          0.18984226	         -6.00398876	          7.07088278	          3.11958633	         -0.52882085	          0.98286856	          0.30715667	        -19.50321910	         -5.36903192	         -5.89925791	        -45.40469793	        -36.47090139	         -6.36178968	          0.60994651	         75.98601445	         10.35906802	          1.35832797	        -59.28588722	         -6.22026424	         -8.36908984	          5.28893572	         -0.88660733	        -15.59997284	         -2.37739043	         44.01666276	        -12.36805708	         32.73725577	        147.87596605	         59.01563399	        -18.50721109	         15.07346423	        -77.16671054	          0.57633195	        -53.82987991	         65.78865426	         61.61653177	          7.71742319	         23.55459676	
          0.19093964	         -5.88922273	          6.99165749	          3.17968534	         -0.51832351	          0.98359135	          0.30725637	        -19.32521378	         -5.30792308	         -6.11545827	        -46.53032171	        -36.49554999	         -6.90543763	          0.46929918	         75.25062962	         10.34395921	          1.71224756	        -57.84342140	         -6.33178373	         -8.15536306	          5.31813885	         -1.14436829	        -15.61861388	         -2.32744885	         43.52602264	        -12.68102666	         32.67566612	        148.19151559	         58.81619377	        -18.53227720	         15.06717718	        -76.73597548	          0.51642812	        -53.89685469	         66.01850664	         61.46228285	          7.75872798	         23.56045814	
          0.19173495	         -5.80099779	          6.93218487	          3.22047479	         -0.51071301	          0.98411102	          0.30732988	        -19.19486010	         -5.26526351	         -6.27581729	        -47.35444893	        -36.52803573	         -7.34482638	          0.34601862	         74.70956311	         10.32735069	          1.96945977	        -56.80529980	         -6.41192004	         -8.00161384	          5.34318724	         -1.33803048	        -15.62998615	         -2.28630930	         43.15317652	        -12.91420083	         32.62930234	        148.40663803	         58.67428146	        -18.55140559	         15.06127257	        -76.41869579	          0.46815276	        -53.93533817	         66.19495455	         61.35689935	          7.78895119	         23.56539941	
          0.19175758	         -5.79842868	          6.93046516	          3.22160318	         -0.51049646	          0.98412574	          0.30733199	        -19.19113435	         -5.26406425	         -6.28041556	        -47.37799149	        -36.52912962	         -7.35786228	          0.34224905	         74.69407855	         10.32680795	          1.97678371	        -56.77586370	         -6.41419147	         -7.99725844	          5.34394441	         -1.34362086	        -15.63028071	         -2.28507825	         43.14235382	        -12.92090937	         32.62795088	        148.41258836	         58.67028750	        -18.55196268	         15.06108754	        -76.40960875	          0.46671970	        -53.93630825	         66.20009796	         61.35398199	          7.78981430	         23.56554908	
          0.19210489	         -5.75859426	          6.90386443	          3.23870996	         -0.50717215	          0.98435140	          0.30736444	        -19.13382095	         -5.24573141	         -6.35121234	        -47.74001667	        -36.54705611	         -7.56158685	          0.28256562	         74.45578851	         10.31798646	          2.08924094	        -56.32473214	         -6.44899986	         -7.93055188	          5.35586266	         -1.42997979	        -15.63458964	         -2.26576101	         42.97471523	        -13.02439181	         32.60693315	        148.50273495	         58.60932756	        -18.56060833	         15.05812717	        -76.26971049	          0.44430853	        -53.95032840	         66.27991711	         61.30976918	          7.80308475	         23.56791218	
          0.19320226	         -5.62804844	          6.81716465	          3.29027209	         -0.49666550	          0.98505906	          0.30746835	        -18.95109468	         -5.18833338	         -6.57694593	        -48.89146399	        -36.61673994	         -8.24797733	          0.07183930	         73.69601622	         10.28401591	          2.44471381	        -54.90865365	         -6.55832840	         -7.72183663	          5.39695669	         -1.70934008	        -15.64543293	         -2.19952255	         42.42611653	        -13.35729564	         32.53613970	        148.77288629	         58.42159281	        -18.58915928	         15.04728452	        -75.82268247	          0.36834122	        -53.98383020	         66.54292103	         61.17715254	          7.84527678	         23.57623075	
          0.19399758	         -5.52934051	          6.75160730	          3.32551325	         -0.48904772	          0.98556656	          0.30754509	        -18.81689389	         -5.14661944	         -6.74164161	        -49.73265301	        -36.67808244	         -8.78283180	         -0.10132214	         73.13964664	         10.25353604	          2.70203868	        -53.89191091	         -6.63707116	         -7.57278260	          5.42969411	         -1.91762295	        -15.65045861	         -2.14654173	         42.01006531	        -13.60372516	         32.47904872	        148.95488047	         58.29094205	        -18.61112904	         15.03801705	        -75.49401840	          0.30828203	        -53.99779379	         66.74392167	         61.08781147	          7.87610474	         23.58313332	
          0.19402020	         -5.52648569	          6.74970663	          3.32649214	         -0.48883096	          0.98558092	          0.30754730	        -18.81305190	         -5.14542481	         -6.74633171	        -49.75666100	        -36.67994455	         -8.79847464	         -0.10649346	         73.12375618	         10.25259613	          2.70935098	        -53.86311004	         -6.63930663	         -7.56857204	          5.43065855	         -1.92361628	        -15.65056464	         -2.14497293	         41.99799684	        -13.61079428	         32.47733631	        148.95988998	         58.28729979	        -18.61177088	         15.03773613	        -75.48461124	          0.30651075	        -53.99806352	         66.74976910	         61.08535355	          7.87698484	         23.58334112	
          0.19436752	         -5.48235609	          6.72027492	          3.34136418	         -0.48550339	          0.98580099	          0.30758123	        -18.75390069	         -5.12700515	         -6.81831942	        -50.12569345	        -36.70927096	         -9.04141374	         -0.18754746	         72.87944152	         10.23766003	          2.82151628	        -53.42191378	         -6.67359429	         -7.50415924	          5.44567872	         -2.01606908	        -15.65192686	         -2.12046306	         41.81111271	        -13.71968918	         32.45036604	        149.03562532	         58.23194389	        -18.62174473	         15.03330421	        -75.33981924	          0.27888198	        -54.00131563	         66.84042918	         61.04820835	          7.89051590	         23.58661299	
          0.19546489	         -5.33936844	          6.62398102	          3.38661475	         -0.47498613	          0.98648999	          0.30769023	        -18.56467955	         -5.06736888	         -7.04511927	        -51.29759539	        -36.81002661	         -9.84162325	         -0.46388572	         72.10317954	         10.18414732	          3.17462946	        -52.03949152	         -6.78168396	         -7.30353104	          5.49558767	         -2.31354984	        -15.65281736	         -2.03770883	         41.20015640	        -14.06815016	         32.35558176	        149.26069248	         58.06440226	        -18.65482969	         15.01782799	        -74.87755168	          0.18608891	        -54.00058580	         67.13809150	         60.93808438	          7.93353185	         23.59800942	
          0.19626020	         -5.23271665	          6.55085475	          3.41799384	         -0.46736043	          0.98698304	          0.30777101	        -18.42511591	         -5.02216750	         -7.20802847	        -52.15200912	        -36.88918343	        -10.44937853	         -0.68277481	         71.53727634	         10.13929336	          3.42887537	        -51.04928973	         -6.85991686	         -7.16113255	          5.53377780	         -2.53388874	        -15.65002107	         -1.97265383	         40.73743812	        -14.32438563	         32.27617374	        149.41044610	         57.95074117	        -18.68040585	         15.00521855	        -74.53805182	          0.11351019	        -53.98954209	         67.36459363	         60.86519602	          7.96495792	         23.60733888	
          0.19628283	         -5.22964907	          6.54873131	          3.41887166	         -0.46714344	          0.98699698	          0.30777333	        -18.42111318	         -5.02085084	         -7.21263653	        -52.17637376	        -36.89149452	        -10.46697690	         -0.68922391	         71.52114430	         10.13794199	          3.43608294	        -51.02127018	         -6.86214274	         -7.15712097	          5.53488593	         -2.54021184	        -15.64989722	         -1.97074020	         40.72402382	        -14.33171549	         32.27376550	        149.41454416	         57.94761053	        -18.68115423	         15.00484284	        -74.52833878	          0.11137859	        -53.98909790	         67.37117108	         60.86320786	          7.96585509	         23.60761815	
          0.19663014	         -5.18234635	          6.51583227	          3.43225402	         -0.46381234	          0.98721050	          0.30780913	        -18.35943463	         -5.00040251	         -7.28315537	        -52.55074661	        -36.92731195	        -10.73909540	         -0.78971130	         71.27332527	         10.11667466	          3.54651367	        -50.59224457	         -6.89632106	         -7.09582574	          5.55203435	         -2.63763537	        -15.64768308	         -1.94092677	         40.51635337	        -14.44448117	         32.23568277	        149.47634118	         57.90028562	        -18.69279063	         14.99896083	        -74.37886342	          0.07818621	        -53.98137287	         67.47306273	         60.83327995	          7.97964930	         23.61200402	
          0.19772751	         -5.03049817	          6.40806541	          3.47358071	         -0.45328391	          0.98787802	          0.30792437	        -18.16142792	         -4.93249917	         -7.50286559	        -53.73790676	        -37.04364084	        -11.62085265	         -1.12483378	         70.48846831	         10.04300879	          3.89241739	        -49.25037064	         -7.00460877	         -6.90575500	          5.60775071	         -2.94970602	        -15.63675545	         -1.84126388	         39.83811331	        -14.80345320	         32.10029631	        149.65825614	         57.75994316	        -18.73146231	         14.97901523	        -73.90185090	         -0.03266760	        -53.94570962	         67.80642308	         60.74594299	          8.02353070	         23.62713460	
          0.19852283	         -4.91855919	          6.32623801	          3.50288570	         -0.44565021	          0.98835491	          0.30801000	        -18.01464894	         -4.87962910	         -7.65851029	        -54.60190107	        -37.12941346	        -12.27715857	         -1.38328111	         69.91863311	          9.98346633	          4.13956543	        -48.29140819	         -7.08360982	         -6.77157529	          5.64933430	         -3.17957448	        -15.62500076	         -1.76377710	         39.32506063	        -15.06553599	         31.98600729	        149.77792405	         57.66719935	        -18.76140134	         14.96334996	        -73.55157977	         -0.11890579	        -53.90907722	         68.05884247	         60.68941195	          8.05564277	         23.63938005	
          0.19854545	         -4.91535539	          6.32386325	          3.50371421	         -0.44543299	          0.98836839	          0.30801247	        -18.01042969	         -4.87807445	         -7.66288739	        -54.62652062	        -37.13185548	        -12.29600437	         -1.39081298	         69.90241694	          9.98169661	          4.14654590	        -48.26429888	         -7.08586625	         -6.76780354	          5.65052947	         -3.18615599	        -15.62461813	         -1.76150730	         39.31019462	        -15.07300915	         31.98253741	        149.78118402	         57.66467371	        -18.76227768	         14.96289028	        -73.54155800	         -0.12143404	        -53.90790140	         68.06615637	         60.68788589	          8.05656042	         23.63974491	
          0.19889277	         -4.86606073	          6.28708133	          3.51640747	         -0.44209847	          0.98857472	          0.30805047	        -17.94534870	         -4.85383616	         -7.72969396	        -55.00468437	        -37.16928523	        -12.58633789	         -1.50761975	         69.65349852	          9.95400489	          4.25331370	        -47.84939376	         -7.12057466	         -6.71023041	          5.66894826	         -3.28745803	        -15.61840543	         -1.72620907	         39.08010293	        -15.18781320	         31.92767501	        149.83024318	         57.62669960	        -18.77590475	         14.95574061	        -73.38732640	         -0.16077202	        -53.88892030	         68.17934504	         60.66502747	          8.07067605	         23.64546301	
          0.19999014	         -4.70913901	          6.16673490	          3.55639146	         -0.43155947	          0.98921905	          0.30817302	        -17.73561845	         -4.77227000	         -7.93561564	        -56.20231662	        -37.28580323	        -13.51413508	         -1.89058937	         68.86753734	          9.86000706	          4.58546183	        -46.55396201	         -7.23129356	         -6.53242293	          5.72786977	         -3.61069670	        -15.59451942	         -1.60899939	         38.32932609	        -15.55123550	         31.73330825	        149.97347761	         57.51669222	        -18.82119407	         14.93205240	        -72.89507437	         -0.29174568	        -53.81737692	         68.54830655	         60.59973289	          8.11565899	         23.66502932	
          0.20078545	         -4.59467501	          6.07551893	          3.58551217	         -0.42391836	          0.98967868	          0.30826424	        -17.57941764	         -4.70793365	         -8.07935887	        -57.07248527	        -37.36712337	        -14.19290432	         -2.18010904	         68.29913177	          9.78571320	          4.82054429	        -45.63037174	         -7.31277850	         -6.40759883	          5.77101348	         -3.84763725	        -15.57308246	         -1.51859165	         37.76212087	        -15.81464714	         31.57065241	        150.06660800	         57.44661029	        -18.85623520	         14.91393787	        -72.53353981	         -0.39323859	        -53.75443023	         68.82640171	         60.55888959	          8.14865010	         23.68070303	
          0.20080808	         -4.59141323	          6.07287489	          3.58634497	         -0.42370094	          0.98969167	          0.30826686	        -17.57491891	         -4.70603542	         -8.08337618	        -57.09726376	        -37.36938557	        -14.21225641	         -2.18847687	         68.28298273	          9.78352439	          4.82715456	        -45.60428878	         -7.31511465	         -6.40409852	          5.77224390	         -3.85440786	        -15.57242164	         -1.51595185	         37.74569612	        -15.82213445	         31.56573938	        150.06913183	         57.44473413	        -18.85726019	         14.91341241	        -72.52319406	         -0.39620940	        -53.75250145	         68.83444269	         60.55780592	          8.14959371	         23.68116797	
          0.20115540	         -4.54132256	          6.03195163	          3.59916902	         -0.42036330	          0.98989036	          0.30830736	        -17.50546811	         -4.67641454	         -8.14452728	        -57.47775575	        -37.40370688	        -14.50944813	         -2.31775873	         68.03527233	          9.74940843	          4.92804521	        -45.20527057	         -7.35111089	         -6.35072587	          5.79114193	         -3.95853175	        -15.56192501	         -1.47495804	         37.49156026	        -15.93698958	         31.48827132	        150.10702477	         57.41673990	        -18.87319177	         14.90528432	        -72.36395939	         -0.44240218	        -53.72192902	         68.95875711	         60.54170861	          8.16411407	         23.68843962	
          0.20225277	         -4.38301558	          5.89853919	          3.64035149	         -0.40981501	          0.99051028	          0.30843778	        -17.28094096	         -4.57668649	         -8.33116839	        -58.68143608	        -37.50643432	        -15.44777120	         -2.73536928	         67.25522360	          9.63529903	          5.23910700	        -43.96156538	         -7.46670751	         -6.18655993	          5.85083873	         -4.28973465	        -15.52441873	         -1.33956469	         36.66349613	        -16.29848889	         31.21708296	        150.21667117	         57.33803775	        -18.92601619	         14.87895731	        -71.85544487	         -0.59582211	        -53.61329855	         69.36225649	         60.49737277	          8.21044912	         23.71312002	
          0.20304808	         -4.26858126	          5.79801420	          3.67106509	         -0.40216786	          0.99095206	          0.30853459	        -17.11306881	         -4.49832093	         -8.45987754	        -59.55483118	        -37.57439547	        -16.12374800	         -3.04500297	         66.69297446	          9.54670144	          5.45637289	        -43.07678855	         -7.55251804	         -6.07191599	          5.89387291	         -4.53160195	        -15.49313349	         -1.23581257	         36.03918936	        -16.55848706	         30.99387146	        150.28712072	         57.28998892	        -18.96672725	         14.85944213	        -71.48158727	         -0.71436799	        -53.52296958	         69.66457344	         60.47128873	          8.24448434	         23.73268626	
          0.20307071	         -4.26533287	          5.79510790	          3.67195202	         -0.40195028	          0.99096454	          0.30853737	        -17.10822636	         -4.49601389	         -8.46345527	        -59.57968760	        -37.57623794	        -16.14289320	         -3.05387975	         66.67702308	          9.54410944	          5.46244452	        -43.05182557	         -7.55498707	         -6.06870868	          5.89509208	         -4.53850257	        -15.49219321	         -1.23279114	         36.02112741	        -16.56585227	         30.98717668	        150.28901996	         57.28872970	        -18.96791598	         14.85888346	        -71.47088390	         -0.71783375	        -53.52025533	         69.67329262	         60.47061947	          8.24545842	         23.73326419	
          0.20341802	         -4.21553481	          5.75017671	          3.68566820	         -0.39861020	          0.99115539	          0.30858026	        -17.03341834	         -4.46005046	         -8.51777643	        -59.96127948	        -37.60384101	        -16.43602413	         -3.19053451	         66.43250308	          9.50383046	          5.55484653	        -42.67010836	         -7.59309108	         -6.01985679	          5.91376106	         -4.64455173	        -15.47741180	         -1.18592555	         35.74177229	        -16.67865935	         30.88194937	        150.31746878	         57.27013672	        -18.98637790	         14.85029165	        -71.30611080	         -0.77169222	        -53.47758106	         69.80794181	         60.46084515	          8.26045182	         23.74228587	
          0.20451539	         -4.05922199	          5.60432799	          3.73042283	         -0.38805500	          0.99175040	          0.30871806	        -16.79096795	         -4.33946681	         -8.68183659	        -61.16725208	        -37.68196829	        -17.35062952	         -3.62600906	         65.66445526	          9.37057527	          5.83636640	        -41.48241260	         -7.71618372	         -5.87025869	          5.97203827	         -4.98097343	        -15.42643306	         -1.03181416	         34.83295573	        -17.03154695	         30.51803042	        150.39903796	         57.22027545	        -19.04740318	         14.82307145	        -70.77949181	         -0.95016963	        -53.33015685	         70.24315272	         60.43601756	          8.30834598	         23.77268736	
          0.20531071	         -3.94717977	          5.49510126	          3.76441577	         -0.38040368	          0.99217400	          0.30881991	        -16.60921156	         -4.24540749	         -8.79344321	        -62.04125235	        -37.72924162	        -17.99950565	         -3.94329868	         65.11261755	          9.26849823	          6.02963505	        -40.63944997	         -7.80816140	         -5.76638131	          6.01338857	         -5.22587234	        -15.38550641	         -0.91440199	         34.14934931	        -17.28328651	         30.22323917	        150.45070704	         57.19209624	        -19.09421921	         14.80350033	        -70.39190870	         -1.08762741	        -53.21113409	         70.56743671	         60.42363311	          8.34355678	         23.79656712	
          0.20533333	         -3.94400984	          5.49195293	          3.76540404	         -0.38018599	          0.99218596	          0.30882282	        -16.60396404	         -4.24265034	         -8.79652913	        -62.06611420	        -37.73046653	        -18.01776560	         -3.95232582	         65.09698148	          9.26552915	          6.03499212	        -40.61569061	         -7.81081384	         -5.76348177	          6.01455188	         -5.23285123	        -15.38429441	         -0.91099191	         34.12959509	        -17.29039223	         30.21446128	        150.45208938	         57.19138579	        -19.09558299	         14.80294821	        -70.38080688	         -1.09163968	        -53.20759553	         70.57676619	         60.42334832	          8.34456459	         23.79726955	
          0.20568065	         -3.89548308	          5.44335273	          3.78072968	         -0.37684435	          0.99236885	          0.30886777	        -16.52287236	         -4.19976831	         -8.84328152	        -62.44771291	        -37.74841592	        -18.29654859	         -4.09080982	         64.85742547	          9.21951342	          6.11620405	        -40.25254191	         -7.85178385	         -5.71935962	          6.03230873	         -5.34005197	        -15.36536501	         -0.85816523	         33.82424661	        -17.39904714	         30.07696510	        150.47271644	         57.18108510	        -19.11673885	         14.79451714	        -70.20986001	         -1.15394237	        -53.15220854	         70.72067213	         60.41943974	          8.36007642	         23.80821368	
          0.20677802	         -3.74393179	          5.28659063	          3.83120543	         -0.36628538	          0.99293867	          0.30901126	        -16.25981636	         -4.05743376	         -8.98343462	        -63.65284085	        -37.79429311	        -19.15694546	         -4.52600005	         64.10646397	          9.06886571	          6.35963218	        -39.12459719	         -7.98448636	         -5.58470082	          6.08703512	         -5.67957836	        -15.30163083	         -0.68535125	         32.83337077	        -17.73674697	         29.60793446	        150.53083832	         57.15555439	        -19.18632034	         14.76860512	        -69.66298886	         -1.35973328	        -52.96382670	         71.18361599	         60.41270949	          8.40959935	         23.84481092	
          0.20757333	         -3.63599341	          5.17017479	          3.86992892	         -0.35863248	          0.99334400	          0.30911639	        -16.06245317	         -3.94786843	         -9.07788973	        -64.52545931	        -37.81680433	        -19.75844333	         -4.83722039	         63.56825435	          8.95494760	          6.52269416	        -38.32592238	         -8.08390821	         -5.49159795	          6.12518147	         -5.92627566	        -15.25184008	         -0.55455948	         32.09054801	        -17.97552717	         29.23427967	        150.56663362	         57.14306549	        -19.23935267	         14.75078004	        -69.25999682	         -1.51755354	        -52.81433040	         71.52646570	         60.41303264	          8.44596951	         23.87328479	
          0.20759596	         -3.63294820	          5.16683088	          3.87105893	         -0.35841476	          0.99335544	          0.30911939	        -16.05675341	         -3.94467350	         -9.08049005	        -64.55027245	        -37.81730801	        -19.77525631	         -4.84600265	         63.55302120	          8.95165112	          6.52715989	        -38.30343502	         -8.08677827	         -5.48900424	          6.12624589	         -5.93330023	        -15.25038063	         -0.55077097	         32.06911249	        -17.98224021	         29.22322552	        150.56757803	         57.14277734	        -19.24089346	         14.75028744	        -69.24844761	         -1.52215205	        -52.80991512	         71.53630440	         60.41310436	          8.44701003	         23.87411919	
          0.20794327	         -3.58639112	          5.11529059	          3.88861001	         -0.35507275	          0.99353035	          0.30916553	        -15.96866285	         -3.89509471	         -9.11980476	        -64.93105817	        -37.82407021	        -20.03114048	         -4.98022642	         63.31975550	          8.90067558	          6.59446791	        -37.95989526	         -8.13112932	         -5.44957161	          6.14243087	         -6.04116398	        -15.22768576	         -0.49215067	         31.73797928	        -18.08470105	         29.05056206	        150.58157767	         57.13879162	        -19.26476745	         14.74283857	        -69.07057060	         -1.59350161	        -52.74100285	         71.68789516	         60.41463342	          8.46302205	         23.88709770	
          0.20904065	         -3.44169085	          4.95004824	          3.94671741	         -0.34451388	          0.99407492	          0.30931183	        -15.68284422	         -3.73199476	         -9.23677522	        -66.13284764	        -37.83333140	        -20.81108438	         -5.39587368	         62.58989975	          8.73522234	          6.79129593	        -36.89492389	         -8.27494552	         -5.32962953	          6.19152742	         -6.38236453	        -15.15248841	         -0.30128988	         30.66610572	        -18.40079217	         28.46791168	        150.61981998	         57.13109429	        -19.34293214	         14.72088885	        -68.50104929	         -1.82840654	        -52.50903044	         72.17347061	         60.42466593	          8.51409399	         23.93022032	
          0.20983596	         -3.33915988	          4.82837579	          3.99150491	         -0.33686234	          0.99446189	          0.30941793	        -15.46852440	         -3.60805327	         -9.31505698	        -67.00241571	        -37.82856928	        -21.34766712	         -5.68744660	         62.06795407	          8.61154745	          6.91824460	        -36.14281405	         -8.38263611	         -5.24698479	          6.22496425	         -6.63001523	        -15.09488314	         -0.15785952	         29.86554337	        -18.62202385	         28.01035009	        150.64190365	         57.12936047	        -19.40212889	         14.70679253	        -68.08097896	         -2.00764880	        -52.32707146	         72.53108748	         60.43677339	          8.55153456	         23.96348626	
          0.20985859	         -3.33627223	          4.82489462	          3.99281358	         -0.33664467	          0.99447280	          0.30942094	        -15.46233834	         -3.60446098	         -9.31720855	        -67.02713543	        -37.82829324	        -21.36256419	         -5.69560574	         62.05319327	          8.60798706	          6.92165632	        -36.12166236	         -8.38574186	         -5.24468479	          6.22588695	         -6.63706529	        -15.09320835	         -0.15371904	         29.84248278	        -18.62821497	         27.99689876	        150.64246306	         57.12934986	        -19.40384379	         14.70641702	        -68.06893633	         -2.01285868	        -52.32172129	         72.54132543	         60.43717625	          8.55260464	         23.96445743	
          0.21020590	         -3.29215225	          4.77133837	          4.01314798	         -0.33330363	          0.99463968	          0.30946717	        -15.36676327	         -3.54887745	         -9.34972926	        -67.40644575	        -37.82308220	        -21.58861031	         -5.81983275	         61.82723573	          8.55306246	          6.97260982	        -35.79869922	         -8.43370483	         -5.20972898	          6.23984296	         -6.74531542	        -15.06726012	         -0.08975806	         29.48655119	        -18.72250897	         27.78740716	        150.65057356	         57.12941968	        -19.43037913	         14.70084371	        -67.88343527	         -2.09359781	        -52.23837681	         72.69889650	         60.44376125	          8.56906317	         23.97953705	
          0.21130327	         -3.15532332	          4.60089506	          4.08054027	         -0.32274930	          0.99515876	          0.30961234	        -15.05711294	         -3.36808860	         -9.44652121	        -68.60310080	        -37.79463594	        -22.26939929	         -6.19867721	         61.12110463	          8.37644777	          7.11567221	        -34.79963878	         -8.58878505	         -5.10349742	          6.28123514	         -7.08773028	        -14.98245850	          0.11713896	         28.33832672	        -19.01089869	         27.08831652	        150.67034609	         57.13194983	        -19.51679471	         14.68580230	        -67.28922863	         -2.35816181	        -51.95977695	         73.20151322	         60.46944684	          8.62144794	         24.02930742	
          0.21209859	         -3.05864994	          4.47657038	          4.13252057	         -0.31510248	          0.99552717	          0.30971627	        -14.82535660	         -3.23256464	         -9.51142175	        -69.46850508	        -37.76269157	        -22.72955528	         -6.45864217	         60.61694256	          8.24594262	          7.20168033	        -34.09614691	         -8.70448634	         -5.03036986	          6.30846002	         -7.33626351	        -14.91853858	          0.27138346	         27.48436229	        -19.21025519	         26.54634200	        150.67915502	         57.13516284	        -19.58181813	         14.67764799	        -66.85070474	         -2.55888029	        -51.74304570	         73.56971600	         60.49259542	          8.65974562	         24.06739809	
          0.21212121	         -3.05593077	          4.47302750	          4.13403955	         -0.31488497	          0.99553755	          0.30971921	        -14.81867250	         -3.22865810	         -9.51320796	        -69.49310091	        -37.76164407	        -22.74222221	         -6.46584157	         60.60269489	          8.24220342	          7.20390314	        -34.07638881	         -8.70781807	         -5.02833546	          6.30919828	         -7.34333874	        -14.91669210	          0.27582161	         27.45980633	        -19.21580189	         26.53048909	        150.67933804	         57.13526267	        -19.58369691	         14.67745302	        -66.83813021	         -2.56470087	        -51.73669425	         73.58023342	         60.49330867	          8.66083892	         24.06850660	
          0.21246853	         -3.01440567	          4.41862104	          4.15764007	         -0.31154639	          0.99569629	          0.30976412	        -14.71544333	         -3.16836227	         -9.54023144	        -69.87047392	        -37.74461148	        -22.93367877	         -6.57493430	         60.38465871	          8.18464373	          7.23644778	        -33.77488912	         -8.75923176	         -4.99742088	          6.32027052	         -7.45197899	        -14.88816498	          0.34427755	         27.08109961	        -19.30005337	         26.28415414	        150.68167035	         57.13681941	        -19.61273378	         14.67473062	        -66.64441978	         -2.65480612	        -51.63789782	         73.74194405	         60.50463267	          8.67764556	         24.08569415	
          0.21356590	         -2.88576539	          4.24673020	          4.23577048	         -0.30100137	          0.99618954	          0.30990374	        -14.38162523	         -2.97421238	         -9.62115637	        -71.06062148	        -37.67927100	        -23.50163539	         -6.90149839	         59.70396355	          8.00111903	          7.31964085	        -32.84450976	         -8.92486136	         -4.90351678	          6.35192968	         -7.79576628	        -14.79595246	          0.56431717	         25.86348945	        -19.55493333	         25.46952184	        150.68290976	         57.14153168	        -19.70685743	         14.66967181	        -66.02380515	         -2.94869331	        -51.30949615	         74.25579351	         60.54498824	          8.73102007	         24.14210151	
          0.21436121	         -2.79484822	          4.12259401	          4.29586172	         -0.29336280	          0.99653905	          0.31000234	        -14.13255552	         -2.83067744	         -9.67617369	        -71.92102139	        -37.62132098	        -23.87789942	         -7.12006238	         59.21841299	          7.86703882	          7.36100954	        -32.19158701	         -9.04768264	         -4.83890525	          6.37155017	         -8.04556233	        -14.72741779	          0.72687482	         24.96221402	        -19.72842756	         24.84551461	        150.67763631	         57.14401698	        -19.77724734	         14.66966802	        -65.56581773	         -3.17016082	        -51.05579159	         74.63039566	         60.57849681	          8.76991981	         24.18495026	
          0.21438384	         -2.79228889	          4.11907234	          4.29761479	         -0.29314554	          0.99654890	          0.31000511	        -14.12538327	         -2.82656583	         -9.67770055	        -71.94547212	        -37.61954572	        -23.88816648	         -7.12604824	         59.20469483	          7.86321643	          7.36195081	        -32.17327703	         -9.05120852	         -4.83710799	          6.37206573	         -8.05267817	        -14.72544990	          0.73153246	         24.93635414	        -19.73322028	         24.82735794	        150.67740671	         57.14406853	        -19.77927574	         14.66971608	        -65.55268674	         -3.17656298	        -51.04837797	         74.64107384	         60.57950161	          8.77102871	         24.18619319	
          0.21473115	         -2.75318657	          4.06510268	          4.32483027	         -0.28981098	          0.99669933	          0.31004733	        -14.01469528	         -2.76328514	         -9.70089841	        -72.32060037	        -37.59143192	        -24.04271768	         -7.21627959	         58.99478247	          7.80451033	          7.37475092	        -31.89407104	         -9.10554015	         -4.80979788	          6.37967614	         -8.16197711	        -14.69512879	          0.80323534	         24.53793470	        -19.80577391	         24.54588611	        150.67331424	         57.14469440	        -19.81058742	         14.67080151	        -65.35041792	         -3.27553014	        -50.93320680	         74.80510470	         60.59527926	          8.78806404	         24.20543687	
          0.21582852	         -2.63182330	          3.89596439	          4.41465103	         -0.27928029	          0.99716610	          0.31017709	        -13.65773351	         -2.56171501	         -9.77165229	        -73.50344062	        -37.49218834	        -24.49324215	         -7.48036840	         58.33970517	          7.61897235	          7.39465904	        -31.03493331	         -9.27962187	         -4.72684265	          6.39986226	         -8.50828038	        -14.59810774	          1.03202601	         23.26177280	        -20.02216096	         23.62302339	        150.65313192	         57.14412309	        -19.91162865	         14.67872703	        -64.70255735	         -3.59661038	        -50.55219825	         75.32446430	         60.64943804	          8.84202777	         24.26825221	
          0.21662384	         -2.54581365	          3.77512470	          4.48346264	         -0.27165364	          0.99749621	          0.31026724	        -13.39230145	         -2.41471745	         -9.82111688	        -74.35834343	        -37.41072949	        -24.78368854	         -7.65097600	         57.87266249	          7.48495921	          7.38933989	        -30.43440086	         -9.40783315	         -4.66975832	          6.41066861	         -8.76031574	        -14.52690474	          1.19948591	         22.32163303	        -20.16631841	         22.92327846	        150.63124161	         57.14057527	        -19.98677465	         14.68903453	        -64.22463801	         -3.83700455	        -50.25955646	         75.70133181	         60.69269166	          8.88122805	         24.31565912	
          0.21664646	         -2.54338888	          3.77171270	          4.48546633	         -0.27143674	          0.99750550	          0.31026976	        -13.38466941	         -2.41053131	         -9.82250807	        -74.38263550	        -37.40829916	        -24.79151083	         -7.65556877	         57.85946936	          7.48115739	          7.38894515	        -30.41759040	         -9.41150281	         -4.66817088	          6.41092791	         -8.76750062	        -14.52487100	          1.20426472	         22.29471332	        -20.17025995	         22.90300426	        150.63052396	         57.14042955	        -19.98893511	         14.68938673	        -64.21093834	         -3.84393446	        -50.25102620	         75.71205326	         60.69397024	          8.88234396	         24.31703053	
          0.21699378	         -2.50631240	          3.71953592	          4.51654209	         -0.26810779	          0.99764740	          0.31030796	        -13.26696877	         -2.34627678	         -9.84377751	        -74.75531420	        -37.37023086	        -24.90855798	         -7.72425175	         57.65759907	          7.42289562	          7.38120313	        -30.16146267	         -9.46797100	         -4.64405752	          6.41457220	         -8.87789822	        -14.49360912	          1.27769550	         21.88036005	        -20.22964287	         22.58931982	        150.61881761	         57.13786161	        -20.02225068	         14.69521307	        -63.99993433	         -3.95091914	        -50.11866182	         75.87660158	         60.71392410	          8.89947609	         24.33823693	
          0.21809115	         -2.39078713	          3.55739709	          4.61865432	         -0.25759630	          0.99808691	          0.31042389	        -12.88849481	         -2.14378736	         -9.91033279	        -75.93026778	        -37.24087105	        -25.24159218	         -7.91878253	         57.02761455	          7.24033478	          7.33609561	        -29.37595277	         -9.64786432	         -4.57099817	          6.42190949	         -9.22818184	        -14.39448274	          1.51023730	         20.55824043	        -20.40326926	         21.56880144	        150.57281837	         57.12534984	        -20.12932559	         14.71897241	        -63.32448839	         -4.29615544	        -49.68282154	         76.39579509	         60.78091591	          8.95361486	         24.40711825	
          0.21888646	         -2.30837635	          3.44287747	          4.69637185	         -0.24998488	          0.99839696	          0.31050307	        -12.60820148	         -1.99824988	         -9.95854154	        -76.77935093	        -37.13897414	        -25.44881433	         -8.03832304	         56.57831576	          7.10995416	          7.28396896	        -28.82940674	         -9.77930511	         -4.52101607	          6.42321736	         -9.48362458	        -14.32258114	          1.67868785	         19.58930424	        -20.51555165	         20.80290213	        150.53020860	         57.11165308	        -20.20854692	         14.74151455	        -62.82670614	         -4.55274476	        -49.35014925	         76.77084264	         60.83307683	          8.99281912	         24.45876810	
          0.21890909	         -2.30604563	          3.43966050	          4.69862836	         -0.24976842	          0.99840568	          0.31050526	        -12.60015629	         -1.99413187	         -9.95991891	        -76.80347636	        -37.13598011	        -25.45429818	         -8.04145918	         56.56562119	          7.10627371	          7.28224880	        -28.81413957	         -9.78305406	         -4.51963055	          6.42320481	         -9.49091305	        -14.32053771	          1.68347299	         19.56162274	        -20.51857667	         20.78080674	        150.52887486	         57.11120175	        -20.21081957	         14.74222385	        -62.81244363	         -4.56011817	        -49.34047766	         76.78149147	         60.83460371	          8.99393364	         24.46025819	
          0.21925641	         -2.27035498	          3.39058299	          4.73358092	         -0.24644647	          0.99853873	          0.31053843	        -12.47618073	         -1.93110772	         -9.98112824	        -77.17358973	        -37.08938244	        -25.53565355	         -8.08775696	         56.37136045	          7.05000007	          7.25420503	        -28.58175277	         -9.84065166	         -4.49861557	          6.42266479	         -9.60294693	        -14.28919798	          1.75684918	         19.13597486	        -20.56382347	         20.43958975	        150.50752646	         57.10382542	        -20.24583140	         14.75359443	        -62.59281583	         -4.67379071	        -49.19057654	         76.94478053	         60.85833323	          9.01103400	         24.48327228	
          0.22035378	         -2.15849431	          3.23953893	          4.84789337	         -0.23595841	          0.99894995	          0.31063750	        -12.07870726	         -1.73478278	        -10.04936807	        -78.34034620	        -36.93459513	        -25.75843430	         -8.21124672	         55.76488301	          6.87526356	          7.14549398	        -27.87188728	        -10.02303363	         -4.43533581	          6.41664407	         -9.95896912	        -14.19069806	          1.98734603	         17.78309266	        -20.69195870	         19.33730269	        150.42877648	         57.07468079	        -20.35794504	         14.79564386	        -61.89031739	         -5.03867823	        -48.69911868	         77.45821067	         60.93681445	          9.06494377	         24.55769110	
          0.22114909	         -2.07806751	          3.13425392	          4.93437658	         -0.22836512	          0.99923916	          0.31070363	        -11.78543418	         -1.59584450	        -10.10051756	        -79.18339769	        -36.81571316	        -25.88842134	         -8.27927342	         55.33209322	          6.75197739	          7.04797483	        -27.38072577	        -10.15524601	         -4.39248854	          6.40820185	        -10.21906916	        -14.12005568	          2.15253230	         16.79657339	        -20.77060023	         18.51729621	        150.36016728	         57.04772550	        -20.44051211	         14.83213861	        -61.37315916	         -5.30806125	        -48.32605703	         77.82739333	         60.99684250	          9.10386454	         24.61318006	
          0.22117172	         -2.07578511	          3.13131337	          4.93688084	         -0.22814919	          0.99924728	          0.31070544	        -11.77702955	         -1.59193975	        -10.10199837	        -79.20735032	        -36.81225363	        -25.89174708	         -8.28094982	         55.31986141	          6.74851535	          7.04497624	        -27.36704027	        -10.15900407	         -4.39130786	          6.40791246	        -10.22649531	        -14.11805745	          2.15720257	         16.76845043	        -20.77266251	         18.49372930	        150.35806392	         57.04688588	        -20.44287616	         14.83325259	        -61.35834927	         -5.31577984	        -48.31523805	         77.83785471	         60.99858659	          9.10496965	         24.61477702	
          0.22151903	         -2.04078042	          3.08656950	          4.97562208	         -0.22483540	          0.99937112	          0.31073272	        -11.64760542	         -1.53236298	        -10.12492651	        -79.57480248	        -36.75863325	        -25.94027736	         -8.30490963	         55.13265404	          6.69570500	          6.99741872	        -27.15896984	        -10.21665165	         -4.37345635	          6.40313336	        -10.34067412	        -14.08747410	          2.22866218	         16.33643808	        -20.80310407	         18.13041603	        150.32468403	         57.03348990	        -20.47926426	         14.85088491	        -61.13035056	         -5.43461575	        -48.14774868	         77.99812397	         61.02560000	          9.12191682	         24.63941444	
          0.22261640	         -1.93040910	          2.95026533	          5.10167812	         -0.21437378	          0.99975278	          0.31081262	        -11.23377396	         -1.34902595	        -10.20011480	        -80.73303663	        -36.58316974	        -26.06352680	         -8.35911392	         54.54781485	          6.53321011	          6.82872169	        -26.52633378	        -10.39807173	         -4.32049900	          6.38394715	        -10.70379469	        -13.99209855	          2.45120557	         14.96858999	        -20.88431061	         16.96469781	        150.20507927	         56.98485885	        -20.59539662	         14.91327405	        -60.40186557	         -5.81407904	        -47.60120847	         78.50026724	         61.11376773	          9.17524132	         24.71873523	
          0.22341172	         -1.85042650	          2.85659698	          5.19641461	         -0.20680011	          1.00002010	          0.31086441	        -10.92946674	         -1.22144736	        -10.25765662	        -81.56979816	        -36.45073695	        -26.12574481	         -8.37853509	         54.13006602	          6.41997173	          6.68958049	        -26.09146815	        -10.52851427	         -4.28552338	          6.36626668	        -10.96928568	        -13.92438530	          2.60881964	         13.97615971	        -20.92895857	         16.10505662	        150.10403272	         56.94356833	        -20.68056100	         14.96498551	        -59.86637572	         -6.09231392	        -47.18885624	         78.85962168	         61.18010257	          9.21364826	         24.77754866	
          0.22343434	         -1.84814894	          2.85399829	          5.19915043	         -0.20658475	          1.00002759	          0.31086581	        -10.92075830	         -1.21788964	        -10.25933581	        -81.59357044	        -36.44690953	        -26.12719697	         -8.37884918	         54.11825418	          6.41680989	          6.68542105	        -26.07938813	        -10.53220877	         -4.28457160	          6.36571836	        -10.97686812	        -13.92247852	          2.61325224	         13.94792936	        -20.93005427	         16.08044055	        150.10097152	         56.94231869	        -20.68299506	         14.96653816	        -59.85105060	         -6.10026318	        -47.17692752	         78.86978320	         61.18201720	          9.21473766	         24.77923738	
          0.22378166	         -1.81316449	          2.81458091	          5.24142346	         -0.20327965	          1.00014174	          0.31088671	        -10.78674094	         -1.16380544	        -10.28542378	        -81.95824446	        -36.38776449	        -26.14734536	         -8.38203959	         53.93743836	          6.36870727	          6.62020594	        -25.89598872	        -10.58878907	         -4.27026799	          6.35699165	        -11.09346627	        -13.89335516	          2.68090929	         13.51469052	        -20.94566232	         15.70156695	        150.05264566	         56.92261382	        -20.72043092	         14.99094385	        -59.61518666	         -6.22249297	        -46.99245946	         79.02530914	         61.21158681	          9.23143614	         24.80526354	
          0.22487903	         -1.70220443	          2.69604985	          5.37835848	         -0.19284588	          1.00049228	          0.31094603	        -10.35925222	         -0.99982606	        -10.37197494	        -83.10757322	        -36.19633445	        -26.18563651	         -8.37245791	         53.37211449	          6.22228925	          6.39779001	        -25.34160599	        -10.76571683	         -4.22895271	          6.32568005	        -11.46445472	        -13.80326771	          2.88954644	         12.14813877	        -20.98009618	         14.49342374	        149.88282664	         56.85393710	        -20.83954244	         15.07520610	        -58.86240491	         -6.61087082	        -46.39300659	         79.51075539	         61.30706060	          9.28388455	         24.88872685	
          0.22567434	         -1.62123865	          2.61602910	          5.48070590	         -0.18529252	          1.00073654	          0.31098262	        -10.04581448	         -0.88800886	        -10.43890863	        -83.93772859	        -36.05365527	        -26.19099766	         -8.34774164	         52.96786514	          6.12173088	          6.22201541	        -24.96361559	        -10.89188727	         -4.20285939	          6.29960171	        -11.73574808	        -13.73994404	          3.03534272	         11.16141126	        -20.99115204	         13.60952632	        149.74258280	         56.79832997	        -20.92655560	         15.14313049	        -58.30989743	         -6.89386579	        -45.94318509	         79.85648797	         61.37791796	          9.32158388	         24.95029696	
          0.22569697	         -1.61892706	          2.61382652	          5.48365478	         -0.18507773	          1.00074337	          0.31098358	        -10.03685518	         -0.88491874	        -10.44086736	        -83.96131068	        -36.04955156	        -26.19089317	         -8.34683002	         52.95642945	          6.11894104	          6.21684611	        -24.95315408	        -10.89544832	         -4.20216620	          6.29882000	        -11.74349544	        -13.73816795	          3.03941843	         11.13339990	        -20.99129847	         13.58430111	        149.73837241	         56.79667954	        -20.92903849	         15.14514774	        -58.29409623	         -6.90192977	        -45.93020345	         79.86624453	         61.37995125	          9.32265241	         24.95206093	
          0.22604428	         -1.58338135	          2.58053705	          5.52917405	         -0.18178145	          1.00084731	          0.31099781	         -9.89904628	         -0.83813683	        -10.47132400	        -84.32304807	        -35.98626624	        -26.18758221	         -8.33143185	         52.78133261	          6.07662072	          6.13637146	        -24.79459530	        -10.94989982	         -4.19187462	          6.28655236	        -11.86261836	        -13.71108684	          3.10145645	         10.70390906	        -20.99239107	         13.19664390	        149.67217181	         56.77088412	        -20.96719804	         15.17670385	        -58.05098399	         -7.02577762	        -45.72967303	         80.01543852	         61.41127077	          9.33902622	         24.97921949	
          0.22714166	         -1.47020521	          2.48188204	          5.67606039	         -0.17137512	          1.00116501	          0.31103605	         -9.46028471	         -0.69866823	        -10.57255030	        -85.46286823	        -35.78294941	        -26.15725712	         -8.26610699	         52.23340207	          5.94929882	          5.86891533	        -24.31858314	        -11.11913810	         -4.16378226	          6.24459961	        -12.24143503	        -13.62784844	          3.29063676	          9.35388270	        -20.98177368	         11.96779326	        149.44300186	         56.68390690	        -21.08827891	         15.28373938	        -57.27607107	         -7.41751459	        -45.08080988	         80.47951002	         61.51136712	          9.39040193	         25.06597341	
          0.22793697	         -1.38722385	          2.41673255	          5.78532864	         -0.16384118	          1.00138492	          0.31105739	         -9.13934051	         -0.60595177	        -10.65092135	        -86.28590860	        -35.63277453	        -26.11815749	         -8.20388896	         51.84111642	          5.86334543	          5.66356846	        -23.99725991	        -11.23882904	         -4.14779701	          6.21133856	        -12.51824111	        -13.56985053	          3.42072457	          8.38355334	        -20.96098660	         11.07559341	        149.25702087	         56.61598666	        -21.17641888	         15.36832526	        -56.70826691	         -7.70128221	        -44.59648246	         80.80846976	         61.58470698	          9.42728155	         25.12965336	
          0.22795960	         -1.38484988	          2.41495878	          5.78847084	         -0.16362694	          1.00139105	          0.31105792	         -9.13017580	         -0.60342148	        -10.65321531	        -86.30928552	        -35.62847132	        -26.11685290	         -8.20194607	         51.83001319	          5.86098049	          5.65759560	        -23.98840892	        -11.24219461	         -4.14739784	          6.21035903	        -12.52614333	        -13.56823040	          3.42433361	          8.35606286	        -20.96023706	         11.05021444	        149.25147581	         56.61399762	        -21.17893013	         15.37081844	        -56.69203966	         -7.70934773	        -44.58253518	         80.81773339	         61.58680023	          9.42832625	         25.13147397	
          0.22830691	         -1.34831226	          2.38828994	          5.83693291	         -0.16033902	          1.00148420	          0.31106549	         -8.98927013	         -0.56534489	        -10.68888484	        -86.66785412	        -35.56221797	        -26.09556937	         -8.17096647	         51.65996474	          5.82524658	          5.56505048	        -23.85455890	        -11.29356920	         -4.14166371	          6.19509987	        -12.64762902	        -13.54357324	          3.47907211	          7.93494233	        -20.94764696	         10.66076781	        149.16455771	         56.58308772	        -21.21749951	         15.40969262	        -56.44245123	         -7.83307829	        -44.36729465	         80.95925359	         61.61896596	          9.44433061	         25.15947845	
          0.22940428	         -1.23161574	          2.31092188	          5.99284020	         -0.14995849	          1.00176729	          0.31108285	         -8.54137710	         -0.45458555	        -10.80729547	        -87.79739713	        -35.35057852	        -26.01394644	         -8.05956738	         51.12728991	          5.71942762	          5.26287305	        -23.45632166	        -11.45223534	         -4.12846671	          6.14425598	        -13.03369611	        -13.46828735	          3.64357334	          6.61579036	        -20.89479506	          9.43318161	        148.86726317	         56.48113790	        -21.33956761	         15.53993213	        -55.64788055	         -8.22276365	        -43.67343076	         81.39792314	         61.72081814	          9.49450348	         25.24860861	
          0.23019960	         -1.14577310	          2.26139429	          6.10842106	         -0.14244255	          1.00196166	          0.31108933	         -8.21437702	         -0.38356040	        -10.89863288	        -88.61270005	        -35.19521681	        -25.94280188	         -7.96708668	         50.74537664	          5.64957218	          5.03583740	        -23.19088737	        -11.56358951	         -4.12367468	          6.10508746	        -13.31549500	        -13.41622104	          3.75433925	          5.67174997	        -20.84453140	          8.54828393	        148.62963504	         56.40372973	        -21.42814216	         15.64130726	        -55.06662120	         -8.50353645	        -43.15802347	         81.70762187	         61.79455402	          9.53048897	         25.31372051	
          0.23022222	         -1.14331452	          2.26006570	          6.11174048	         -0.14222881	          1.00196706	          0.31108945	         -8.20504633	         -0.38165537	        -10.90130029	        -88.63585290	        -35.19077478	        -25.94064792	         -7.96432270	         50.73455984	          5.64767002	          5.02929266	        -23.18361843	        -11.56671099	         -4.12359808	          6.10394650	        -13.32353544	        -13.41477057	          3.75738198	          5.64505245	        -20.84295915	          8.52318929	        148.62259538	         56.40149001	        -21.43066244	         15.64427664	        -55.05002119	         -8.51149916	        -43.14321223	         81.71632965	         61.79664771	          9.53150808	         25.31557820	
          0.23056954	         -1.10545783	          2.24023020	          6.16290774	         -0.13894851	          1.00204895	          0.31109065	         -8.06163445	         -0.35322388	        -10.94272784	        -88.99095319	        -35.12244551	        -25.90675612	         -7.92102077	         50.56884699	          5.61906808	          4.92829108	        -23.07399055	        -11.61429586	         -4.12284144	          6.08625560	        -13.44711412	        -13.39271983	          3.80331553	          5.23640616	        -20.81785725	          8.13863226	        148.51256905	         56.36687422	        -21.46934762	         15.69044658	        -54.79478138	         -8.63353239	        -42.91485515	         81.84927187	         61.82874481	          9.54711891	         25.34412612	
          0.23166691	         -0.98434421	          2.18444692	          6.32717624	         -0.12859114	          1.00229602	          0.31108840	         -7.60633638	         -0.27352055	        -11.07964685	        -90.10918264	        -34.90492462	        -25.79059664	         -7.77416277	         50.04911775	          5.53612983	          4.60336787	        -22.75151368	        -11.76045701	         -4.12569191	          6.02829853	        -13.83944023	        -13.32569615	          3.93861715	          3.96039506	        -20.72691742	          6.93297303	        148.14021429	         56.25497077	        -21.59150088	         15.84356588	        -53.98322619	         -9.01638599	        -42.18134217	         82.26027545	         61.92945027	          9.59604022	         25.43465592	
          0.23246222	         -0.89506490	          2.15055336	          6.44864158	         -0.12109109	          1.00246390	          0.31108116	         -7.27445529	         -0.22554768	        -11.18469345	        -90.91594783	        -34.74593894	        -25.69944450	         -7.65927946	         49.67587071	          5.48318174	          4.36361998	        -22.54024734	        -11.86224965	         -4.13282993	          5.98451688	        -14.12543866	        -13.27964042	          4.02691344	          3.05115117	        -20.65042363	          6.07010703	        147.84624952	         56.17201728	        -21.67987095	         15.96135665	        -53.39048472	         -9.29081522	        -41.63890614	         82.54939613	         62.00147026	          9.63111094	         25.50048073	
          0.23248485	         -0.89250580	          2.14966898	          6.45212641	         -0.12087779	          1.00246854	          0.31108089	         -7.26499150	         -0.22430433	        -11.18775404	        -90.93885350	        -34.74140111	        -25.69678194	         -7.65591832	         49.66529155	          5.48176408	          4.35675999	        -22.53450966	        -11.86509362	         -4.13309588	          5.98325143	        -14.13359437	        -13.27836088	          4.02930114	          3.02548600	        -20.64812233	          6.04571349	        147.83758410	         56.16964050	        -21.68238218	         15.96479064	        -53.37356819	         -9.29858062	        -41.62334733	         82.55751283	         62.00350403	          9.63210393	         25.50235499	
          0.23283216	         -0.85308909	          2.13664251	          6.50582108	         -0.11760418	          1.00253876	          0.31107625	         -7.11957381	         -0.20605941	        -11.23523320	        -91.29012832	        -34.67164524	        -25.65548917	         -7.60372450	         49.50316336	          5.46061699	          4.25124139	        -22.44830968	        -11.90838846	         -4.13761249	          5.96369761	        -14.25891238	        -13.25892928	          4.06507410	          2.63296831	        -20.61195256	          5.67241947	        147.70245266	         56.13306715	        -21.72090654	         16.01807124	        -53.11354014	         -9.41747166	        -41.38366845	         82.68135309	         62.03460169	          9.64731335	         25.53113121	
          0.23392953	         -0.72686672	          2.10216031	          6.67796378	         -0.10726695	          1.00274872	          0.31105620	         -6.65835450	         -0.15873401	        -11.39137614	        -92.39585893	        -34.45004465	        -25.52071791	         -7.43208807	         48.99395920	          5.40134880	          3.91602497	        -22.19875881	        -12.04075469	         -4.15719876	          5.90046465	        -14.65634945	        -13.20005195	          4.16702699	          1.41118943	        -20.48762202	          4.50828414	        147.24909677	         56.01682302	        -21.84228960	         16.19332160	        -52.28771784	         -9.78905505	        -40.61635927	         83.06341594	         62.13111974	          9.69496058	         25.62205981	
          0.23472485	         -0.63375851	          2.08337104	          6.80507764	         -0.09978050	          1.00288957	          0.31103681	         -6.32251544	         -0.13416232	        -11.51031849	        -93.19313846	        -34.28834957	        -25.42027228	         -7.30229494	         48.62754923	          5.36551857	          3.67259839	        -22.03909742	        -12.13250639	         -4.17638012	          5.85346418	        -14.94566735	        -13.15967851	          4.23005680	          0.54406789	        -20.38851381	          3.68080623	        146.89506671	         55.93253145	        -21.92986455	         16.32672886	        -51.68544840	        -10.05412247	        -40.05142181	         83.33163105	         62.19906390	          9.72910397	         25.68786412	
          0.23474747	         -0.63108926	          2.08291130	          6.80872281	         -0.09956758	          1.00289344	          0.31103621	         -6.31294269	         -0.13358210	        -11.51377296	        -93.21576875	        -34.28373652	        -25.41739441	         -7.29854635	         48.61715462	          5.36458636	          3.66568025	        -22.03481100	        -12.13506554	         -4.17698649	          5.85211478	        -14.95391261	        -13.15855717	          4.23171282	          0.51963358	        -20.38558927	          3.65748200	        146.88467748	         55.93013926	        -21.93235034	         16.33060116	        -51.66827075	        -10.06160745	        -40.03524819	         83.33915564	         62.20096845	          9.73007055	         25.68973396	
          0.23509479	         -0.58997324	          2.07636744	          6.86487618	         -0.09629963	          1.00295183	          0.31102649	         -6.16587758	         -0.12549741	        -11.56728778	        -93.56277805	        -34.21283866	        -25.37313680	         -7.24066001	         48.45779031	          5.35087997	          3.55959212	        -21.97077035	        -12.17399463	         -4.18671271	          5.83132535	        -15.08057153	        -13.14152966	          4.25616547	          0.14623464	        -20.33999264	          3.30103541	        146.72298190	         55.89348652	        -21.97046451	         16.39056816	        -51.40430336	        -10.17609649	        -39.78630833	         83.45392587	         62.22999026	          9.74487418	         25.71841585	
          0.23619216	         -0.45827812	          2.06192897	          7.04475756	         -0.08597922	          1.00312436	          0.31099127	         -5.69976320	         -0.11004203	        -11.74237285	        -94.65455746	        -33.98778485	        -25.23319288	         -7.05418080	         47.95646573	          5.31498501	          3.22656047	        -21.78978263	        -12.29264422	         -4.22256475	          5.76484237	        -15.48182721	        -13.08994887	          4.32125197	         -1.01236127	        -20.18760357	          2.19547804	        146.18441707	         55.77893292	        -22.09030996	         16.58643023	        -50.56688546	        -10.53256763	        -38.99191314	         83.80756458	         62.31881095	          9.79123612	         25.80871826	
          0.23698747	         -0.36112008	          2.05722144	          7.17746443	         -0.07850393	          1.00323802	          0.31096172	         -5.36065156	         -0.10829401	        -11.87489781	        -95.44126448	        -33.82369352	        -25.13284292	         -6.91654920	         47.59495660	          5.29592640	          2.98844039	        -21.67838687	        -12.37457917	         -4.25329329	          5.71612226	        -15.77350762	        -13.05455623	          4.35654789	         -1.83114321	        -20.06979848	          1.41539940	        145.76745637	         55.69769762	        -22.17654442	         16.73425881	        -49.95701198	        -10.78556786	        -38.40941482	         84.05544883	         62.38007880	          9.82444280	         25.87375876	
          0.23701010	         -0.35833505	          2.05715598	          7.18126892	         -0.07829131	          1.00324112	          0.31096084	         -5.35098849	         -0.10835811	        -11.87873618	        -95.46358796	        -33.81901237	        -25.13001080	         -6.91261150	         47.58469148	          5.29546809	          2.98171716	        -21.67545462	        -12.37686212	         -4.25422347	          5.71473220	        -15.78181488	        -13.05357211	          4.35740328	         -1.85417362	        -20.06636214	          1.39348043	        145.75526346	         55.69541451	        -22.17898939	         16.73853417	        -49.93962758	        -10.79269670	        -38.39276719	         84.06239979	         62.38177941	          9.82538259	         25.87560310	
          0.23735742	         -0.31544014	          2.05661591	          7.23987119	         -0.07502794	          1.00328765	          0.31094691	         -5.20255344	         -0.11012048	        -11.93812250	        -95.80584413	        -33.74706306	        -25.08673229	         -6.85204690	         47.42724560	          5.28900746	          2.87891650	        -21.63206142	        -12.41158099	         -4.26887858	          5.69337847	        -15.90938781	        -13.03861609	          4.36948990	         -2.20583752	        -20.01304885	          1.05897793	        145.56579458	         55.66058804	        -22.21645899	         16.80463347	        -49.67255175	        -10.90163421	        -38.13672952	         84.16840549	         62.40757080	          9.83977387	         25.90386781	
          0.23845479	         -0.17814159	          2.06047913	          7.42756322	         -0.06472083	          1.00342284	          0.31089930	         -4.73226454	         -0.12511274	        -12.13143722	        -96.88203884	        -33.51851295	        -24.95295639	         -6.65971760	         46.93113115	          5.27555817	          2.55977181	        -21.51447874	        -12.51741641	         -4.31965093	          5.62588615	        -16.31304874	        -12.99309438	          4.39463350	         -3.29368949	        -19.83799749	          0.02703728	        144.93849716	         55.55364717	        -22.33405298	         17.01912735	        -48.82609651	        -11.23958949	        -37.32211973	         84.49497154	         62.48491123	          9.88481191	         25.99253672	
          0.23925010	         -0.07697720	          2.06832866	          7.56603302	         -0.05725404	          1.00350964	          0.31086164	         -4.39022398	         -0.14466230	        -12.27680672	        -97.65688329	        -33.35161762	        -24.85963932	         -6.52015734	         46.57259030	          5.27224246	          2.33488522	        -21.44717431	        -12.59065887	         -4.36042705	          5.57720712	        -16.60599354	        -12.96157218	          4.40022607	         -4.05945906	        -19.70539802	         -0.69596071	        144.45639167	         55.47964712	        -22.41846025	         17.17968008	        -48.21039642	        -11.47831710	        -36.72708246	         84.72394634	         62.53660678	          9.91703343	         26.05609801	
          0.23927273	         -0.07407896	          2.06861155	          7.57000280	         -0.05704165	          1.00351197	          0.31086053	         -4.38047864	         -0.14532247	        -12.28100582	        -97.67886223	        -33.34685309	        -24.85703782	         -6.51619272	         46.56239969	          5.27222531	          2.32857702	        -21.44547322	        -12.59270218	         -4.36163326	          5.57582784	        -16.61433083	        -12.96069160	          4.40022733	         -4.08096050	        -19.70156082	         -0.71621086	        144.44233540	         55.47759088	        -22.42085086	         17.18430766	        -48.19285508	        -11.48502959	        -36.71010410	         84.73036842	         62.53801955	          9.91794487	         26.05789665	
          0.23962004	         -0.02945180	          2.07335695	          7.63115175	         -0.05378167	          1.00354683	          0.31084330	         -4.23078796	         -0.15616633	        -12.34589695	        -98.01578064	        -33.27359889	        -24.81751131	         -6.45540906	         46.40602870	          5.27248984	          2.23241464	        -21.42081727	        -12.62379591	         -4.38045740	          5.55470611	        -16.74232344	        -12.94727946	          4.39913997	         -4.40901029	        -19.64223344	         -1.02478518	        144.22419426	         55.44639300	        -22.45746946	         17.25574563	        -47.92343167	        -11.58750476	        -36.44917010	         84.82831876	         62.55928494	          9.93189855	         26.08543468	
          0.24071741	          0.11324758	          2.09315352	          7.82700798	         -0.04348407	          1.00364535	          0.31078615	         -3.75661474	         -0.19900242	        -12.55619959	        -99.07450309	        -33.04060653	        -24.69814797	         -6.26475151	         45.91246395	          5.27970322	          1.93750859	        -21.36043878	        -12.71884157	         -4.44353652	          5.48876889	        -17.14679836	        -12.90606883	          4.38190061	         -5.42051102	        -19.44989141	         -1.97101905	        143.50545660	         55.35272779	        -22.57217272	         17.48626336	        -47.07030670	        -11.90417813	        -35.62129773	         85.13022011	         62.62100677	          9.97552456	         26.17150002	
          0.24151273	          0.21821873	          2.11178935	          7.97152309	         -0.03602299	          1.00370581	          0.31074237	         -3.41178969	         -0.23787293	        -12.71347107	        -99.83609227	        -32.87011839	        -24.61731597	         -6.12844099	         45.55499436	          5.29073534	          1.73303867	        -21.33263266	        -12.78494570	         -4.49224190	          5.44199400	        -17.43982720	        -12.87710246	          4.35618805	         -6.12956811	        -19.30635378	         -2.62872566	        142.95635024	         55.29012734	        -22.65430599	         17.65758385	        -46.45042265	        -12.12678419	        -35.01861958	         85.34212763	         62.66020069	         10.00668774	         26.23289919	
          0.24153535	          0.22122340	          2.11236927	          7.97566667	         -0.03581074	          1.00370740	          0.31074110	         -3.40196483	         -0.23907148	        -12.71800338	        -99.85768659	        -32.86524607	        -24.61508925	         -6.12459096	         45.54482506	          5.29111766	          1.72734283	        -21.33203028	        -12.78679503	         -4.49365915	          5.44067840	        -17.44816037	        -12.87628718	          4.35529333	         -6.14944307	        -19.30222454	         -2.64708515	        142.94037991	         55.28841811	        -22.65662988	         17.66250674	        -46.43276942	        -12.13303119	        -35.00144630	         85.34807495	         62.66124425	         10.00756854	         26.23463318	
          0.24188267	          0.26746897	          2.12160383	          8.03949701	         -0.03255294	          1.00373083	          0.31072139	         -3.25104853	         -0.25809802	        -12.78797023	       -100.18864808	        -32.79029425	        -24.58142796	         -6.06570761	         45.38871923	          5.29744937	          1.64078378	        -21.32406231	        -12.81497732	         -4.51561157	          5.42059991	        -17.57604360	        -12.86382394	          4.34042329	         -6.45245228	        -19.23854515	         -2.92643294	        142.69280744	         55.26270787	        -22.69221119	         17.73839879	        -46.16167447	        -12.22832081	        -34.73766873	         85.43881652	         62.67675229	         10.02104781	         26.26115792	
          0.24298004	          0.41506222	          2.15469062	          8.24400599	         -0.02226090	          1.00379356	          0.31065706	         -2.77290299	         -0.32574158	        -13.01380860	       -101.22788150	        -32.55135230	        -24.48167572	         -5.88263381	         44.89524893	          5.32297720	          1.37853577	        -21.31417300	        -12.90168148	         -4.58707035	          5.35876791	        -17.97958584	        -12.82492930	          4.27937924	         -7.38414029	        -19.03404302	         -3.77812487	        141.88051539	         55.18841568	        -22.80348373	         17.98197846	        -45.30378769	        -12.52189226	        -33.90254369	         85.71896047	         62.71922945	         10.06311868	         26.34377819	
          0.24377535	          0.52335754	          2.18209777	          8.39496968	         -0.01480264	          1.00382839	          0.31060866	         -2.42508682	         -0.38157874	        -13.18185419	       -101.97470643	        -32.37597059	        -24.41594050	         -5.75324450	         44.53715185	          5.34644479	          1.19984253	        -21.32081075	        -12.96257274	         -4.64035945	          5.31573515	        -18.27137410	        -12.79698273	          4.22172323	         -8.03479372	        -18.88319097	         -4.36537709	        141.26309817	         55.14180861	        -22.88298971	         18.16178954	        -44.68092410	        -12.72742132	        -33.29620812	         85.91608952	         62.74350055	         10.09309886	         26.40245549	
          0.24379798	          0.52645403	          2.18291664	          8.39929890	         -0.01459046	          1.00382925	          0.31060727	         -2.41517548	         -0.38324752	        -13.18668704	       -101.99587286	        -32.37095189	        -24.41415406	         -5.74960885	         44.52695615	          5.34717058	          1.19490589	        -21.32116186	        -12.96428402	         -4.64188876	          5.31453544	        -18.27966504	        -12.79618835	          4.21991734	         -8.05300030	        -18.87887205	         -4.38170848	        141.24517821	         55.14057840	        -22.88523713	         18.16694198	        -44.66319190	        -12.73317840	        -33.27895042	         85.92162859	         62.74410758	         10.09394531	         26.40410928	
          0.24414529	          0.57409004	          2.19574560	          8.46599409	         -0.01133355	          1.00384157	          0.31058570	         -2.26292193	         -0.40940576	        -13.26122584	       -102.32021141	        -32.29370330	        -24.38732566	         -5.69413737	         44.37038573	          5.35870289	          1.12017990	        -21.32764656	        -12.99041823	         -4.66543377	          5.29630124	        -18.40685166	        -12.78398977	          4.19104458	         -8.33035275	        -18.81240897	         -4.62976072	        140.96763562	         55.12238816	        -22.91963256	         18.24627420	        -44.39092464	        -12.82091965	        -33.01401309	         86.00618800	         62.75283199	         10.10689261	         26.42938381	
          0.24524267	          0.72581183	          2.23928367	          8.67975377	         -0.00104306	          1.00386949	          0.31051601	         -1.78039974	         -0.49854214	        -13.50101164	       -103.33784894	        -32.04688418	        -24.30984270	         -5.52317683	         43.87475175	          5.39976384	          0.89736885	        -21.36115093	        -13.07150524	         -4.74025293	          5.24105948	        -18.80758304	        -12.74522886	          4.08568073	         -9.18062789	        -18.60064689	         -5.38091697	        140.06020068	         55.07401912	        -23.02702179	         18.49970557	        -43.52975381	        -13.09040188	        -32.17675329	         86.26783070	         62.77296919	         10.14722270	         26.50784067	
          0.24603798	          0.83679621	          2.27340819	          8.83763124	          0.00641529	          1.00387932	          0.31046402	         -1.42921062	         -0.56901527	        -13.67871641	       -104.06839283	        -31.86519294	        -24.26046431	         -5.40354426	         43.51449045	          5.43360925	          0.74891070	        -21.39706848	        -13.12909454	         -4.79421459	          5.20344911	        -19.09672904	        -12.71669778	          3.99605510	         -9.77236336	        -18.44591669	         -5.89439744	        139.37354976	         55.04843837	        -23.10360451	         18.68570910	        -42.90477599	        -13.27843861	        -31.57005560	         86.45250978	         62.78039893	         10.17588270	         26.56333940	
          0.24606061	          0.83996493	          2.27440765	          8.84215994	          0.00662748	          1.00387947	          0.31046252	         -1.41920024	         -0.57108937	        -13.68381879	       -104.08908840	        -31.85998722	        -24.25914135	         -5.40019516	         43.50422653	          5.43461919	          0.74485147	        -21.39822577	        -13.13072088	         -4.79573949	          5.20241077	        -19.10493709	        -12.71587825	          3.99334393	         -9.78889921	        -18.44150366	         -5.90862589	        139.35365826	         55.04783583	        -23.10576764	         18.69102627	        -42.88698550	        -13.28369969	        -31.55279934	         86.45770621	         62.78052106	         10.17669086	         26.56490121	
          0.24640792	          0.88867768	          2.28993591	          8.91193750	          0.00988476	          1.00388093	          0.31043940	         -1.26540264	         -0.60339442	        -13.76245931	       -104.40614635	        -31.77981542	        -24.23939560	         -5.34917179	         43.34656566	          5.45043498	          0.68370047	        -21.41689860	        -13.15561221	         -4.81904585	          5.18669970	        -19.23079668	        -12.70323361	          3.95061405	        -10.04066205	        -18.37370536	         -6.12439809	        139.04584597	         55.03949310	        -23.13886242	         18.77280834	        -42.61383063	        -13.36384695	        -31.28795384	         86.53708560	         62.78177133	         10.18904513	         26.58875503	
          0.24750529	          1.04340021	          2.34110411	          9.13568920	          0.02017766	          1.00387472	          0.31036478	         -0.77769966	         -0.71103579	        -14.01476949	       -105.40012779	        -31.52310927	        -24.18384077	         -5.19283866	         42.84696073	          5.50406154	          0.50505877	        -21.48660631	        -13.23351598	         -4.89097582	          5.13998638	        -19.62665659	        -12.66232282	          3.80198120	        -10.81083384	        -18.15906372	         -6.77365406	        138.04271056	         55.02488883	        -23.24206021	         19.03301232	        -41.74992477	        -13.60960644	        -30.45180865	         86.78333798	         62.77794097	         10.22743724	         26.66261875	
          0.24830061	          1.15617760	          2.37990560	          9.30104899	          0.02763896	          1.00385998	          0.31030917	         -0.42246818	         -0.79405134	        -14.20113859	       -106.11290788	        -31.33363474	        -24.14992203	         -5.08434735	         42.48332352	          5.54609443	          0.38982188	        -21.54657256	        -13.28950390	         -4.94081512	          5.10908399	        -19.91162730	        -12.63153028	          3.68148729	        -11.34523204	        -18.00351662	         -7.21338033	        137.28664677	         55.02629501	        -23.31552753	         19.22300576	        -41.12302878	        -13.78071008	        -29.84669793	         86.95778911	         62.76766910	         10.25463171	         26.71469022	
          0.24832323	          1.15939257	          2.38102768	          9.30579359	          0.02785125	          1.00385944	          0.31030757	         -0.41233922	         -0.79647175	        -14.20648251	       -106.13309051	        -31.32820007	        -24.14903316	         -5.08132144	         42.47295756	          5.54732606	          0.38672234	        -21.54838717	        -13.29109332	         -4.94219784	          5.10824284	        -19.91970860	        -12.63063773	          3.67790420	        -11.36014602	        -17.99909577	         -7.22551288	        137.26478025	         55.02649076	        -23.31760107	         19.22842522	        -41.10518432	        -13.78549280	        -29.82949606	         86.96270579	         62.76728391	         10.25539743	         26.71615338	
          0.24867055	          1.20878070	          2.39836651	          9.37890738	          0.03111014	          1.00385021	          0.31028285	         -0.25669542	         -0.83402361	        -14.28879889	       -106.44222306	        -31.24446304	        -24.13590138	         -5.03529312	         42.31369144	          5.56646834	          0.34039714	        -21.57696482	        -13.31547672	         -4.96314939	          5.09559958	        -20.04356643	        -12.61681165	          3.62183956	        -11.58709023	        -17.93127986	         -7.40915565	        136.92665845	         55.03060430	        -23.34931380	         19.31170141	        -40.83120084	        -13.85832521	        -29.56554178	         87.03786471	         62.76072896	         10.26709521	         26.73848640	
          0.24976792	          1.36518281	          2.45439065	          9.61350160	          0.04140940	          1.00381033	          0.31020273	          0.23717993	         -0.95746230	        -14.55238053	       -107.41054233	        -30.97589517	        -24.10046099	         -4.89498932	         41.80858616	          5.62968942	          0.20963633	        -21.67571135	        -13.39248356	         -5.02552703	          5.05902875	        -20.43239287	        -12.57140805	          3.43178263	        -12.28002104	        -17.71776344	         -7.95791549	        135.82801619	         55.05768172	        -23.44805851	         19.57571965	        -39.96459577	        -14.08139733	        -28.73276409	         87.27162182	         62.73216646	         10.30335267	         26.80749140	
          0.25056323	          1.47870584	          2.49591614	          9.78704245	          0.04887649	          1.00377122	          0.31014245	          0.59723468	         -1.05128946	        -14.74666370	       -108.10415789	        -30.77729813	        -24.08012495	         -4.79810225	         41.44062974	          5.67784665	          0.12990391	        -21.75461906	        -13.44846648	         -5.06645651	          5.03582266	        -20.71157032	        -12.53662311	          3.28208668	        -12.75987890	        -17.56403249	         -8.32648102	        135.00322318	         55.09125413	        -23.51821292	         19.76766343	        -39.33555223	        -14.23657762	        -28.13041085	         87.43771002	         62.70411660	         10.32894571	         26.85602914	
          0.25058586	          1.48193586	          2.49710617	          9.79202409	          0.04908896	          1.00376998	          0.31014070	          0.60750542	         -1.05401055	        -14.75223027	       -108.12378855	        -30.77159783	        -24.07960801	         -4.79540411	         41.43013747	          5.67924268	          0.12782270	        -21.75694701	        -13.45006344	         -5.06756149	          5.03520398	        -20.71947804	        -12.53560780	          3.27768421	        -12.77326183	        -17.55967452	         -8.33661597	        134.97940953	         55.09238682	        -23.52019113	         19.77312879	        -39.31764330	        -14.24091475	        -28.11328947	         87.44239636	         62.70322935	         10.32966523	         26.85739197	
          0.25093317	          1.53151203	          2.51542194	          9.86880670	          0.05235071	          1.00375010	          0.31011369	          0.76535721	         -1.09613056	        -14.83794748	       -108.42440173	        -30.68374140	        -24.07208301	         -4.75438866	         41.26890919	          5.70084053	          0.09718480	        -21.79322755	        -13.47461584	         -5.08408144	          5.02599963	        -20.84061053	        -12.51983340	          3.20912217	        -12.97684965	        -17.49290107	         -8.48978721	        134.61145788	         55.11103226	        -23.55043294	         19.85704326	        -39.04264593	        -14.30695971	        -27.85058348	         87.51407153	         62.68899510	         10.34064937	         26.87818637	
          0.25203054	          1.68797715	          2.57371720	         10.11536459	          0.06266025	          1.00367650	          0.31002534	          1.26660125	         -1.23342003	        -15.11206628	       -109.36522748	        -30.40163932	        -24.05309440	         -4.62969828	         40.75731692	          5.77098138	          0.01667960	        -21.91412845	        -13.55281279	         -5.13038044	          5.00058887	        -21.22007365	        -12.46748591	          2.98056796	        -13.59777651	        -17.28362915	         -8.94463479	        133.41928827	         55.18587261	        -23.64443698	         20.12226084	        -38.17253815	        -14.50923234	        -27.02190672	         87.73746199	         62.63650623	         10.37459734	         26.94234985	
          0.25282586	          1.80104650	          2.61612381	         10.29791819	          0.07013597	          1.00361292	          0.30995814	          1.63236474	         -1.33675038	        -15.31378369	       -110.03838180	        -30.19274915	        -24.04346198	         -4.54388789	         40.38439090	          5.82336068	         -0.02601438	        -22.00703277	        -13.61028374	         -5.15771781	          4.98574267	        -21.49175777	        -12.42692575	          2.80392332	        -14.02716764	        -17.13386201	         -9.24746826	        132.52745328	         55.25565732	        -23.71105927	         20.31429229	        -37.54066343	        -14.64994483	        -26.42267021	         87.89662295	         62.59146791	         10.39846387	         26.98739877	
          0.25284848	          1.80425770	          2.61732991	         10.30315998	          0.07034870	          1.00361098	          0.30995618	          1.64280223	         -1.33973604	        -15.31955905	       -110.05742426	        -30.18675041	        -24.04323367	         -4.54150083	         40.37375415	          5.82486723	         -0.02703601	        -22.00973420	        -13.61193084	         -5.15841368	          4.98536482	        -21.49944392	        -12.42573725	          2.79876643	        -14.03913663	        -17.12962707	         -9.25576552	        132.50174386	         55.25783294	        -23.71293546	         20.31975029	        -37.52266998	        -14.65387751	        -26.40563909	         87.90111844	         62.59010307	         10.39913359	         26.98866263	
          0.25319580	          1.85350503	          2.63583258	         10.38395886	          0.07361452	          1.00358041	          0.30992583	          1.80324274	         -1.38588201	        -15.40846111	       -110.34896917	        -30.09427627	        -24.04002362	         -4.50522579	         40.21028796	          5.84809581	         -0.04137917	        -22.05157951	        -13.63730761	         -5.16850671	          4.97987583	        -21.61711891	        -12.40724410	          2.71871241	        -14.22117579	        -17.06480912	         -9.38097505	        132.10478668	         55.29253339	        -23.74159854	         20.40348201	        -37.24634545	        -14.71376205	        -26.14432845	         87.96990142	         62.56858608	         10.40934839	         27.00794042	
          0.25429317	          2.00846049	          2.69401854	         10.64344664	          0.08393799	          1.00347297	          0.30982559	          2.31300695	         -1.53553127	        -15.69237383	       -111.26070421	        -29.79716438	        -24.03315875	         -4.39498031	         39.69139462	          5.92259250	         -0.07018964	        -22.18804604	        -13.71879592	         -5.19281902	          4.96640145	        -21.98499110	        -12.34558589	          2.45499117	        -14.77600124	        -16.86248186	         -9.75087193	        130.82236839	         55.41801571	        -23.83042446	         20.66723764	        -36.37164108	        -14.89713207	        -25.32016453	         88.18452219	         62.49381403	         10.44080165	         27.06734633	
          0.25508848	          2.12001351	          2.73572871	         10.83554533	          0.09142475	          1.00338482	          0.30974829	          2.68524800	         -1.64756765	        -15.90090914	       -111.91241465	        -29.57703776	        -24.03077884	         -4.31900720	         39.31298203	          5.97738957	         -0.07541484	        -22.29038472	        -13.77931674	         -5.20278814	          4.96035381	        -22.24767676	        -12.29762120	          2.25400730	        -15.15944700	        -16.71839971	         -9.99578443	        129.86672792	         55.52363224	        -23.89307401	         20.85734227	        -35.73600955	        -15.02464401	        -24.72427595	         88.33756605	         62.43347601	         10.46279575	         27.10898568	
          0.25511111	          2.12317647	          2.73690760	         10.84106060	          0.09163780	          1.00338219	          0.30974602	          2.69587341	         -1.65079826	        -15.90687493	       -111.93084282	        -29.57071511	        -24.03073761	         -4.31689175	         39.30218688	          5.97895588	         -0.07537122	        -22.29333210	        -13.78105882	         -5.20297289	          4.96022794	        -22.25509970	        -12.29621408	          2.24817233	        -15.17013329	        -16.71433423	        -10.00248032	        129.83922402	         55.52681351	        -23.89483432	         20.86273468	        -35.71790383	        -15.02820715	        -24.70734094	         88.34189002	         62.43168697	         10.46341139	         27.11015304	
          0.25545843	          2.17164803	          2.75494102	         10.92607097	          0.09490870	          1.00334087	          0.30971085	          2.85922381	         -1.70068498	        -15.99867544	       -112.21292916	        -29.47323930	        -24.03026562	         -4.28472876	         39.13627322	          6.00303921	         -0.07336768	        -22.33879709	        -13.80795066	         -5.20510219	          4.95861836	        -22.36868418	        -12.27430976	          2.15780936	        -15.33265232	        -16.65217111	        -10.10343136	        129.41486560	         55.57685528	        -23.92169883	         20.94538489	        -35.43981845	        -15.08246082	        -24.44751167	         88.40805754	         62.40373522	         10.47279052	         27.12795292	
          0.25655580	          2.32372164	          2.81101405	         11.19902051	          0.10524915	          1.00319946	          0.30959375	          3.37849023	         -1.86192162	        -16.29143386	       -113.09442384	        -29.15996392	        -24.03040115	         -4.18676692	         38.60944716	          6.07946162	         -0.05060804	        -22.48478363	        -13.89492876	         -5.20280847	          4.95754241	        -22.72302059	        -12.20119640	          1.86275186	        -15.82789115	        -16.45889189	        -10.40066718	        128.04766460	         55.74958896	        -24.00459574	         21.20479904	        -34.55908717	        -15.24854888	        -23.62810372	         88.61462365	         62.30958406	         10.50153419	         27.18273109	
          0.25735111	          2.43284525	          2.85064260	         11.40089969	          0.11274899	          1.00308671	          0.30950276	          3.75786813	         -1.98217386	        -16.50597874	       -113.72395205	        -28.92782340	        -24.03150589	         -4.11899900	         38.22507368	          6.13489274	         -0.01873775	        -22.59226992	        -13.96008197	         -5.19226973	          4.96059774	        -22.97539554	        -12.14434750	          1.64030233	        -16.17010839	        -16.32197257	        -10.59677614	        127.03247015	         55.88778392	        -24.06269592	         21.39085749	        -33.91863342	        -15.36396199	        -23.03574727	         88.76196323	         62.23615583	         10.52149715	         27.22104949	
          0.25737374	          2.43593606	          2.85175632	         11.40669142	          0.11296243	          1.00308338	          0.30950009	          3.76869894	         -1.98563660	        -16.51210879	       -113.74174709	        -28.92115600	        -24.03154389	         -4.11710801	         38.21410598	          6.13646728	         -0.01764569	        -22.59534336	        -13.96196365	         -5.19185845	          4.96073200	        -22.98252034	        -12.14268150	          1.63387320	        -16.17964535	        -16.31811795	        -10.60213225	        127.00329843	         55.89186292	        -24.06432339	         21.39612336	        -33.90038468	        -15.36718519	        -23.01891403	         88.76612544	         62.23400698	         10.52205415	         27.22212266	
          0.25772105	          2.48328410	          2.86875170	         11.49592379	          0.11623918	          1.00303135	          0.30945855	          3.93521538	         -2.03907855	        -16.60637624	       -114.01410598	        -28.81837089	        -24.03214846	         -4.08832608	         38.04552119	          6.16060706	          0.00038811	        -22.64260687	        -13.99105147	         -5.18476206	          4.96312230	        -23.09150098	        -12.11676546	          1.53450990	        -16.32468392	        -16.25923916	        -10.68286084	        126.55353657	         55.95544527	        -24.08912365	         21.47675004	        -33.62006244	        -15.41624613	        -22.76065678	         88.82980889	         62.20062334	         10.53052707	         27.23847824	
          0.25881842	          2.63168373	          2.92113147	         11.78181396	          0.12659852	          1.00285636	          0.30931991	          4.46460252	         -2.21148782	        -16.90614526	       -114.86483253	        -28.48815152	        -24.03393806	         -4.00022865	         37.50995654	          6.23631669	          0.07279634	        -22.79266494	        -14.08560962	         -5.15253052	          4.97475045	        -23.43103874	        -12.03057349	          1.21257365	        -16.76665944	        -16.07690147	        -10.92051475	        125.10871310	         56.16745762	        -24.16516879	         21.72874717	        -32.73173581	        -15.56617841	        -21.94635257	         89.02844179	         62.09048987	         10.55633086	         27.28870437	
          0.25961374	          2.73807306	          2.95772357	         11.99260902	          0.13411229	          1.00271955	          0.30921197	          4.85139793	         -2.33980591	        -17.12495543	       -115.47207861	        -28.24359964	        -24.03456785	         -3.93881630	         37.11895098	          6.29036752	          0.13955994	        -22.90161854	        -14.15685643	         -5.11964496	          4.98706446	        -23.67250300	        -11.96390455	          0.97217258	        -17.07212445	        -15.94843347	        -11.07758644	        124.03989889	         56.33044764	        -24.21797767	         21.90844341	        -32.08526649	        -15.67008211	        -21.35783418	         89.16990715	         62.00663365	         10.57408928	         27.32372985	
          0.25963636	          2.74108525	          2.95874651	         11.99864863	          0.13432613	          1.00271553	          0.30920880	          4.86244075	         -2.34349776	        -17.13119672	       -115.48924000	        -28.23657756	        -24.03457176	         -3.93709634	         37.10779090	          6.29189217	          0.14163115	        -22.90471553	        -14.15891884	         -5.11859004	          4.98746275	        -23.67931517	        -11.96195502	          0.96525158	        -17.08063854	        -15.94482568	        -11.08188297	        124.00923427	         56.33518655	        -24.21945059	         21.91351612	        -32.06684032	        -15.67298029	        -21.34111186	         89.17390067	         62.00420237	         10.57458265	         27.32470941	
          0.25998368	          2.78722069	          2.97431801	         12.09164580	          0.13760903	          1.00265308	          0.30915950	          5.03221838	         -2.40045404	        -17.22710164	       -115.75187404	        -28.12833708	        -24.03450984	         -3.91087200	         36.93622762	          6.31519205	          0.17460113	        -22.95221428	        -14.19083197	         -5.10155904	          4.99391016	        -23.78348154	        -11.93165794	          0.85846893	        -17.21013404	        -15.88978019	        -11.14670099	        123.53678226	         56.40858253	        -24.24185062	         21.99109362	        -31.78375083	        -15.71706882	        -21.08456905	         89.23498365	         61.96658221	         10.58207257	         27.33962855	
          0.26108105	          2.93175539	          3.02185192	         12.38887119	          0.14798796	          1.00244546	          0.30899505	          5.57196915	         -2.58393627	        -17.53112976	       -116.57194611	        -27.78078070	        -24.03246131	         -3.83002942	         36.39093238	          6.38733182	          0.29293171	        -23.10150925	        -14.29492827	         -5.03735025	          5.01840049	        -24.10766940	        -11.83131400	          0.51475104	        -17.60493974	        -15.72007115	        -11.33838648	        122.02311574	         56.64773556	        -24.30998898	         22.23246858	        -30.88614574	        -15.85150147	        -20.27578524	         89.42525900	         61.84423927	         10.60469950	         27.38532578	
          0.26187636	          3.03540805	          3.05467669	         12.60718320	          0.15551586	          1.00228544	          0.30886741	          5.96626870	         -2.72024985	        -17.75203232	       -117.15717162	        -27.52365916	        -24.02874574	         -3.77311933	         35.99256155	          6.43791298	          0.39148982	        -23.20861228	        -14.37361776	         -4.98095421	          5.04005232	        -24.33800932	        -11.75421244	          0.26025819	        -17.87804292	        -15.60116751	        -11.46605729	        120.90726631	         56.82680509	        -24.35681414	         22.40366272	        -30.23245361	        -15.94438417	        -19.69125383	         89.56051824	         61.75254018	         10.62010580	         27.41708728	
          0.26189899	          3.03834424	          3.05559013	         12.61342625	          0.15573010	          1.00228077	          0.30886368	          5.97752422	         -2.72416881	        -17.75831953	       -117.17371035	        -27.51628042	        -24.02860769	         -3.77151848	         35.98118798	          6.43932793	          0.39444419	        -23.21164214	        -14.37589787	         -4.97922876	          5.04071618	        -24.34450647	        -11.75196524	          0.25295841	        -17.88565857	        -15.59783601	        -11.46956363	        120.87530039	         56.83195820	        -24.35811429	         22.40848515	        -30.21381594	        -15.94697154	        -19.67464352	         89.56433320	         61.74989691	         10.62053183	         27.41797431	
          0.26224630	          3.08333028	          3.06946805	         12.70946623	          0.15901910	          1.00220834	          0.30880557	          6.15055858	         -2.78460856	        -17.85482898	       -117.42681889	        -27.40257582	        -24.02624320	         -3.74706152	         35.80631972	          6.46086709	          0.44080912	        -23.25801580	        -14.41119177	         -4.95190385	          5.05123851	        -24.44385344	        -11.71709836	          0.14052058	        -18.00151648	        -15.54705710	        -11.52256546	        120.38313627	         56.91141547	        -24.37784734	         22.48216862	        -29.92743852	        -15.98630880	        -19.41980536	         89.62266073	         61.70909516	         10.62698610	         27.43147575	
          0.26334368	          3.22447864	          3.11151867	         13.01526363	          0.16941681	          1.00196988	          0.30861269	          6.70047523	         -2.97906562	        -18.15948784	       -118.21723598	        -27.03791677	        -24.01542208	         -3.67106013	         35.25023492	          6.52649116	          0.59937652	        -23.40263404	        -14.52643503	         -4.85522865	          5.08857446	        -24.75305790	        -11.60234773	         -0.21906386	        -18.35512166	        -15.39111674	        -11.68072496	        118.81048127	         57.16608659	        -24.43739072	         22.71064114	        -29.01893815	        -16.10597462	        -18.61618622	         89.80404531	         61.57755468	         10.64632101	         27.47272975	
          0.26413899	          3.32591428	          3.14024722	         13.23879131	          0.17695789	          1.00178816	          0.30846389	          7.10202184	         -3.12330318	        -18.37962723	       -118.78139435	        -26.76855783	        -24.00393067	         -3.61695451	         34.84371444	          6.57144522	          0.72510303	        -23.50528850	        -14.61364254	         -4.77536810	          5.11950700	        -24.97277626	        -11.51484078	         -0.48315024	        -18.60015747	        -15.28246166	        -11.78770603	        117.65501443	         57.35295730	        -24.47782926	         22.87192184	        -28.35686907	        -16.18838861	        -18.03518267	         89.93268507	         61.47999646	         10.65932345	         27.50130578	
          0.26416162	          3.32879031	          3.14104265	         13.24517049	          0.17717249	          1.00178288	          0.30845954	          7.11348204	         -3.12744719	        -18.38587775	       -118.79733901	        -26.76083291	        -24.00355406	         -3.61542482	         34.83210501	          6.57268900	          0.72880578	        -23.50817885	        -14.61617036	         -4.77297599	          5.12043451	        -24.97897419	        -11.51229805	         -0.49069955	        -18.60699666	        -15.27942498	        -11.79066797	        117.62195992	         57.35829027	        -24.47894583	         22.87645543	        -28.33798721	        -16.19068105	        -18.01867004	         89.93630959	         61.47719635	         10.65968089	         27.50210262	
          0.26450893	          3.37287336	          3.15310089	         13.34321510	          0.18046711	          1.00170115	          0.30839205	          7.28964721	         -3.19133773	        -18.48172201	       -119.04136886	        -26.64183049	        -23.99741396	         -3.59200197	         34.65359105	          6.59152717	          0.78648509	        -23.55232594	        -14.65530269	         -4.73542949	          5.13499981	        -25.07375046	        -11.47290133	         -0.60680749	        -18.71108802	        -15.23319034	        -11.83560996	        117.11335134	         57.44023524	        -24.49585046	         22.94566488	        -28.04782417	        -16.22551363	        -17.76530949	         89.99170201	         61.43405062	         10.66508161	         27.51422358	
          0.26560630	          3.51142368	          3.18934914	         13.65430111	          0.19088196	          1.00143408	          0.30816924	          7.84930238	         -3.39662614	        -18.78306691	       -119.80368640	        -26.26068577	        -23.97342084	         -3.51859470	         34.08574583	          6.64779004	          0.97859295	        -23.68897795	        -14.78308475	         -4.60674154	          5.18502360	        -25.36883922	        -11.34400214	         -0.97606398	        -19.02938092	        -15.09174188	        -11.97171600	        115.49196661	         57.69986217	        -24.54639984	         23.15967688	        -27.12698087	        -16.33127944	        -16.96601704	         90.16373772	         61.29577006	         10.68110144	         27.55118371	
          0.26640162	          3.61122339	          3.21389305	         13.88067366	          0.19843471	          1.00123241	          0.30799878	          8.25773635	         -3.54860802	        -18.99972169	       -120.34816424	        -25.97970092	        -23.95143750	         -3.46579380	         33.67057176	          6.68529178	          1.12642875	        -23.78514691	        -14.87972148	         -4.50414920	          5.22501763	        -25.57870725	        -11.24651455	         -1.24541096	        -19.25057414	        -14.99357652	        -12.06559176	        114.30418016	         57.88824378	        -24.58036685	         23.31041966	        -26.45571982	        -16.40401689	        -16.38771681	         90.28563355	         61.19378768	         10.69174479	         27.57674147	
          0.26642424	          3.61405596	          3.21457041	         13.88712167	          0.19864964	          1.00122657	          0.30799382	          8.26939015	         -3.55297066	        -19.00586045	       -120.36355872	        -25.97165003	        -23.95075314	         -3.46429480	         33.65871554	          6.68631653	          1.13073242	        -23.78784573	        -14.88252127	         -4.50111817	          5.22620077	        -25.58463032	        -11.24369242	         -1.25308921	        -19.25675631	        -14.99083670	        -12.06821258	        114.27024234	         57.89360098	        -24.58130091	         23.31465527	        -26.43657460	        -16.40603975	        -16.37127468	         90.28906764	         61.19086564	         10.69203596	         27.57745389	
          0.26677156	          3.65749346	          3.22482397	         13.98613889	          0.20194912	          1.00113635	          0.30791696	          8.44851030	         -3.62020513	        -19.09990266	       -120.59921274	        -25.84767850	        -23.93982865	         -3.44129945	         33.47641078	          6.70174564	          1.19743950	        -23.82900705	        -14.92585334	         -4.45382172	          5.24467395	        -25.67522614	        -11.20004058	         -1.37103379	        -19.35091007	        -14.94914538	        -12.10813272	        113.74832475	         57.97579900	        -24.59541674	         23.37930747	        -26.14235792	        -16.43677516	        -16.11895012	         90.34154852	         61.14587267	         10.69642575	         27.58828952	
          0.26786893	          3.79426942	          3.25546763	         14.29926204	          0.21237838	          1.00084333	          0.30766488	          9.01729585	         -3.83590755	        -19.39448628	       -121.33592451	        -25.45125973	        -23.89997343	         -3.36870529	         32.89655686	          6.74665966	          1.41564624	        -23.95565946	        -15.06721309	         -4.29503639	          5.30684834	        -25.95758206	        -11.05811098	         -1.74433406	        -19.63962442	        -14.82188797	        -12.23101535	        112.08797267	         58.23475774	        -24.63731229	         23.57912729	        -25.20857136	        -16.53010115	        -15.32236035	         90.50452837	         61.00205723	         10.70932986	         27.62131847	
          0.26866424	          3.89303118	          3.27604695	         14.52614077	          0.21994068	          1.00062368	          0.30747358	          9.43214942	         -3.99528831	        -19.60524741	       -121.86266932	        -25.15961539	        -23.86581192	         -3.31598985	         32.47266253	          6.77540646	          1.58010414	        -24.04406083	        -15.17397446	         -4.17131673	          5.35545394	        -26.15867687	        -10.95157978	         -2.01496722	        -19.84110216	        -14.73384213	        -12.31778116	        110.87485647	         58.42130083	        -24.66516344	         23.71979448	        -24.52781700	        -16.59430544	        -14.74548548	         90.62000774	         60.89634753	         10.71779139	         27.64415234	
          0.26868687	          3.89583702	          3.27661302	         14.53259211	          0.22015586	          1.00061735	          0.30746804	          9.44398330	         -3.99985931	        -19.61120759	       -121.87757006	        -25.15126665	        -23.86477437	         -3.31448751	         32.46055884	          6.77617682	          1.58485315	        -24.04653336	        -15.17706525	         -4.16769390	          5.35687918	        -26.16435614	        -10.94850574	         -2.02266352	        -19.84674415	        -14.73138754	        -12.32022775	        110.84023277	         58.42659163	        -24.66592583	         23.72374692	        -24.50840135	        -16.59609164	        -14.72907790	         90.62326178	         60.89332279	         10.71802154	         27.64478893	
          0.26903418	          3.93888161	          3.28517130	         14.63159063	          0.22345926	          1.00051951	          0.30738221	          9.62584909	         -4.07027462	        -19.70244329	       -122.10572478	        -25.02276347	        -23.84839463	         -3.29140444	         32.27446610	          6.78767367	          1.65820975	        -24.08419277	        -15.22488022	         -4.11138425	          5.37904455	        -26.25125162	        -10.90102788	         -2.14076967	        -19.93274646	        -14.69405123	        -12.35764956	        110.30801981	         58.50769258	        -24.67742585	         23.78408347	        -24.21003902	        -16.62323783	        -14.47724606	         90.67300156	         60.84677532	         10.72148301	         27.65447290	
          0.27013155	          4.07460031	          3.31065585	         14.94389720	          0.23389981	          1.00020340	          0.30710261	         10.20306491	         -4.29577454	        -19.98751262	       -122.81979954	        -24.61256876	        -23.79108951	         -3.21813419	         31.68287690	          6.81997175	          1.89520426	        -24.19956438	        -15.38053730	         -3.92509779	          5.45252656	        -26.52245827	        -10.74756915	         -2.51336016	        -20.19738211	        -14.58018899	        -12.47452222	        108.61788292	         58.76253700	        -24.71134458	         23.97075968	        -23.26334840	        -16.70578162	        -13.68181762	         90.82768493	         60.69830076	         10.73157043	         27.68403095	
          0.27092687	          4.17272984	          3.32773380	         15.16960530	          0.24146921	          0.99996796	          0.30689235	         10.62377624	         -4.46196502	        -20.19097625	       -123.33124304	        -24.31151369	        -23.74434655	         -3.16462000	         31.25083216	          6.83958791	          2.07127117	        -24.27976100	        -15.49769877	         -3.78250967	          5.50890576	        -26.71602125	        -10.63328689	         -2.78259195	        -20.38292839	        -14.50140354	        -12.55833788	        107.38561500	         58.94589610	        -24.73375379	         24.10251205	        -22.57359286	        -16.76272825	        -13.10549725	         90.93760873	         60.58942926	         10.73812031	         27.70452777	
          0.27094949	          4.17551913	          3.32820345	         15.17601697	          0.24168459	          0.99996118	          0.30688627	         10.63577358	         -4.46672590	        -20.19672501	       -123.34572258	        -24.30290458	        -23.74295329	         -3.16309152	         31.23850166	          6.84009970	          2.07632631	        -24.28200069	        -15.50108543	         -3.77836383	          5.51054654	        -26.72149317	        -10.63000016	         -2.79023893	        -20.38813544	        -14.49920636	        -12.56071578	        107.35047547	         58.95109604	        -24.73436588	         24.10621914	        -22.55392633	        -16.76431496	        -13.08910238	         90.94071092	         60.58631708	         10.73829778	         27.70510017	
          0.27129681	          4.21831949	          3.33530381	         15.27436232	          0.24499078	          0.99985672	          0.30679246	         10.82012607	         -4.54002921	        -20.28468891	       -123.56750994	        -24.17045582	        -23.72112900	         -3.13958332	         31.04896270	          6.84763582	          2.15421458	        -24.31609008	        -15.55344210	         -3.71412172	          5.53598143	        -26.80525383	        -10.57931183	         -2.90752231	        -20.46758830	        -14.46577932	        -12.59718893	        106.81054589	         59.03080029	        -24.74359020	         24.16284713	        -22.25174915	        -16.78844746	        -12.83744447	         90.98816314	         60.53844479	         10.74096227	         27.71381474	
          0.27239418	          4.35338849	          3.35645573	         15.58406417	          0.25543901	          0.99952066	          0.30648876	         11.40492278	         -4.77432221	        -20.55910094	       -124.26267751	        -23.74842687	        -23.64681929	         -3.06467905	         30.44692170	          6.86752707	          2.40346625	        -24.42023666	        -15.72344289	         -3.50395694	          5.61931082	        -27.06714961	        -10.41638015	         -3.27670991	        -20.71309685	        -14.36374868	        -12.71236213	        105.09850902	         59.28121039	        -24.77070685	         24.33851602	        -21.29345374	        -16.86206811	        -12.04230544	         91.13615150	         60.38600000	         10.74867723	         27.74050676	
          0.27318949	          4.45115157	          3.37066377	         15.80747691	          0.26301295	          0.99927180	          0.30626222	         11.83082440	         -4.94652213	        -20.75469860	       -124.76160604	        -23.43943472	        -23.58809805	         -3.00976174	         30.00777204	          6.87837502	          2.58661156	        -24.49246452	        -15.85084635	         -3.34527891	          5.68232609	        -27.25454746	        -10.29587997	         -3.54286994	        -20.88625176	        -14.29298998	        -12.79600795	        103.85261606	         59.46139105	        -24.78857539	         24.46298732	        -20.59578160	        -16.91312672	        -11.46599262	         91.24173318	         60.27447291	         10.75365162	         27.75911728	
          0.27321212	          4.45393147	          3.37105531	         15.81382054	          0.26322844	          0.99926466	          0.30625570	         11.84296477	         -4.95144849	        -20.76022528	       -124.77574495	        -23.43060851	        -23.58637163	         -3.00819187	         29.99524636	          6.87864270	          2.59184913	        -24.49448199	        -15.85451936	         -3.34069221	          5.68414860	        -27.25985156	        -10.29242453	         -3.55042543	        -20.89112401	        -14.29101326	        -12.79839044	        103.81711420	         59.46650218	        -24.78906352	         24.46649631	        -20.57589737	        -16.91455325	        -11.44959643	         91.24471821	         60.27128827	         10.75378615	         27.75963844	
          0.27355944	          4.49659390	          3.37698224	         15.91111261	          0.26653636	          0.99915466	          0.30615515	         12.02947659	         -5.02724889	        -20.84480769	       -124.99241440	        -23.29489157	        -23.55950160	         -2.98404377	         29.80276512	          6.88248068	          2.67242101	        -24.52520270	        -15.91122197	         -3.26980877	          5.71232003	        -27.34109056	        -10.23920442	         -3.66629151	        -20.96555928	        -14.26091016	        -12.83498271	        103.27178778	         59.54485991	        -24.79642330	         24.52014819	        -20.27043737	        -16.93627905	        -11.19791213	         91.29041644	         60.22232687	         10.75580529	         27.76758380	
          0.27465681	          4.63128552	          3.39475719	         16.21753792	          0.27698930	          0.99880252	          0.30583192	         12.62058628	         -5.26883041	        -21.10911748	       -125.67283480	        -22.86338902	        -23.47032826	         -2.90714654	         29.19217259	          6.89147348	          2.92893978	        -24.61939982	        -16.09412335	         -3.04035101	          5.80357715	        -27.59571893	        -10.06900359	         -4.03107546	        -21.19668894	        -14.16855845	        -12.95087806	        101.54457071	         59.79130434	        -24.81815132	         24.68724739	        -19.30259786	        -17.00295207	        -10.40268001	         91.43341920	         60.06675189	         10.76165826	         27.79206409	
          0.27545212	          4.72881672	          3.40684407	         16.43875420	          0.28456599	          0.99854343	          0.30559297	         13.05052835	         -5.44568290	        -21.29814294	       -126.16247322	        -22.54838850	        -23.40205140	         -2.85088211	         28.74759983	          6.89531750	          3.11638649	        -24.68521564	        -16.22990749	         -2.86940644	          5.87160426	        -27.77853759	         -9.94394148	         -4.29430634	        -21.36080297	        -14.10396655	        -13.03516762	        100.28931990	         59.96895282	        -24.83261659	         24.80632628	        -18.59887808	        -17.04961141	         -9.82634524	         91.53592093	         59.95327231	         10.76545816	         27.80928403	
          0.27547475	          4.73159051	          3.40717930	         16.44503774	          0.28478155	          0.99853602	          0.30558612	         13.06277701	         -5.45073378	        -21.30349218	       -126.17636510	        -22.53940198	        -23.40006841	         -2.84927523	         28.73492950	          6.89539716	          3.12173487	        -24.68706074	        -16.23380671	         -2.86449204	          5.87356025	        -27.78371990	         -9.94036496	         -4.30178205	        -21.36543496	        -14.10215474	        -13.03756956	        100.25357180	         59.97399622	        -24.83301411	         24.80969196	        -18.57883262	        -17.05092063	         -9.80994908	         91.53882490	         59.95003604	         10.76556144	         27.80976825	
          0.27582206	          4.77416257	          3.41226980	         16.54142426	          0.28809051	          0.99842195	          0.30548065	         13.25090479	         -5.52839115	        -21.38541724	       -126.38936239	        -22.40129802	        -23.36936609	         -2.82456809	         28.54029478	          6.89642726	          3.20392750	        -24.71520544	        -16.29389689	         -2.78872622	          5.90371733	        -27.86314855	         -9.88534673	         -4.41644802	        -21.43629960	        -14.07450980	        -13.07446820	         99.70460440	         60.05134438	        -24.83902624	         24.86121430	        -18.27097297	        -17.07090004	         -9.55826971	         91.58332449	         59.90030940	         10.76711589	         27.81716473	
          0.27691943	          4.90861051	          3.42774741	         16.84519463	          0.29854602	          0.99805846	          0.30514370	         13.84654967	         -5.77516828	        -21.64214829	       -127.05965911	        -21.96316354	        -23.26939328	         -2.74601700	         27.92372358	          6.89751178	          3.46457698	        -24.80212471	        -16.48645530	         -2.54566521	          6.00046814	        -28.11278466	         -9.71021033	         -4.77774395	        -21.65759825	        -13.98902234	        -13.19142852	         97.96759560	         60.29496878	        -24.85702862	         25.02245080	        -17.29647909	        -17.13272684	         -8.76310892	         91.72310246	         59.74265246	         10.77168592	         27.84013511	
          0.27771475	          5.00600482	          3.43849725	         17.06468252	          0.30612394	          0.99779258	          0.30489658	         14.27923680	         -5.95514849	        -21.82645725	       -127.54336457	        -21.64422068	        -23.19453246	         -2.68866069	         27.47560151	          6.89653913	          3.65407725	        -24.86348372	        -16.62824488	         -2.36659272	          6.07173602	        -28.29267618	         -9.58227930	         -5.03873535	        -21.81596474	        -13.92854830	        -13.27658202	         96.70687408	         60.47092457	        -24.86929927	         25.13810282	        -16.58881725	        -17.17651161	         -8.18687881	         91.82380108	         59.62798292	         10.77473191	         27.85647378	
          0.27773737	          5.00877521	          3.43879847	         17.07091930	          0.30633953	          0.99778499	          0.30488952	         14.29155689	         -5.96028051	        -21.83168185	       -127.55710492	        -21.63513263	        -23.19237744	         -2.68702405	         27.46283984	          6.89649301	          3.65947249	        -24.86521208	        -16.63230273	         -2.36146837	          6.07377510	        -28.29778372	         -9.57862987	         -5.04615089	        -21.82045014	        -13.92684310	        -13.27900967	         96.67099033	         60.47592414	        -24.86964057	         25.14138111	        -16.56867047	        -17.17774688	         -8.17048628	         91.82666032	         59.62471671	         10.77481591	         27.85693554	
          0.27808469	          5.05129838	          3.44339499	         17.16660470	          0.30964884	          0.99766835	          0.30478096	         14.48073495	         -6.03912897	        -21.91175993	       -127.76789613	        -21.49554388	        -23.15914055	         -2.66186935	         27.26686994	          6.89567040	          3.74230422	        -24.89163463	        -16.69474321	         -2.28262751	          6.10514439	        -28.37612346	         -9.52255285	         -5.15991795	        -21.88918235	        -13.90076155	        -13.31631082	         96.12007946	         60.55262934	        -24.87483286	         25.19163225	        -16.25933069	        -17.19664575	         -7.91886712	         91.87051884	         59.57455783	         10.77608934	         27.86400556	
          0.27918206	          5.18563369	          3.45765718	         17.46836599	          0.32010482	          0.99729826	          0.30443615	         15.07912764	         -6.28899773	        -22.16347271	       -128.43270135	        -21.05362817	        -23.05246855	         -2.58201658	         26.64690552	          6.89186463	          4.00398284	        -24.97397387	        -16.89368130	         -2.03167368	          6.20494517	        -28.62304683	         -9.34481691	         -5.51867744	        -22.10519410	        -13.81931121	        -13.43463994	         94.37864240	         60.79459206	        -24.89077730	         25.34971810	        -15.28108772	        -17.25573010	         -7.12395237	         92.00883380	         59.41587105	         10.77995673	         27.88616878	
          0.27997737	          5.28298612	          3.46785413	         17.68659358	          0.32768243	          0.99702903	          0.30418509	         15.51326443	         -6.47058082	        -22.34492084	       -128.91383100	        -20.73280900	        -22.97399541	         -2.52382365	         26.19710795	          6.88826259	          4.19328879	        -25.03283130	        -17.03910107	         -1.84861191	          6.27768275	        -28.80166328	         -9.21570997	         -5.77811902	        -22.26110637	        -13.76090608	        -13.52087755	         93.11633732	         60.96969469	        -24.90206199	         25.46390878	        -14.57158940	        -17.29816500	         -6.54795352	         92.10900613	         59.30077406	         10.78266941	         27.90213547	
          0.28000000	          5.28575580	          3.46814365	         17.69279691	          0.32789801	          0.99702137	          0.30417794	         15.52561910	         -6.47575060	        -22.35007359	       -128.92751533	        -20.72367819	        -22.97175290	         -2.52216452	         26.18430825	          6.88815291	          4.19866695	        -25.03449855	        -17.04324999	         -1.84339534	          6.27975454	        -28.80674303	         -9.21203580	         -5.78549402	        -22.26553889	        -13.75924920	        -13.52333718	         93.08042851	         60.97467431	        -24.90238145	         25.46715561	        -14.55140119	        -17.29936971	         -6.53156821	         92.11185696	         59.29749962	         10.78274608	         27.90258927	
          0.28034731	          5.32827158	          3.47258860	         17.78798560	          0.33120701	          0.99690366	          0.30406816	         15.71528174	         -6.55512424	        -22.42911507	       -129.13756653	        -20.58350689	        -22.93727917	         -2.49667373	         25.98782146	          6.88643278	          4.28115614	        -25.06005279	        -17.10700349	         -1.76328678	          6.31156263	        -28.88471533	         -9.15563934	         -5.89866333	        -22.33357686	        -13.73383627	        -13.56113701	         92.52927170	         61.05110316	        -24.90728172	         25.51699390	        -14.24150081	        -17.31785387	         -6.28006456	         92.15563202	         59.24724148	         10.78392217	         27.90955523	
          0.28144469	          5.46262535	          3.48671733	         18.08838366	          0.34166134	          0.99653170	          0.30372131	         16.31463487	         -6.80598067	        -22.67837005	       -129.80151244	        -20.14066065	        -22.82800825	         -2.41587147	         25.36704928	          6.88075470	          4.54076231	        -25.14050982	        -17.30904391	         -1.51015061	          6.41196966	        -29.13120546	         -8.97763988	         -6.25583798	        -22.54884583	        -13.65359592	        -13.68113873	         90.78876986	         61.29256255	        -24.92283591	         25.67464114	        -13.26241401	        -17.37629955	         -5.48557053	         92.29424572	         59.08857700	         10.78766726	         27.93161402	
          0.28224000	          5.56003088	          3.49714552	         18.30581905	          0.34923712	          0.99626257	          0.30347056	         16.74892594	         -6.98764181	        -22.85881304	       -130.28342344	        -19.82003120	        -22.74889446	         -2.35709716	         24.91745001	          6.87671054	          4.72762610	        -25.19882089	        -17.45571864	         -1.32723816	          6.48440587	        -29.31019889	         -8.84905005	         -6.51441942	        -22.70559720	        -13.59521076	        -13.76868065	         89.52876836	         61.46765153	        -24.93434329	         25.78933603	        -12.55318480	        -17.41890927	         -4.90992955	         92.39516860	         58.97381509	         10.79046720	         27.94771804	
