muscle,offset,anterior_tilt_deg,pct_stride,lMtilde
semimem,p6,1.9870,0.0,0.89644
semimem,p6,1.9870,0.5,0.89071
semimem,p6,1.9870,1.0,0.88475
semimem,p6,1.9870,1.5,0.87851
semimem,p6,1.9870,2.0,0.87193
semimem,p6,1.9870,2.5,0.86489
semimem,p6,1.9870,3.0,0.85729
semimem,p6,1.9870,3.5,0.84907
semimem,p6,1.9870,4.0,0.84021
semimem,p6,1.9870,4.5,0.83075
semimem,p6,1.9870,5.0,0.82075
semimem,p6,1.9870,5.5,0.81029
semimem,p6,1.9870,6.0,0.79944
semimem,p6,1.9870,6.5,0.78830
semimem,p6,1.9870,7.0,0.77696
semimem,p6,1.9870,7.5,0.76549
semimem,p6,1.9870,8.0,0.75397
semimem,p6,1.9870,8.5,0.74249
semimem,p6,1.9870,9.0,0.73114
semimem,p6,1.9870,9.5,0.72024
semimem,p6,1.9870,10.0,0.70993
semimem,p6,1.9870,10.5,0.70027
semimem,p6,1.9870,11.0,0.69130
semimem,p6,1.9870,11.5,0.68301
semimem,p6,1.9870,12.0,0.67538
semimem,p6,1.9870,12.5,0.66839
semimem,p6,1.9870,13.0,0.66196
semimem,p6,1.9870,13.5,0.65597
semimem,p6,1.9870,14.0,0.65031
semimem,p6,1.9870,14.5,0.64486
semimem,p6,1.9870,15.0,0.63954
semimem,p6,1.9870,15.5,0.63430
semimem,p6,1.9870,16.0,0.62913
semimem,p6,1.9870,16.5,0.62407
semimem,p6,1.9870,17.0,0.61917
semimem,p6,1.9870,17.5,0.61449
semimem,p6,1.9870,18.0,0.61003
semimem,p6,1.9870,18.5,0.60573
semimem,p6,1.9870,19.0,0.60149
semimem,p6,1.9870,19.5,0.59720
semimem,p6,1.9870,20.0,0.59276
semimem,p6,1.9870,20.5,0.58808
semimem,p6,1.9870,21.0,0.58311
semimem,p6,1.9870,21.5,0.57781
semimem,p6,1.9870,22.0,0.57214
semimem,p6,1.9870,22.5,0.56609
semimem,p6,1.9870,23.0,0.55961
semimem,p6,1.9870,23.5,0.55262
semimem,p6,1.9870,24.0,0.54501
semimem,p6,1.9870,24.5,0.53670
semimem,p6,1.9870,25.0,0.52772
semimem,p6,1.9870,25.5,0.51814
semimem,p6,1.9870,26.0,0.50808
semimem,p6,1.9870,26.5,0.49765
semimem,p6,1.9870,27.0,0.48694
semimem,p6,1.9870,27.5,0.47589
semimem,p6,1.9870,28.0,0.46484
semimem,p6,1.9870,28.5,0.45406
semimem,p6,1.9870,29.0,0.44370
semimem,p6,1.9870,29.5,0.43375
semimem,p6,1.9870,30.0,0.42418
semimem,p6,1.9870,30.5,0.41502
semimem,p6,1.9870,31.0,0.40627
semimem,p6,1.9870,31.5,0.39791
semimem,p6,1.9870,32.0,0.38994
semimem,p6,1.9870,32.5,0.38234
semimem,p6,1.9870,33.0,0.37512
semimem,p6,1.9870,33.5,0.36828
semimem,p6,1.9870,34.0,0.36180
semimem,p6,1.9870,34.5,0.35565
semimem,p6,1.9870,35.0,0.34980
semimem,p6,1.9870,35.5,0.34426
semimem,p6,1.9870,36.0,0.33901
semimem,p6,1.9870,36.5,0.33407
semimem,p6,1.9870,37.0,0.32945
semimem,p6,1.9870,37.5,0.32514
semimem,p6,1.9870,38.0,0.32114
semimem,p6,1.9870,38.5,0.31745
semimem,p6,1.9870,39.0,0.31407
semimem,p6,1.9870,39.5,0.31101
semimem,p6,1.9870,40.0,0.30829
semimem,p6,1.9870,40.5,0.30590
semimem,p6,1.9870,41.0,0.30383
semimem,p6,1.9870,41.5,0.30209
semimem,p6,1.9870,42.0,0.30067
semimem,p6,1.9870,42.5,0.29956
semimem,p6,1.9870,43.0,0.29877
semimem,p6,1.9870,43.5,0.29828
semimem,p6,1.9870,44.0,0.29811
semimem,p6,1.9870,44.5,0.29824
semimem,p6,1.9870,45.0,0.29869
semimem,p6,1.9870,45.5,0.29947
semimem,p6,1.9870,46.0,0.30062
semimem,p6,1.9870,46.5,0.30213
semimem,p6,1.9870,47.0,0.30401
semimem,p6,1.9870,47.5,0.30627
semimem,p6,1.9870,48.0,0.30890
semimem,p6,1.9870,48.5,0.31188
semimem,p6,1.9870,49.0,0.31521
semimem,p6,1.9870,49.5,0.31888
semimem,p6,1.9870,50.0,0.32288
semimem,p6,1.9870,50.5,0.32720
semimem,p6,1.9870,51.0,0.33185
semimem,p6,1.9870,51.5,0.33685
semimem,p6,1.9870,52.0,0.34208
semimem,p6,1.9870,52.5,0.34743
semimem,p6,1.9870,53.0,0.35298
semimem,p6,1.9870,53.5,0.35886
semimem,p6,1.9870,54.0,0.36519
semimem,p6,1.9870,54.5,0.37196
semimem,p6,1.9870,55.0,0.37916
semimem,p6,1.9870,55.5,0.38672
semimem,p6,1.9870,56.0,0.39469
semimem,p6,1.9870,56.5,0.40308
semimem,p6,1.9870,57.0,0.41189
semimem,p6,1.9870,57.5,0.42110
semimem,p6,1.9870,58.0,0.43074
semimem,p6,1.9870,58.5,0.44080
semimem,p6,1.9870,59.0,0.45136
semimem,p6,1.9870,59.5,0.46260
semimem,p6,1.9870,60.0,0.47462
semimem,p6,1.9870,60.5,0.48739
semimem,p6,1.9870,61.0,0.50090
semimem,p6,1.9870,61.5,0.51513
semimem,p6,1.9870,62.0,0.53004
semimem,p6,1.9870,62.5,0.54545
semimem,p6,1.9870,63.0,0.56108
semimem,p6,1.9870,63.5,0.57665
semimem,p6,1.9870,64.0,0.59208
semimem,p6,1.9870,64.5,0.60740
semimem,p6,1.9870,65.0,0.62269
semimem,p6,1.9870,65.5,0.63807
semimem,p6,1.9870,66.0,0.65370
semimem,p6,1.9870,66.5,0.66978
semimem,p6,1.9870,67.0,0.68642
semimem,p6,1.9870,67.5,0.70369
semimem,p6,1.9870,68.0,0.72151
semimem,p6,1.9870,68.5,0.73980
semimem,p6,1.9870,69.0,0.75849
semimem,p6,1.9870,69.5,0.77752
semimem,p6,1.9870,70.0,0.79684
semimem,p6,1.9870,70.5,0.81640
semimem,p6,1.9870,71.0,0.83620
semimem,p6,1.9870,71.5,0.85621
semimem,p6,1.9870,72.0,0.87706
semimem,p6,1.9870,72.5,0.87472
semimem,p6,1.9870,73.0,0.87168
semimem,p6,1.9870,73.5,0.86939
semimem,p6,1.9870,74.0,0.86805
semimem,p6,1.9870,74.5,0.86778
semimem,p6,1.9870,75.0,0.86870
semimem,p6,1.9870,75.5,0.87101
semimem,p6,1.9870,76.0,0.87483
semimem,p6,1.9870,76.5,0.88007
semimem,p6,1.9870,77.0,0.88643
semimem,p6,1.9870,77.5,0.89345
semimem,p6,1.9870,78.0,0.90067
semimem,p6,1.9870,78.5,0.90779
semimem,p6,1.9870,79.0,0.91464
semimem,p6,1.9870,79.5,0.92111
semimem,p6,1.9870,80.0,0.92714
semimem,p6,1.9870,80.5,0.93271
semimem,p6,1.9870,81.0,0.93786
semimem,p6,1.9870,81.5,0.94262
semimem,p6,1.9870,82.0,0.94704
semimem,p6,1.9870,82.5,0.95112
semimem,p6,1.9870,83.0,0.95489
semimem,p6,1.9870,83.5,0.95833
semimem,p6,1.9870,84.0,0.96145
semimem,p6,1.9870,84.5,0.96422
semimem,p6,1.9870,85.0,0.96663
semimem,p6,1.9870,85.5,0.96865
semimem,p6,1.9870,86.0,0.97029
semimem,p6,1.9870,86.5,0.97153
semimem,p6,1.9870,87.0,0.97240
semimem,p6,1.9870,87.5,0.97289
semimem,p6,1.9870,88.0,0.97302
semimem,p6,1.9870,88.5,0.97279
semimem,p6,1.9870,89.0,0.97223
semimem,p6,1.9870,89.5,0.97134
semimem,p6,1.9870,90.0,0.97013
semimem,p6,1.9870,90.5,0.96863
semimem,p6,1.9870,91.0,0.96683
semimem,p6,1.9870,91.5,0.96477
semimem,p6,1.9870,92.0,0.96244
semimem,p6,1.9870,92.5,0.95985
semimem,p6,1.9870,93.0,0.95702
semimem,p6,1.9870,93.5,0.95396
semimem,p6,1.9870,94.0,0.95068
semimem,p6,1.9870,94.5,0.94718
semimem,p6,1.9870,95.0,0.94346
semimem,p6,1.9870,95.5,0.93955
semimem,p6,1.9870,96.0,0.93544
semimem,p6,1.9870,96.5,0.93116
semimem,p6,1.9870,97.0,0.92670
semimem,p6,1.9870,97.5,0.92208
semimem,p6,1.9870,98.0,0.91730
semimem,p6,1.9870,98.5,0.91236
semimem,p6,1.9870,99.0,0.90724
semimem,p6,1.9870,99.5,0.90194
semimem,p6,1.9870,100.0,0.89644
semiten,p6,1.9870,0.0,1.05677
semiten,p6,1.9870,0.5,1.05300
semiten,p6,1.9870,1.0,1.04910
semiten,p6,1.9870,1.5,1.04503
semiten,p6,1.9870,2.0,1.04072
semiten,p6,1.9870,2.5,1.03621
semiten,p6,1.9870,3.0,1.03145
semiten,p6,1.9870,3.5,1.02636
semiten,p6,1.9870,4.0,1.02071
semiten,p6,1.9870,4.5,1.01455
semiten,p6,1.9870,5.0,1.00807
semiten,p6,1.9870,5.5,1.00163
semiten,p6,1.9870,6.0,0.99538
semiten,p6,1.9870,6.5,0.98931
semiten,p6,1.9870,7.0,0.98342
semiten,p6,1.9870,7.5,0.97770
semiten,p6,1.9870,8.0,0.97215
semiten,p6,1.9870,8.5,0.96678
semiten,p6,1.9870,9.0,0.96162
semiten,p6,1.9870,9.5,0.95669
semiten,p6,1.9870,10.0,0.95205
semiten,p6,1.9870,10.5,0.94773
semiten,p6,1.9870,11.0,0.94373
semiten,p6,1.9870,11.5,0.94003
semiten,p6,1.9870,12.0,0.93660
semiten,p6,1.9870,12.5,0.93340
semiten,p6,1.9870,13.0,0.93037
semiten,p6,1.9870,13.5,0.92743
semiten,p6,1.9870,14.0,0.92448
semiten,p6,1.9870,14.5,0.92145
semiten,p6,1.9870,15.0,0.91832
semiten,p6,1.9870,15.5,0.91508
semiten,p6,1.9870,16.0,0.91176
semiten,p6,1.9870,16.5,0.90845
semiten,p6,1.9870,17.0,0.90521
semiten,p6,1.9870,17.5,0.90210
semiten,p6,1.9870,18.0,0.89913
semiten,p6,1.9870,18.5,0.89624
semiten,p6,1.9870,19.0,0.89336
semiten,p6,1.9870,19.5,0.89040
semiten,p6,1.9870,20.0,0.88731
semiten,p6,1.9870,20.5,0.88406
semiten,p6,1.9870,21.0,0.88065
semiten,p6,1.9870,21.5,0.87707
semiten,p6,1.9870,22.0,0.87335
semiten,p6,1.9870,22.5,0.86950
semiten,p6,1.9870,23.0,0.86549
semiten,p6,1.9870,23.5,0.86132
semiten,p6,1.9870,24.0,0.85694
semiten,p6,1.9870,24.5,0.85233
semiten,p6,1.9870,25.0,0.84749
semiten,p6,1.9870,25.5,0.84241
semiten,p6,1.9870,26.0,0.83712
semiten,p6,1.9870,26.5,0.83164
semiten,p6,1.9870,27.0,0.82600
semiten,p6,1.9870,27.5,0.82022
semiten,p6,1.9870,28.0,0.81433
semiten,p6,1.9870,28.5,0.80843
semiten,p6,1.9870,29.0,0.80261
semiten,p6,1.9870,29.5,0.79692
semiten,p6,1.9870,30.0,0.79138
semiten,p6,1.9870,30.5,0.78597
semiten,p6,1.9870,31.0,0.78068
semiten,p6,1.9870,31.5,0.77548
semiten,p6,1.9870,32.0,0.77036
semiten,p6,1.9870,32.5,0.76533
semiten,p6,1.9870,33.0,0.76038
semiten,p6,1.9870,33.5,0.75553
semiten,p6,1.9870,34.0,0.75077
semiten,p6,1.9870,34.5,0.74611
semiten,p6,1.9870,35.0,0.74153
semiten,p6,1.9870,35.5,0.73704
semiten,p6,1.9870,36.0,0.73264
semiten,p6,1.9870,36.5,0.72834
semiten,p6,1.9870,37.0,0.72415
semiten,p6,1.9870,37.5,0.72009
semiten,p6,1.9870,38.0,0.71615
semiten,p6,1.9870,38.5,0.71235
semiten,p6,1.9870,39.0,0.70871
semiten,p6,1.9870,39.5,0.70523
semiten,p6,1.9870,40.0,0.70195
semiten,p6,1.9870,40.5,0.69887
semiten,p6,1.9870,41.0,0.69602
semiten,p6,1.9870,41.5,0.69341
semiten,p6,1.9870,42.0,0.69103
semiten,p6,1.9870,42.5,0.68891
semiten,p6,1.9870,43.0,0.68704
semiten,p6,1.9870,43.5,0.68546
semiten,p6,1.9870,44.0,0.68415
semiten,p6,1.9870,44.5,0.68314
semiten,p6,1.9870,45.0,0.68243
semiten,p6,1.9870,45.5,0.68204
semiten,p6,1.9870,46.0,0.68199
semiten,p6,1.9870,46.5,0.68228
semiten,p6,1.9870,47.0,0.68291
semiten,p6,1.9870,47.5,0.68387
semiten,p6,1.9870,48.0,0.68515
semiten,p6,1.9870,48.5,0.68671
semiten,p6,1.9870,49.0,0.68855
semiten,p6,1.9870,49.5,0.69065
semiten,p6,1.9870,50.0,0.69299
semiten,p6,1.9870,50.5,0.69555
semiten,p6,1.9870,51.0,0.69835
semiten,p6,1.9870,51.5,0.70138
semiten,p6,1.9870,52.0,0.70455
semiten,p6,1.9870,52.5,0.70780
semiten,p6,1.9870,53.0,0.71115
semiten,p6,1.9870,53.5,0.71469
semiten,p6,1.9870,54.0,0.71851
semiten,p6,1.9870,54.5,0.72262
semiten,p6,1.9870,55.0,0.72699
semiten,p6,1.9870,55.5,0.73159
semiten,p6,1.9870,56.0,0.73644
semiten,p6,1.9870,56.5,0.74156
semiten,p6,1.9870,57.0,0.74696
semiten,p6,1.9870,57.5,0.75260
semiten,p6,1.9870,58.0,0.75850
semiten,p6,1.9870,58.5,0.76466
semiten,p6,1.9870,59.0,0.77111
semiten,p6,1.9870,59.5,0.77798
semiten,p6,1.9870,60.0,0.78535
semiten,p6,1.9870,60.5,0.79319
semiten,p6,1.9870,61.0,0.80151
semiten,p6,1.9870,61.5,0.81036
semiten,p6,1.9870,62.0,0.81973
semiten,p6,1.9870,62.5,0.82954
semiten,p6,1.9870,63.0,0.83964
semiten,p6,1.9870,63.5,0.84985
semiten,p6,1.9870,64.0,0.86010
semiten,p6,1.9870,64.5,0.87036
semiten,p6,1.9870,65.0,0.88064
semiten,p6,1.9870,65.5,0.89097
semiten,p6,1.9870,66.0,0.90142
semiten,p6,1.9870,66.5,0.91208
semiten,p6,1.9870,67.0,0.92298
semiten,p6,1.9870,67.5,0.93414
semiten,p6,1.9870,68.0,0.94549
semiten,p6,1.9870,68.5,0.95698
semiten,p6,1.9870,69.0,0.96856
semiten,p6,1.9870,69.5,0.98021
semiten,p6,1.9870,70.0,0.99189
semiten,p6,1.9870,70.5,1.00360
semiten,p6,1.9870,71.0,1.01531
semiten,p6,1.9870,71.5,1.02703
semiten,p6,1.9870,72.0,1.03874
semiten,p6,1.9870,72.5,1.05040
semiten,p6,1.9870,73.0,1.06144
semiten,p6,1.9870,73.5,1.06049
semiten,p6,1.9870,74.0,1.06093
semiten,p6,1.9870,74.5,1.06307
semiten,p6,1.9870,75.0,1.06684
semiten,p6,1.9870,75.5,1.07178
semiten,p6,1.9870,76.0,1.07731
semiten,p6,1.9870,76.5,1.08300
semiten,p6,1.9870,77.0,1.08856
semiten,p6,1.9870,77.5,1.09380
semiten,p6,1.9870,78.0,1.09863
semiten,p6,1.9870,78.5,1.10302
semiten,p6,1.9870,79.0,1.10697
semiten,p6,1.9870,79.5,1.11049
semiten,p6,1.9870,80.0,1.11358
semiten,p6,1.9870,80.5,1.11627
semiten,p6,1.9870,81.0,1.11862
semiten,p6,1.9870,81.5,1.12069
semiten,p6,1.9870,82.0,1.12251
semiten,p6,1.9870,82.5,1.12408
semiten,p6,1.9870,83.0,1.12544
semiten,p6,1.9870,83.5,1.12657
semiten,p6,1.9870,84.0,1.12747
semiten,p6,1.9870,84.5,1.12812
semiten,p6,1.9870,85.0,1.12851
semiten,p6,1.9870,85.5,1.12863
semiten,p6,1.9870,86.0,1.12847
semiten,p6,1.9870,86.5,1.12803
semiten,p6,1.9870,87.0,1.12732
semiten,p6,1.9870,87.5,1.12634
semiten,p6,1.9870,88.0,1.12511
semiten,p6,1.9870,88.5,1.12364
semiten,p6,1.9870,89.0,1.12194
semiten,p6,1.9870,89.5,1.12002
semiten,p6,1.9870,90.0,1.11791
semiten,p6,1.9870,90.5,1.11563
semiten,p6,1.9870,91.0,1.11321
semiten,p6,1.9870,91.5,1.11065
semiten,p6,1.9870,92.0,1.10799
semiten,p6,1.9870,92.5,1.10523
semiten,p6,1.9870,93.0,1.10238
semiten,p6,1.9870,93.5,1.09947
semiten,p6,1.9870,94.0,1.09649
semiten,p6,1.9870,94.5,1.09345
semiten,p6,1.9870,95.0,1.09035
semiten,p6,1.9870,95.5,1.08720
semiten,p6,1.9870,96.0,1.08400
semiten,p6,1.9870,96.5,1.08077
semiten,p6,1.9870,97.0,1.07749
semiten,p6,1.9870,97.5,1.07419
semiten,p6,1.9870,98.0,1.07084
semiten,p6,1.9870,98.5,1.06744
semiten,p6,1.9870,99.0,1.06397
semiten,p6,1.9870,99.5,1.06042
semiten,p6,1.9870,100.0,1.05677
bifemlh,p6,1.9870,0.0,0.93480
bifemlh,p6,1.9870,0.5,0.92850
bifemlh,p6,1.9870,1.0,0.92206
bifemlh,p6,1.9870,1.5,0.91545
bifemlh,p6,1.9870,2.0,0.90858
bifemlh,p6,1.9870,2.5,0.90136
bifemlh,p6,1.9870,3.0,0.89368
bifemlh,p6,1.9870,3.5,0.88547
bifemlh,p6,1.9870,4.0,0.87677
bifemlh,p6,1.9870,4.5,0.86769
bifemlh,p6,1.9870,5.0,0.85852
bifemlh,p6,1.9870,5.5,0.84928
bifemlh,p6,1.9870,6.0,0.84000
bifemlh,p6,1.9870,6.5,0.83071
bifemlh,p6,1.9870,7.0,0.82145
bifemlh,p6,1.9870,7.5,0.81227
bifemlh,p6,1.9870,8.0,0.80319
bifemlh,p6,1.9870,8.5,0.79427
bifemlh,p6,1.9870,9.0,0.78554
bifemlh,p6,1.9870,9.5,0.77707
bifemlh,p6,1.9870,10.0,0.76895
bifemlh,p6,1.9870,10.5,0.76126
bifemlh,p6,1.9870,11.0,0.75404
bifemlh,p6,1.9870,11.5,0.74730
bifemlh,p6,1.9870,12.0,0.74104
bifemlh,p6,1.9870,12.5,0.73525
bifemlh,p6,1.9870,13.0,0.72987
bifemlh,p6,1.9870,13.5,0.72480
bifemlh,p6,1.9870,14.0,0.71992
bifemlh,p6,1.9870,14.5,0.71514
bifemlh,p6,1.9870,15.0,0.71040
bifemlh,p6,1.9870,15.5,0.70565
bifemlh,p6,1.9870,16.0,0.70092
bifemlh,p6,1.9870,16.5,0.69626
bifemlh,p6,1.9870,17.0,0.69176
bifemlh,p6,1.9870,17.5,0.68750
bifemlh,p6,1.9870,18.0,0.68349
bifemlh,p6,1.9870,18.5,0.67967
bifemlh,p6,1.9870,19.0,0.67596
bifemlh,p6,1.9870,19.5,0.67228
bifemlh,p6,1.9870,20.0,0.66853
bifemlh,p6,1.9870,20.5,0.66465
bifemlh,p6,1.9870,21.0,0.66063
bifemlh,p6,1.9870,21.5,0.65644
bifemlh,p6,1.9870,22.0,0.65211
bifemlh,p6,1.9870,22.5,0.64762
bifemlh,p6,1.9870,23.0,0.64299
bifemlh,p6,1.9870,23.5,0.63816
bifemlh,p6,1.9870,24.0,0.63307
bifemlh,p6,1.9870,24.5,0.62767
bifemlh,p6,1.9870,25.0,0.62188
bifemlh,p6,1.9870,25.5,0.61570
bifemlh,p6,1.9870,26.0,0.60912
bifemlh,p6,1.9870,26.5,0.60215
bifemlh,p6,1.9870,27.0,0.59480
bifemlh,p6,1.9870,27.5,0.58711
bifemlh,p6,1.9870,28.0,0.57916
bifemlh,p6,1.9870,28.5,0.57112
bifemlh,p6,1.9870,29.0,0.56320
bifemlh,p6,1.9870,29.5,0.55550
bifemlh,p6,1.9870,30.0,0.54802
bifemlh,p6,1.9870,30.5,0.54073
bifemlh,p6,1.9870,31.0,0.53365
bifemlh,p6,1.9870,31.5,0.52677
bifemlh,p6,1.9870,32.0,0.52008
bifemlh,p6,1.9870,32.5,0.51359
bifemlh,p6,1.9870,33.0,0.50732
bifemlh,p6,1.9870,33.5,0.50128
bifemlh,p6,1.9870,34.0,0.49546
bifemlh,p6,1.9870,34.5,0.48984
bifemlh,p6,1.9870,35.0,0.48440
bifemlh,p6,1.9870,35.5,0.47915
bifemlh,p6,1.9870,36.0,0.47409
bifemlh,p6,1.9870,36.5,0.46926
bifemlh,p6,1.9870,37.0,0.46467
bifemlh,p6,1.9870,37.5,0.46035
bifemlh,p6,1.9870,38.0,0.45631
bifemlh,p6,1.9870,38.5,0.45255
bifemlh,p6,1.9870,39.0,0.44910
bifemlh,p6,1.9870,39.5,0.44601
bifemlh,p6,1.9870,40.0,0.44331
bifemlh,p6,1.9870,40.5,0.44103
bifemlh,p6,1.9870,41.0,0.43918
bifemlh,p6,1.9870,41.5,0.43777
bifemlh,p6,1.9870,42.0,0.43681
bifemlh,p6,1.9870,42.5,0.43632
bifemlh,p6,1.9870,43.0,0.43630
bifemlh,p6,1.9870,43.5,0.43676
bifemlh,p6,1.9870,44.0,0.43770
bifemlh,p6,1.9870,44.5,0.43913
bifemlh,p6,1.9870,45.0,0.44105
bifemlh,p6,1.9870,45.5,0.44349
bifemlh,p6,1.9870,46.0,0.44646
bifemlh,p6,1.9870,46.5,0.44997
bifemlh,p6,1.9870,47.0,0.45398
bifemlh,p6,1.9870,47.5,0.45848
bifemlh,p6,1.9870,48.0,0.46340
bifemlh,p6,1.9870,48.5,0.46872
bifemlh,p6,1.9870,49.0,0.47440
bifemlh,p6,1.9870,49.5,0.48038
bifemlh,p6,1.9870,50.0,0.48665
bifemlh,p6,1.9870,50.5,0.49319
bifemlh,p6,1.9870,51.0,0.49998
bifemlh,p6,1.9870,51.5,0.50703
bifemlh,p6,1.9870,52.0,0.51419
bifemlh,p6,1.9870,52.5,0.52135
bifemlh,p6,1.9870,53.0,0.52857
bifemlh,p6,1.9870,53.5,0.53603
bifemlh,p6,1.9870,54.0,0.54387
bifemlh,p6,1.9870,54.5,0.55208
bifemlh,p6,1.9870,55.0,0.56059
bifemlh,p6,1.9870,55.5,0.56932
bifemlh,p6,1.9870,56.0,0.57829
bifemlh,p6,1.9870,56.5,0.58752
bifemlh,p6,1.9870,57.0,0.59700
bifemlh,p6,1.9870,57.5,0.60670
bifemlh,p6,1.9870,58.0,0.61666
bifemlh,p6,1.9870,58.5,0.62691
bifemlh,p6,1.9870,59.0,0.63750
bifemlh,p6,1.9870,59.5,0.64862
bifemlh,p6,1.9870,60.0,0.66037
bifemlh,p6,1.9870,60.5,0.67273
bifemlh,p6,1.9870,61.0,0.68570
bifemlh,p6,1.9870,61.5,0.69930
bifemlh,p6,1.9870,62.0,0.71354
bifemlh,p6,1.9870,62.5,0.72829
bifemlh,p6,1.9870,63.0,0.74330
bifemlh,p6,1.9870,63.5,0.75827
bifemlh,p6,1.9870,64.0,0.77306
bifemlh,p6,1.9870,64.5,0.78762
bifemlh,p6,1.9870,65.0,0.80193
bifemlh,p6,1.9870,65.5,0.81605
bifemlh,p6,1.9870,66.0,0.83008
bifemlh,p6,1.9870,66.5,0.84416
bifemlh,p6,1.9870,67.0,0.85838
bifemlh,p6,1.9870,67.5,0.87277
bifemlh,p6,1.9870,68.0,0.88729
bifemlh,p6,1.9870,68.5,0.90189
bifemlh,p6,1.9870,69.0,0.91655
bifemlh,p6,1.9870,69.5,0.92235
bifemlh,p6,1.9870,70.0,0.91847
bifemlh,p6,1.9870,70.5,0.91546
bifemlh,p6,1.9870,71.0,0.91352
bifemlh,p6,1.9870,71.5,0.91272
bifemlh,p6,1.9870,72.0,0.91320
bifemlh,p6,1.9870,72.5,0.91525
bifemlh,p6,1.9870,73.0,0.91917
bifemlh,p6,1.9870,73.5,0.92502
bifemlh,p6,1.9870,74.0,0.93250
bifemlh,p6,1.9870,74.5,0.94102
bifemlh,p6,1.9870,75.0,0.95002
bifemlh,p6,1.9870,75.5,0.95910
bifemlh,p6,1.9870,76.0,0.96796
bifemlh,p6,1.9870,76.5,0.97641
bifemlh,p6,1.9870,77.0,0.98430
bifemlh,p6,1.9870,77.5,0.99154
bifemlh,p6,1.9870,78.0,0.99808
bifemlh,p6,1.9870,78.5,1.00391
bifemlh,p6,1.9870,79.0,1.00909
bifemlh,p6,1.9870,79.5,1.01365
bifemlh,p6,1.9870,80.0,1.01763
bifemlh,p6,1.9870,80.5,1.02106
bifemlh,p6,1.9870,81.0,1.02405
bifemlh,p6,1.9870,81.5,1.02666
bifemlh,p6,1.9870,82.0,1.02894
bifemlh,p6,1.9870,82.5,1.03094
bifemlh,p6,1.9870,83.0,1.03269
bifemlh,p6,1.9870,83.5,1.03419
bifemlh,p6,1.9870,84.0,1.03545
bifemlh,p6,1.9870,84.5,1.03645
bifemlh,p6,1.9870,85.0,1.03718
bifemlh,p6,1.9870,85.5,1.03763
bifemlh,p6,1.9870,86.0,1.03778
bifemlh,p6,1.9870,86.5,1.03763
bifemlh,p6,1.9870,87.0,1.03718
bifemlh,p6,1.9870,87.5,1.03642
bifemlh,p6,1.9870,88.0,1.03536
bifemlh,p6,1.9870,88.5,1.03399
bifemlh,p6,1.9870,89.0,1.03231
bifemlh,p6,1.9870,89.5,1.03033
bifemlh,p6,1.9870,90.0,1.02805
bifemlh,p6,1.9870,90.5,1.02549
bifemlh,p6,1.9870,91.0,1.02264
bifemlh,p6,1.9870,91.5,1.01952
bifemlh,p6,1.9870,92.0,1.01613
bifemlh,p6,1.9870,92.5,1.01250
bifemlh,p6,1.9870,93.0,1.00862
bifemlh,p6,1.9870,93.5,1.00451
bifemlh,p6,1.9870,94.0,1.00018
bifemlh,p6,1.9870,94.5,0.99564
bifemlh,p6,1.9870,95.0,0.99089
bifemlh,p6,1.9870,95.5,0.98594
bifemlh,p6,1.9870,96.0,0.98081
bifemlh,p6,1.9870,96.5,0.97552
bifemlh,p6,1.9870,97.0,0.97007
bifemlh,p6,1.9870,97.5,0.96448
bifemlh,p6,1.9870,98.0,0.95877
bifemlh,p6,1.9870,98.5,0.95294
bifemlh,p6,1.9870,99.0,0.94701
bifemlh,p6,1.9870,99.5,0.94097
bifemlh,p6,1.9870,100.0,0.93480
bifemsh,p6,1.9870,0.0,0.93984
bifemsh,p6,1.9870,0.5,0.94118
bifemsh,p6,1.9870,1.0,0.94243
bifemsh,p6,1.9870,1.5,0.94350
bifemsh,p6,1.9870,2.0,0.94428
bifemsh,p6,1.9870,2.5,0.94470
bifemsh,p6,1.9870,3.0,0.94475
bifemsh,p6,1.9870,3.5,0.94448
bifemsh,p6,1.9870,4.0,0.94402
bifemsh,p6,1.9870,4.5,0.94353
bifemsh,p6,1.9870,5.0,0.94264
bifemsh,p6,1.9870,5.5,0.94142
bifemsh,p6,1.9870,6.0,0.94017
bifemsh,p6,1.9870,6.5,0.93893
bifemsh,p6,1.9870,7.0,0.93768
bifemsh,p6,1.9870,7.5,0.93638
bifemsh,p6,1.9870,8.0,0.93498
bifemsh,p6,1.9870,8.5,0.93349
bifemsh,p6,1.9870,9.0,0.93190
bifemsh,p6,1.9870,9.5,0.93020
bifemsh,p6,1.9870,10.0,0.92838
bifemsh,p6,1.9870,10.5,0.92644
bifemsh,p6,1.9870,11.0,0.92438
bifemsh,p6,1.9870,11.5,0.92217
bifemsh,p6,1.9870,12.0,0.91980
bifemsh,p6,1.9870,12.5,0.91725
bifemsh,p6,1.9870,13.0,0.91456
bifemsh,p6,1.9870,13.5,0.91177
bifemsh,p6,1.9870,14.0,0.90891
bifemsh,p6,1.9870,14.5,0.90601
bifemsh,p6,1.9870,15.0,0.90311
bifemsh,p6,1.9870,15.5,0.90019
bifemsh,p6,1.9870,16.0,0.89728
bifemsh,p6,1.9870,16.5,0.89436
bifemsh,p6,1.9870,17.0,0.89142
bifemsh,p6,1.9870,17.5,0.88846
bifemsh,p6,1.9870,18.0,0.88549
bifemsh,p6,1.9870,18.5,0.88253
bifemsh,p6,1.9870,19.0,0.87959
bifemsh,p6,1.9870,19.5,0.87665
bifemsh,p6,1.9870,20.0,0.87371
bifemsh,p6,1.9870,20.5,0.87073
bifemsh,p6,1.9870,21.0,0.86767
bifemsh,p6,1.9870,21.5,0.86451
bifemsh,p6,1.9870,22.0,0.86122
bifemsh,p6,1.9870,22.5,0.85782
bifemsh,p6,1.9870,23.0,0.85428
bifemsh,p6,1.9870,23.5,0.85062
bifemsh,p6,1.9870,24.0,0.84686
bifemsh,p6,1.9870,24.5,0.84300
bifemsh,p6,1.9870,25.0,0.83906
bifemsh,p6,1.9870,25.5,0.83506
bifemsh,p6,1.9870,26.0,0.83101
bifemsh,p6,1.9870,26.5,0.82693
bifemsh,p6,1.9870,27.0,0.82283
bifemsh,p6,1.9870,27.5,0.81871
bifemsh,p6,1.9870,28.0,0.81458
bifemsh,p6,1.9870,28.5,0.81042
bifemsh,p6,1.9870,29.0,0.80622
bifemsh,p6,1.9870,29.5,0.80197
bifemsh,p6,1.9870,30.0,0.79767
bifemsh,p6,1.9870,30.5,0.79333
bifemsh,p6,1.9870,31.0,0.78896
bifemsh,p6,1.9870,31.5,0.78456
bifemsh,p6,1.9870,32.0,0.78013
bifemsh,p6,1.9870,32.5,0.77568
bifemsh,p6,1.9870,33.0,0.77121
bifemsh,p6,1.9870,33.5,0.76674
bifemsh,p6,1.9870,34.0,0.76228
bifemsh,p6,1.9870,34.5,0.75784
bifemsh,p6,1.9870,35.0,0.75341
bifemsh,p6,1.9870,35.5,0.74900
bifemsh,p6,1.9870,36.0,0.74462
bifemsh,p6,1.9870,36.5,0.74025
bifemsh,p6,1.9870,37.0,0.73590
bifemsh,p6,1.9870,37.5,0.73157
bifemsh,p6,1.9870,38.0,0.72725
bifemsh,p6,1.9870,38.5,0.72295
bifemsh,p6,1.9870,39.0,0.71866
bifemsh,p6,1.9870,39.5,0.71438
bifemsh,p6,1.9870,40.0,0.71011
bifemsh,p6,1.9870,40.5,0.70585
bifemsh,p6,1.9870,41.0,0.70161
bifemsh,p6,1.9870,41.5,0.69739
bifemsh,p6,1.9870,42.0,0.69319
bifemsh,p6,1.9870,42.5,0.68903
bifemsh,p6,1.9870,43.0,0.68490
bifemsh,p6,1.9870,43.5,0.68080
bifemsh,p6,1.9870,44.0,0.67676
bifemsh,p6,1.9870,44.5,0.67276
bifemsh,p6,1.9870,45.0,0.66882
bifemsh,p6,1.9870,45.5,0.66493
bifemsh,p6,1.9870,46.0,0.66110
bifemsh,p6,1.9870,46.5,0.65732
bifemsh,p6,1.9870,47.0,0.65362
bifemsh,p6,1.9870,47.5,0.65000
bifemsh,p6,1.9870,48.0,0.64646
bifemsh,p6,1.9870,48.5,0.64301
bifemsh,p6,1.9870,49.0,0.63966
bifemsh,p6,1.9870,49.5,0.63650
bifemsh,p6,1.9870,50.0,0.63350
bifemsh,p6,1.9870,50.5,0.63059
bifemsh,p6,1.9870,51.0,0.62778
bifemsh,p6,1.9870,51.5,0.62506
bifemsh,p6,1.9870,52.0,0.62244
bifemsh,p6,1.9870,52.5,0.61993
bifemsh,p6,1.9870,53.0,0.61753
bifemsh,p6,1.9870,53.5,0.61524
bifemsh,p6,1.9870,54.0,0.61308
bifemsh,p6,1.9870,54.5,0.61105
bifemsh,p6,1.9870,55.0,0.60919
bifemsh,p6,1.9870,55.5,0.60751
bifemsh,p6,1.9870,56.0,0.60602
bifemsh,p6,1.9870,56.5,0.60475
bifemsh,p6,1.9870,57.0,0.60370
bifemsh,p6,1.9870,57.5,0.60288
bifemsh,p6,1.9870,58.0,0.60228
bifemsh,p6,1.9870,58.5,0.60192
bifemsh,p6,1.9870,59.0,0.60178
bifemsh,p6,1.9870,59.5,0.60186
bifemsh,p6,1.9870,60.0,0.60218
bifemsh,p6,1.9870,60.5,0.60272
bifemsh,p6,1.9870,61.0,0.60351
bifemsh,p6,1.9870,61.5,0.60452
bifemsh,p6,1.9870,62.0,0.60577
bifemsh,p6,1.9870,62.5,0.60727
bifemsh,p6,1.9870,63.0,0.60902
bifemsh,p6,1.9870,63.5,0.61104
bifemsh,p6,1.9870,64.0,0.61333
bifemsh,p6,1.9870,64.5,0.61589
bifemsh,p6,1.9870,65.0,0.61874
bifemsh,p6,1.9870,65.5,0.62187
bifemsh,p6,1.9870,66.0,0.62531
bifemsh,p6,1.9870,66.5,0.62907
bifemsh,p6,1.9870,67.0,0.63314
bifemsh,p6,1.9870,67.5,0.63754
bifemsh,p6,1.9870,68.0,0.64227
bifemsh,p6,1.9870,68.5,0.64732
bifemsh,p6,1.9870,69.0,0.65270
bifemsh,p6,1.9870,69.5,0.65844
bifemsh,p6,1.9870,70.0,0.66453
bifemsh,p6,1.9870,70.5,0.67101
bifemsh,p6,1.9870,71.0,0.67786
bifemsh,p6,1.9870,71.5,0.68509
bifemsh,p6,1.9870,72.0,0.69270
bifemsh,p6,1.9870,72.5,0.70065
bifemsh,p6,1.9870,73.0,0.70893
bifemsh,p6,1.9870,73.5,0.71749
bifemsh,p6,1.9870,74.0,0.72627
bifemsh,p6,1.9870,74.5,0.73522
bifemsh,p6,1.9870,75.0,0.74425
bifemsh,p6,1.9870,75.5,0.75331
bifemsh,p6,1.9870,76.0,0.76233
bifemsh,p6,1.9870,76.5,0.77125
bifemsh,p6,1.9870,77.0,0.78002
bifemsh,p6,1.9870,77.5,0.78860
bifemsh,p6,1.9870,78.0,0.79696
bifemsh,p6,1.9870,78.5,0.80509
bifemsh,p6,1.9870,79.0,0.81298
bifemsh,p6,1.9870,79.5,0.82063
bifemsh,p6,1.9870,80.0,0.82803
bifemsh,p6,1.9870,80.5,0.83517
bifemsh,p6,1.9870,81.0,0.84201
bifemsh,p6,1.9870,81.5,0.84856
bifemsh,p6,1.9870,82.0,0.85481
bifemsh,p6,1.9870,82.5,0.86078
bifemsh,p6,1.9870,83.0,0.86648
bifemsh,p6,1.9870,83.5,0.87005
bifemsh,p6,1.9870,84.0,0.87195
bifemsh,p6,1.9870,84.5,0.87440
bifemsh,p6,1.9870,85.0,0.87718
bifemsh,p6,1.9870,85.5,0.88010
bifemsh,p6,1.9870,86.0,0.88305
bifemsh,p6,1.9870,86.5,0.88597
bifemsh,p6,1.9870,87.0,0.88881
bifemsh,p6,1.9870,87.5,0.89157
bifemsh,p6,1.9870,88.0,0.89422
bifemsh,p6,1.9870,88.5,0.89678
bifemsh,p6,1.9870,89.0,0.89924
bifemsh,p6,1.9870,89.5,0.90161
bifemsh,p6,1.9870,90.0,0.90391
bifemsh,p6,1.9870,90.5,0.90614
bifemsh,p6,1.9870,91.0,0.90830
bifemsh,p6,1.9870,91.5,0.91041
bifemsh,p6,1.9870,92.0,0.91246
bifemsh,p6,1.9870,92.5,0.91446
bifemsh,p6,1.9870,93.0,0.91641
bifemsh,p6,1.9870,93.5,0.91830
bifemsh,p6,1.9870,94.0,0.92014
bifemsh,p6,1.9870,94.5,0.92192
bifemsh,p6,1.9870,95.0,0.92365
bifemsh,p6,1.9870,95.5,0.92533
bifemsh,p6,1.9870,96.0,0.92694
bifemsh,p6,1.9870,96.5,0.92858
bifemsh,p6,1.9870,97.0,0.93037
bifemsh,p6,1.9870,97.5,0.93214
bifemsh,p6,1.9870,98.0,0.93384
bifemsh,p6,1.9870,98.5,0.93545
bifemsh,p6,1.9870,99.0,0.93698
bifemsh,p6,1.9870,99.5,0.93844
bifemsh,p6,1.9870,100.0,0.93984
semimem,p4,3.9870,0.0,0.91452
semimem,p4,3.9870,0.5,0.90887
semimem,p4,3.9870,1.0,0.90295
semimem,p4,3.9870,1.5,0.89673
semimem,p4,3.9870,2.0,0.89012
semimem,p4,3.9870,2.5,0.88302
semimem,p4,3.9870,3.0,0.87534
semimem,p4,3.9870,3.5,0.86703
semimem,p4,3.9870,4.0,0.85812
semimem,p4,3.9870,4.5,0.84868
semimem,p4,3.9870,5.0,0.83877
semimem,p4,3.9870,5.5,0.82847
semimem,p4,3.9870,6.0,0.81784
semimem,p4,3.9870,6.5,0.80697
semimem,p4,3.9870,7.0,0.79593
semimem,p4,3.9870,7.5,0.78479
semimem,p4,3.9870,8.0,0.77364
semimem,p4,3.9870,8.5,0.76254
semimem,p4,3.9870,9.0,0.75175
semimem,p4,3.9870,9.5,0.74142
semimem,p4,3.9870,10.0,0.73160
semimem,p4,3.9870,10.5,0.72231
semimem,p4,3.9870,11.0,0.71356
semimem,p4,3.9870,11.5,0.70531
semimem,p4,3.9870,12.0,0.69754
semimem,p4,3.9870,12.5,0.69019
semimem,p4,3.9870,13.0,0.68319
semimem,p4,3.9870,13.5,0.67645
semimem,p4,3.9870,14.0,0.66990
semimem,p4,3.9870,14.5,0.66349
semimem,p4,3.9870,15.0,0.65719
semimem,p4,3.9870,15.5,0.65105
semimem,p4,3.9870,16.0,0.64510
semimem,p4,3.9870,16.5,0.63941
semimem,p4,3.9870,17.0,0.63402
semimem,p4,3.9870,17.5,0.62893
semimem,p4,3.9870,18.0,0.62410
semimem,p4,3.9870,18.5,0.61944
semimem,p4,3.9870,19.0,0.61485
semimem,p4,3.9870,19.5,0.61023
semimem,p4,3.9870,20.0,0.60548
semimem,p4,3.9870,20.5,0.60051
semimem,p4,3.9870,21.0,0.59523
semimem,p4,3.9870,21.5,0.58953
semimem,p4,3.9870,22.0,0.58332
semimem,p4,3.9870,22.5,0.57650
semimem,p4,3.9870,23.0,0.56902
semimem,p4,3.9870,23.5,0.56085
semimem,p4,3.9870,24.0,0.55202
semimem,p4,3.9870,24.5,0.54258
semimem,p4,3.9870,25.0,0.53259
semimem,p4,3.9870,25.5,0.52209
semimem,p4,3.9870,26.0,0.51116
semimem,p4,3.9870,26.5,0.49991
semimem,p4,3.9870,27.0,0.48825
semimem,p4,3.9870,27.5,0.47647
semimem,p4,3.9870,28.0,0.46487
semimem,p4,3.9870,28.5,0.45367
semimem,p4,3.9870,29.0,0.44294
semimem,p4,3.9870,29.5,0.43265
semimem,p4,3.9870,30.0,0.42276
semimem,p4,3.9870,30.5,0.41330
semimem,p4,3.9870,31.0,0.40427
semimem,p4,3.9870,31.5,0.39568
semimem,p4,3.9870,32.0,0.38750
semimem,p4,3.9870,32.5,0.37974
semimem,p4,3.9870,33.0,0.37238
semimem,p4,3.9870,33.5,0.36542
semimem,p4,3.9870,34.0,0.35885
semimem,p4,3.9870,34.5,0.35266
semimem,p4,3.9870,35.0,0.34681
semimem,p4,3.9870,35.5,0.34131
semimem,p4,3.9870,36.0,0.33615
semimem,p4,3.9870,36.5,0.33134
semimem,p4,3.9870,37.0,0.32687
semimem,p4,3.9870,37.5,0.32276
semimem,p4,3.9870,38.0,0.31899
semimem,p4,3.9870,38.5,0.31553
semimem,p4,3.9870,39.0,0.31238
semimem,p4,3.9870,39.5,0.30954
semimem,p4,3.9870,40.0,0.30703
semimem,p4,3.9870,40.5,0.30485
semimem,p4,3.9870,41.0,0.30299
semimem,p4,3.9870,41.5,0.30145
semimem,p4,3.9870,42.0,0.30021
semimem,p4,3.9870,42.5,0.29926
semimem,p4,3.9870,43.0,0.29861
semimem,p4,3.9870,43.5,0.29825
semimem,p4,3.9870,44.0,0.29817
semimem,p4,3.9870,44.5,0.29837
semimem,p4,3.9870,45.0,0.29887
semimem,p4,3.9870,45.5,0.29968
semimem,p4,3.9870,46.0,0.30081
semimem,p4,3.9870,46.5,0.30227
semimem,p4,3.9870,47.0,0.30407
semimem,p4,3.9870,47.5,0.30620
semimem,p4,3.9870,48.0,0.30865
semimem,p4,3.9870,48.5,0.31142
semimem,p4,3.9870,49.0,0.31452
semimem,p4,3.9870,49.5,0.31795
semimem,p4,3.9870,50.0,0.32171
semimem,p4,3.9870,50.5,0.32577
semimem,p4,3.9870,51.0,0.33018
semimem,p4,3.9870,51.5,0.33487
semimem,p4,3.9870,52.0,0.33973
semimem,p4,3.9870,52.5,0.34475
semimem,p4,3.9870,53.0,0.35004
semimem,p4,3.9870,53.5,0.35578
semimem,p4,3.9870,54.0,0.36204
semimem,p4,3.9870,54.5,0.36881
semimem,p4,3.9870,55.0,0.37607
semimem,p4,3.9870,55.5,0.38379
semimem,p4,3.9870,56.0,0.39195
semimem,p4,3.9870,56.5,0.40055
semimem,p4,3.9870,57.0,0.40959
semimem,p4,3.9870,57.5,0.41909
semimem,p4,3.9870,58.0,0.42908
semimem,p4,3.9870,58.5,0.43954
semimem,p4,3.9870,59.0,0.45054
semimem,p4,3.9870,59.5,0.46222
semimem,p4,3.9870,60.0,0.47461
semimem,p4,3.9870,60.5,0.48768
semimem,p4,3.9870,61.0,0.50135
semimem,p4,3.9870,61.5,0.51560
semimem,p4,3.9870,62.0,0.53038
semimem,p4,3.9870,62.5,0.54548
semimem,p4,3.9870,63.0,0.56066
semimem,p4,3.9870,63.5,0.57575
semimem,p4,3.9870,64.0,0.59074
semimem,p4,3.9870,64.5,0.60572
semimem,p4,3.9870,65.0,0.62090
semimem,p4,3.9870,65.5,0.63649
semimem,p4,3.9870,66.0,0.65264
semimem,p4,3.9870,66.5,0.66944
semimem,p4,3.9870,67.0,0.68692
semimem,p4,3.9870,67.5,0.70506
semimem,p4,3.9870,68.0,0.72383
semimem,p4,3.9870,68.5,0.74318
semimem,p4,3.9870,69.0,0.76303
semimem,p4,3.9870,69.5,0.78334
semimem,p4,3.9870,70.0,0.80402
semimem,p4,3.9870,70.5,0.82498
semimem,p4,3.9870,71.0,0.84610
semimem,p4,3.9870,71.5,0.86781
semimem,p4,3.9870,72.0,0.86589
semimem,p4,3.9870,72.5,0.86319
semimem,p4,3.9870,73.0,0.86123
semimem,p4,3.9870,73.5,0.86027
semimem,p4,3.9870,74.0,0.86045
semimem,p4,3.9870,74.5,0.86202
semimem,p4,3.9870,75.0,0.86524
semimem,p4,3.9870,75.5,0.87025
semimem,p4,3.9870,76.0,0.87687
semimem,p4,3.9870,76.5,0.88461
semimem,p4,3.9870,77.0,0.89289
semimem,p4,3.9870,77.5,0.90122
semimem,p4,3.9870,78.0,0.90927
semimem,p4,3.9870,78.5,0.91688
semimem,p4,3.9870,79.0,0.92399
semimem,p4,3.9870,79.5,0.93059
semimem,p4,3.9870,80.0,0.93666
semimem,p4,3.9870,80.5,0.94222
semimem,p4,3.9870,81.0,0.94733
semimem,p4,3.9870,81.5,0.95204
semimem,p4,3.9870,82.0,0.95639
semimem,p4,3.9870,82.5,0.96040
semimem,p4,3.9870,83.0,0.96410
semimem,p4,3.9870,83.5,0.96751
semimem,p4,3.9870,84.0,0.97062
semimem,p4,3.9870,84.5,0.97344
semimem,p4,3.9870,85.0,0.97593
semimem,p4,3.9870,85.5,0.97809
semimem,p4,3.9870,86.0,0.97991
semimem,p4,3.9870,86.5,0.98137
semimem,p4,3.9870,87.0,0.98248
semimem,p4,3.9870,87.5,0.98325
semimem,p4,3.9870,88.0,0.98368
semimem,p4,3.9870,88.5,0.98379
semimem,p4,3.9870,89.0,0.98356
semimem,p4,3.9870,89.5,0.98303
semimem,p4,3.9870,90.0,0.98219
semimem,p4,3.9870,90.5,0.98106
semimem,p4,3.9870,91.0,0.97964
semimem,p4,3.9870,91.5,0.97797
semimem,p4,3.9870,92.0,0.97603
semimem,p4,3.9870,92.5,0.97384
semimem,p4,3.9870,93.0,0.97141
semimem,p4,3.9870,93.5,0.96874
semimem,p4,3.9870,94.0,0.96584
semimem,p4,3.9870,94.5,0.96270
semimem,p4,3.9870,95.0,0.95934
semimem,p4,3.9870,95.5,0.95576
semimem,p4,3.9870,96.0,0.95196
semimem,p4,3.9870,96.5,0.94796
semimem,p4,3.9870,97.0,0.94377
semimem,p4,3.9870,97.5,0.93939
semimem,p4,3.9870,98.0,0.93482
semimem,p4,3.9870,98.5,0.93006
semimem,p4,3.9870,99.0,0.92510
semimem,p4,3.9870,99.5,0.91993
semimem,p4,3.9870,100.0,0.91452
semiten,p4,3.9870,0.0,1.06832
semiten,p4,3.9870,0.5,1.06446
semiten,p4,3.9870,1.0,1.06044
semiten,p4,3.9870,1.5,1.05624
semiten,p4,3.9870,2.0,1.05182
semiten,p4,3.9870,2.5,1.04722
semiten,p4,3.9870,3.0,1.04233
semiten,p4,3.9870,3.5,1.03705
semiten,p4,3.9870,4.0,1.03119
semiten,p4,3.9870,4.5,1.02503
semiten,p4,3.9870,5.0,1.01897
semiten,p4,3.9870,5.5,1.01301
semiten,p4,3.9870,6.0,1.00717
semiten,p4,3.9870,6.5,1.00147
semiten,p4,3.9870,7.0,0.99590
semiten,p4,3.9870,7.5,0.99049
semiten,p4,3.9870,8.0,0.98525
semiten,p4,3.9870,8.5,0.98019
semiten,p4,3.9870,9.0,0.97532
semiten,p4,3.9870,9.5,0.97068
semiten,p4,3.9870,10.0,0.96630
semiten,p4,3.9870,10.5,0.96218
semiten,p4,3.9870,11.0,0.95831
semiten,p4,3.9870,11.5,0.95464
semiten,p4,3.9870,12.0,0.95112
semiten,p4,3.9870,12.5,0.94769
semiten,p4,3.9870,13.0,0.94431
semiten,p4,3.9870,13.5,0.94088
semiten,p4,3.9870,14.0,0.93737
semiten,p4,3.9870,14.5,0.93375
semiten,p4,3.9870,15.0,0.93006
semiten,p4,3.9870,15.5,0.92635
semiten,p4,3.9870,16.0,0.92270
semiten,p4,3.9870,16.5,0.91918
semiten,p4,3.9870,17.0,0.91582
semiten,p4,3.9870,17.5,0.91264
semiten,p4,3.9870,18.0,0.90957
semiten,p4,3.9870,18.5,0.90654
semiten,p4,3.9870,19.0,0.90347
semiten,p4,3.9870,19.5,0.90030
semiten,p4,3.9870,20.0,0.89696
semiten,p4,3.9870,20.5,0.89342
semiten,p4,3.9870,21.0,0.88966
semiten,p4,3.9870,21.5,0.88566
semiten,p4,3.9870,22.0,0.88142
semiten,p4,3.9870,22.5,0.87691
semiten,p4,3.9870,23.0,0.87216
semiten,p4,3.9870,23.5,0.86716
semiten,p4,3.9870,24.0,0.86197
semiten,p4,3.9870,24.5,0.85659
semiten,p4,3.9870,25.0,0.85104
semiten,p4,3.9870,25.5,0.84534
semiten,p4,3.9870,26.0,0.83948
semiten,p4,3.9870,26.5,0.83349
semiten,p4,3.9870,27.0,0.82737
semiten,p4,3.9870,27.5,0.82115
semiten,p4,3.9870,28.0,0.81487
semiten,p4,3.9870,28.5,0.80865
semiten,p4,3.9870,29.0,0.80257
semiten,p4,3.9870,29.5,0.79665
semiten,p4,3.9870,30.0,0.79089
semiten,p4,3.9870,30.5,0.78526
semiten,p4,3.9870,31.0,0.77975
semiten,p4,3.9870,31.5,0.77435
semiten,p4,3.9870,32.0,0.76907
semiten,p4,3.9870,32.5,0.76388
semiten,p4,3.9870,33.0,0.75879
semiten,p4,3.9870,33.5,0.75381
semiten,p4,3.9870,34.0,0.74892
semiten,p4,3.9870,34.5,0.74414
semiten,p4,3.9870,35.0,0.73947
semiten,p4,3.9870,35.5,0.73491
semiten,p4,3.9870,36.0,0.73046
semiten,p4,3.9870,36.5,0.72615
semiten,p4,3.9870,37.0,0.72198
semiten,p4,3.9870,37.5,0.71797
semiten,p4,3.9870,38.0,0.71412
semiten,p4,3.9870,38.5,0.71044
semiten,p4,3.9870,39.0,0.70693
semiten,p4,3.9870,39.5,0.70360
semiten,p4,3.9870,40.0,0.70047
semiten,p4,3.9870,40.5,0.69756
semiten,p4,3.9870,41.0,0.69488
semiten,p4,3.9870,41.5,0.69244
semiten,p4,3.9870,42.0,0.69024
semiten,p4,3.9870,42.5,0.68829
semiten,p4,3.9870,43.0,0.68659
semiten,p4,3.9870,43.5,0.68515
semiten,p4,3.9870,44.0,0.68397
semiten,p4,3.9870,44.5,0.68307
semiten,p4,3.9870,45.0,0.68246
semiten,p4,3.9870,45.5,0.68213
semiten,p4,3.9870,46.0,0.68211
semiten,p4,3.9870,46.5,0.68239
semiten,p4,3.9870,47.0,0.68298
semiten,p4,3.9870,47.5,0.68386
semiten,p4,3.9870,48.0,0.68500
semiten,p4,3.9870,48.5,0.68641
semiten,p4,3.9870,49.0,0.68807
semiten,p4,3.9870,49.5,0.68999
semiten,p4,3.9870,50.0,0.69217
semiten,p4,3.9870,50.5,0.69458
semiten,p4,3.9870,51.0,0.69723
semiten,p4,3.9870,51.5,0.70008
semiten,p4,3.9870,52.0,0.70304
semiten,p4,3.9870,52.5,0.70609
semiten,p4,3.9870,53.0,0.70929
semiten,p4,3.9870,53.5,0.71277
semiten,p4,3.9870,54.0,0.71657
semiten,p4,3.9870,54.5,0.72069
semiten,p4,3.9870,55.0,0.72511
semiten,p4,3.9870,55.5,0.72981
semiten,p4,3.9870,56.0,0.73479
semiten,p4,3.9870,56.5,0.74004
semiten,p4,3.9870,57.0,0.74557
semiten,p4,3.9870,57.5,0.75138
semiten,p4,3.9870,58.0,0.75750
semiten,p4,3.9870,58.5,0.76390
semiten,p4,3.9870,59.0,0.77065
semiten,p4,3.9870,59.5,0.77783
semiten,p4,3.9870,60.0,0.78547
semiten,p4,3.9870,60.5,0.79355
semiten,p4,3.9870,61.0,0.80204
semiten,p4,3.9870,61.5,0.81095
semiten,p4,3.9870,62.0,0.82030
semiten,p4,3.9870,62.5,0.82998
semiten,p4,3.9870,63.0,0.83988
semiten,p4,3.9870,63.5,0.84989
semiten,p4,3.9870,64.0,0.85996
semiten,p4,3.9870,64.5,0.87013
semiten,p4,3.9870,65.0,0.88048
semiten,p4,3.9870,65.5,0.89107
semiten,p4,3.9870,66.0,0.90195
semiten,p4,3.9870,66.5,0.91313
semiten,p4,3.9870,67.0,0.92457
semiten,p4,3.9870,67.5,0.93625
semiten,p4,3.9870,68.0,0.94814
semiten,p4,3.9870,68.5,0.96021
semiten,p4,3.9870,69.0,0.97243
semiten,p4,3.9870,69.5,0.98478
semiten,p4,3.9870,70.0,0.99722
semiten,p4,3.9870,70.5,1.00969
semiten,p4,3.9870,71.0,1.02212
semiten,p4,3.9870,71.5,1.03444
semiten,p4,3.9870,72.0,1.04660
semiten,p4,3.9870,72.5,1.05856
semiten,p4,3.9870,73.0,1.06322
semiten,p4,3.9870,73.5,1.06305
semiten,p4,3.9870,74.0,1.06460
semiten,p4,3.9870,74.5,1.06798
semiten,p4,3.9870,75.0,1.07282
semiten,p4,3.9870,75.5,1.07852
semiten,p4,3.9870,76.0,1.08452
semiten,p4,3.9870,76.5,1.09046
semiten,p4,3.9870,77.0,1.09612
semiten,p4,3.9870,77.5,1.10137
semiten,p4,3.9870,78.0,1.10614
semiten,p4,3.9870,78.5,1.11044
semiten,p4,3.9870,79.0,1.11430
semiten,p4,3.9870,79.5,1.11772
semiten,p4,3.9870,80.0,1.12072
semiten,p4,3.9870,80.5,1.12332
semiten,p4,3.9870,81.0,1.12558
semiten,p4,3.9870,81.5,1.12756
semiten,p4,3.9870,82.0,1.12929
semiten,p4,3.9870,82.5,1.13079
semiten,p4,3.9870,83.0,1.13208
semiten,p4,3.9870,83.5,1.13317
semiten,p4,3.9870,84.0,1.13408
semiten,p4,3.9870,84.5,1.13479
semiten,p4,3.9870,85.0,1.13528
semiten,p4,3.9870,85.5,1.13554
semiten,p4,3.9870,86.0,1.13555
semiten,p4,3.9870,86.5,1.13532
semiten,p4,3.9870,87.0,1.13485
semiten,p4,3.9870,87.5,1.13415
semiten,p4,3.9870,88.0,1.13321
semiten,p4,3.9870,88.5,1.13204
semiten,p4,3.9870,89.0,1.13065
semiten,p4,3.9870,89.5,1.12905
semiten,p4,3.9870,90.0,1.12726
semiten,p4,3.9870,90.5,1.12528
semiten,p4,3.9870,91.0,1.12315
semiten,p4,3.9870,91.5,1.12087
semiten,p4,3.9870,92.0,1.11847
semiten,p4,3.9870,92.5,1.11596
semiten,p4,3.9870,93.0,1.11334
semiten,p4,3.9870,93.5,1.11063
semiten,p4,3.9870,94.0,1.10782
semiten,p4,3.9870,94.5,1.10493
semiten,p4,3.9870,95.0,1.10194
semiten,p4,3.9870,95.5,1.09888
semiten,p4,3.9870,96.0,1.09575
semiten,p4,3.9870,96.5,1.09255
semiten,p4,3.9870,97.0,1.08930
semiten,p4,3.9870,97.5,1.08599
semiten,p4,3.9870,98.0,1.08263
semiten,p4,3.9870,98.5,1.07920
semiten,p4,3.9870,99.0,1.07568
semiten,p4,3.9870,99.5,1.07206
semiten,p4,3.9870,100.0,1.06832
bifemlh,p4,3.9870,0.0,0.95057
bifemlh,p4,3.9870,0.5,0.94423
bifemlh,p4,3.9870,1.0,0.93772
bifemlh,p4,3.9870,1.5,0.93101
bifemlh,p4,3.9870,2.0,0.92401
bifemlh,p4,3.9870,2.5,0.91663
bifemlh,p4,3.9870,3.0,0.90877
bifemlh,p4,3.9870,3.5,0.90042
bifemlh,p4,3.9870,4.0,0.89164
bifemlh,p4,3.9870,4.5,0.88265
bifemlh,p4,3.9870,5.0,0.87366
bifemlh,p4,3.9870,5.5,0.86466
bifemlh,p4,3.9870,6.0,0.85567
bifemlh,p4,3.9870,6.5,0.84673
bifemlh,p4,3.9870,7.0,0.83785
bifemlh,p4,3.9870,7.5,0.82908
bifemlh,p4,3.9870,8.0,0.82045
bifemlh,p4,3.9870,8.5,0.81199
bifemlh,p4,3.9870,9.0,0.80373
bifemlh,p4,3.9870,9.5,0.79573
bifemlh,p4,3.9870,10.0,0.78805
bifemlh,p4,3.9870,10.5,0.78073
bifemlh,p4,3.9870,11.0,0.77376
bifemlh,p4,3.9870,11.5,0.76712
bifemlh,p4,3.9870,12.0,0.76078
bifemlh,p4,3.9870,12.5,0.75470
bifemlh,p4,3.9870,13.0,0.74881
bifemlh,p4,3.9870,13.5,0.74304
bifemlh,p4,3.9870,14.0,0.73733
bifemlh,p4,3.9870,14.5,0.73163
bifemlh,p4,3.9870,15.0,0.72595
bifemlh,p4,3.9870,15.5,0.72036
bifemlh,p4,3.9870,16.0,0.71493
bifemlh,p4,3.9870,16.5,0.70972
bifemlh,p4,3.9870,17.0,0.70481
bifemlh,p4,3.9870,17.5,0.70019
bifemlh,p4,3.9870,18.0,0.69584
bifemlh,p4,3.9870,18.5,0.69168
bifemlh,p4,3.9870,19.0,0.68761
bifemlh,p4,3.9870,19.5,0.68355
bifemlh,p4,3.9870,20.0,0.67943
bifemlh,p4,3.9870,20.5,0.67518
bifemlh,p4,3.9870,21.0,0.67076
bifemlh,p4,3.9870,21.5,0.66609
bifemlh,p4,3.9870,22.0,0.66115
bifemlh,p4,3.9870,22.5,0.65588
bifemlh,p4,3.9870,23.0,0.65027
bifemlh,p4,3.9870,23.5,0.64432
bifemlh,p4,3.9870,24.0,0.63804
bifemlh,p4,3.9870,24.5,0.63147
bifemlh,p4,3.9870,25.0,0.62462
bifemlh,p4,3.9870,25.5,0.61747
bifemlh,p4,3.9870,26.0,0.61001
bifemlh,p4,3.9870,26.5,0.60225
bifemlh,p4,3.9870,27.0,0.59420
bifemlh,p4,3.9870,27.5,0.58589
bifemlh,p4,3.9870,28.0,0.57742
bifemlh,p4,3.9870,28.5,0.56902
bifemlh,p4,3.9870,29.0,0.56084
bifemlh,p4,3.9870,29.5,0.55291
bifemlh,p4,3.9870,30.0,0.54517
bifemlh,p4,3.9870,30.5,0.53761
bifemlh,p4,3.9870,31.0,0.53026
bifemlh,p4,3.9870,31.5,0.52314
bifemlh,p4,3.9870,32.0,0.51625
bifemlh,p4,3.9870,32.5,0.50958
bifemlh,p4,3.9870,33.0,0.50315
bifemlh,p4,3.9870,33.5,0.49697
bifemlh,p4,3.9870,34.0,0.49104
bifemlh,p4,3.9870,34.5,0.48535
bifemlh,p4,3.9870,35.0,0.47990
bifemlh,p4,3.9870,35.5,0.47469
bifemlh,p4,3.9870,36.0,0.46973
bifemlh,p4,3.9870,36.5,0.46504
bifemlh,p4,3.9870,37.0,0.46065
bifemlh,p4,3.9870,37.5,0.45658
bifemlh,p4,3.9870,38.0,0.45282
bifemlh,p4,3.9870,38.5,0.44937
bifemlh,p4,3.9870,39.0,0.44624
bifemlh,p4,3.9870,39.5,0.44347
bifemlh,p4,3.9870,40.0,0.44110
bifemlh,p4,3.9870,40.5,0.43916
bifemlh,p4,3.9870,41.0,0.43766
bifemlh,p4,3.9870,41.5,0.43661
bifemlh,p4,3.9870,42.0,0.43599
bifemlh,p4,3.9870,42.5,0.43582
bifemlh,p4,3.9870,43.0,0.43610
bifemlh,p4,3.9870,43.5,0.43683
bifemlh,p4,3.9870,44.0,0.43800
bifemlh,p4,3.9870,44.5,0.43962
bifemlh,p4,3.9870,45.0,0.44170
bifemlh,p4,3.9870,45.5,0.44423
bifemlh,p4,3.9870,46.0,0.44724
bifemlh,p4,3.9870,46.5,0.45073
bifemlh,p4,3.9870,47.0,0.45468
bifemlh,p4,3.9870,47.5,0.45903
bifemlh,p4,3.9870,48.0,0.46374
bifemlh,p4,3.9870,48.5,0.46880
bifemlh,p4,3.9870,49.0,0.47420
bifemlh,p4,3.9870,49.5,0.47993
bifemlh,p4,3.9870,50.0,0.48595
bifemlh,p4,3.9870,50.5,0.49223
bifemlh,p4,3.9870,51.0,0.49878
bifemlh,p4,3.9870,51.5,0.50553
bifemlh,p4,3.9870,52.0,0.51233
bifemlh,p4,3.9870,52.5,0.51917
bifemlh,p4,3.9870,53.0,0.52621
bifemlh,p4,3.9870,53.5,0.53364
bifemlh,p4,3.9870,54.0,0.54156
bifemlh,p4,3.9870,54.5,0.54992
bifemlh,p4,3.9870,55.0,0.55868
bifemlh,p4,3.9870,55.5,0.56775
bifemlh,p4,3.9870,56.0,0.57709
bifemlh,p4,3.9870,56.5,0.58669
bifemlh,p4,3.9870,57.0,0.59653
bifemlh,p4,3.9870,57.5,0.60665
bifemlh,p4,3.9870,58.0,0.61708
bifemlh,p4,3.9870,58.5,0.62780
bifemlh,p4,3.9870,59.0,0.63891
bifemlh,p4,3.9870,59.5,0.65052
bifemlh,p4,3.9870,60.0,0.66269
bifemlh,p4,3.9870,60.5,0.67538
bifemlh,p4,3.9870,61.0,0.68858
bifemlh,p4,3.9870,61.5,0.70228
bifemlh,p4,3.9870,62.0,0.71650
bifemlh,p4,3.9870,62.5,0.73106
bifemlh,p4,3.9870,63.0,0.74573
bifemlh,p4,3.9870,63.5,0.76031
bifemlh,p4,3.9870,64.0,0.77472
bifemlh,p4,3.9870,64.5,0.78897
bifemlh,p4,3.9870,65.0,0.80319
bifemlh,p4,3.9870,65.5,0.81751
bifemlh,p4,3.9870,66.0,0.83201
bifemlh,p4,3.9870,66.5,0.84673
bifemlh,p4,3.9870,67.0,0.86164
bifemlh,p4,3.9870,67.5,0.87673
bifemlh,p4,3.9870,68.0,0.89199
bifemlh,p4,3.9870,68.5,0.90739
bifemlh,p4,3.9870,69.0,0.92345
bifemlh,p4,3.9870,69.5,0.91994
bifemlh,p4,3.9870,70.0,0.91669
bifemlh,p4,3.9870,70.5,0.91452
bifemlh,p4,3.9870,71.0,0.91352
bifemlh,p4,3.9870,71.5,0.91382
bifemlh,p4,3.9870,72.0,0.91568
bifemlh,p4,3.9870,72.5,0.91941
bifemlh,p4,3.9870,73.0,0.92515
bifemlh,p4,3.9870,73.5,0.93264
bifemlh,p4,3.9870,74.0,0.94136
bifemlh,p4,3.9870,74.5,0.95074
bifemlh,p4,3.9870,75.0,0.96032
bifemlh,p4,3.9870,75.5,0.96977
bifemlh,p4,3.9870,76.0,0.97883
bifemlh,p4,3.9870,76.5,0.98734
bifemlh,p4,3.9870,77.0,0.99518
bifemlh,p4,3.9870,77.5,1.00228
bifemlh,p4,3.9870,78.0,1.00861
bifemlh,p4,3.9870,78.5,1.01420
bifemlh,p4,3.9870,79.0,1.01912
bifemlh,p4,3.9870,79.5,1.02342
bifemlh,p4,3.9870,80.0,1.02716
bifemlh,p4,3.9870,80.5,1.03039
bifemlh,p4,3.9870,81.0,1.03319
bifemlh,p4,3.9870,81.5,1.03562
bifemlh,p4,3.9870,82.0,1.03775
bifemlh,p4,3.9870,82.5,1.03961
bifemlh,p4,3.9870,83.0,1.04123
bifemlh,p4,3.9870,83.5,1.04264
bifemlh,p4,3.9870,84.0,1.04385
bifemlh,p4,3.9870,84.5,1.04485
bifemlh,p4,3.9870,85.0,1.04563
bifemlh,p4,3.9870,85.5,1.04618
bifemlh,p4,3.9870,86.0,1.04647
bifemlh,p4,3.9870,86.5,1.04649
bifemlh,p4,3.9870,87.0,1.04626
bifemlh,p4,3.9870,87.5,1.04575
bifemlh,p4,3.9870,88.0,1.04497
bifemlh,p4,3.9870,88.5,1.04391
bifemlh,p4,3.9870,89.0,1.04257
bifemlh,p4,3.9870,89.5,1.04095
bifemlh,p4,3.9870,90.0,1.03904
bifemlh,p4,3.9870,90.5,1.03685
bifemlh,p4,3.9870,91.0,1.03439
bifemlh,p4,3.9870,91.5,1.03166
bifemlh,p4,3.9870,92.0,1.02867
bifemlh,p4,3.9870,92.5,1.02542
bifemlh,p4,3.9870,93.0,1.02192
bifemlh,p4,3.9870,93.5,1.01818
bifemlh,p4,3.9870,94.0,1.01420
bifemlh,p4,3.9870,94.5,1.00997
bifemlh,p4,3.9870,95.0,1.00551
bifemlh,p4,3.9870,95.5,1.00083
bifemlh,p4,3.9870,96.0,0.99592
bifemlh,p4,3.9870,96.5,0.99082
bifemlh,p4,3.9870,97.0,0.98553
bifemlh,p4,3.9870,97.5,0.98007
bifemlh,p4,3.9870,98.0,0.97445
bifemlh,p4,3.9870,98.5,0.96870
bifemlh,p4,3.9870,99.0,0.96280
bifemlh,p4,3.9870,99.5,0.95676
bifemlh,p4,3.9870,100.0,0.95057
bifemsh,p4,3.9870,0.0,0.94004
bifemsh,p4,3.9870,0.5,0.94138
bifemsh,p4,3.9870,1.0,0.94263
bifemsh,p4,3.9870,1.5,0.94368
bifemsh,p4,3.9870,2.0,0.94441
bifemsh,p4,3.9870,2.5,0.94478
bifemsh,p4,3.9870,3.0,0.94478
bifemsh,p4,3.9870,3.5,0.94452
bifemsh,p4,3.9870,4.0,0.94416
bifemsh,p4,3.9870,4.5,0.94384
bifemsh,p4,3.9870,5.0,0.94359
bifemsh,p4,3.9870,5.5,0.94277
bifemsh,p4,3.9870,6.0,0.94161
bifemsh,p4,3.9870,6.5,0.94037
bifemsh,p4,3.9870,7.0,0.93908
bifemsh,p4,3.9870,7.5,0.93772
bifemsh,p4,3.9870,8.0,0.93628
bifemsh,p4,3.9870,8.5,0.93475
bifemsh,p4,3.9870,9.0,0.93313
bifemsh,p4,3.9870,9.5,0.93141
bifemsh,p4,3.9870,10.0,0.92959
bifemsh,p4,3.9870,10.5,0.92765
bifemsh,p4,3.9870,11.0,0.92562
bifemsh,p4,3.9870,11.5,0.92348
bifemsh,p4,3.9870,12.0,0.92123
bifemsh,p4,3.9870,12.5,0.91887
bifemsh,p4,3.9870,13.0,0.91640
bifemsh,p4,3.9870,13.5,0.91386
bifemsh,p4,3.9870,14.0,0.91125
bifemsh,p4,3.9870,14.5,0.90859
bifemsh,p4,3.9870,15.0,0.90590
bifemsh,p4,3.9870,15.5,0.90317
bifemsh,p4,3.9870,16.0,0.90041
bifemsh,p4,3.9870,16.5,0.89763
bifemsh,p4,3.9870,17.0,0.89482
bifemsh,p4,3.9870,17.5,0.89200
bifemsh,p4,3.9870,18.0,0.88918
bifemsh,p4,3.9870,18.5,0.88636
bifemsh,p4,3.9870,19.0,0.88352
bifemsh,p4,3.9870,19.5,0.88065
bifemsh,p4,3.9870,20.0,0.87772
bifemsh,p4,3.9870,20.5,0.87469
bifemsh,p4,3.9870,21.0,0.87156
bifemsh,p4,3.9870,21.5,0.86831
bifemsh,p4,3.9870,22.0,0.86496
bifemsh,p4,3.9870,22.5,0.86149
bifemsh,p4,3.9870,23.0,0.85791
bifemsh,p4,3.9870,23.5,0.85422
bifemsh,p4,3.9870,24.0,0.85041
bifemsh,p4,3.9870,24.5,0.84650
bifemsh,p4,3.9870,25.0,0.84251
bifemsh,p4,3.9870,25.5,0.83844
bifemsh,p4,3.9870,26.0,0.83432
bifemsh,p4,3.9870,26.5,0.83015
bifemsh,p4,3.9870,27.0,0.82595
bifemsh,p4,3.9870,27.5,0.82172
bifemsh,p4,3.9870,28.0,0.81746
bifemsh,p4,3.9870,28.5,0.81314
bifemsh,p4,3.9870,29.0,0.80877
bifemsh,p4,3.9870,29.5,0.80434
bifemsh,p4,3.9870,30.0,0.79988
bifemsh,p4,3.9870,30.5,0.79540
bifemsh,p4,3.9870,31.0,0.79090
bifemsh,p4,3.9870,31.5,0.78637
bifemsh,p4,3.9870,32.0,0.78182
bifemsh,p4,3.9870,32.5,0.77725
bifemsh,p4,3.9870,33.0,0.77267
bifemsh,p4,3.9870,33.5,0.76809
bifemsh,p4,3.9870,34.0,0.76351
bifemsh,p4,3.9870,34.5,0.75893
bifemsh,p4,3.9870,35.0,0.75437
bifemsh,p4,3.9870,35.5,0.74983
bifemsh,p4,3.9870,36.0,0.74530
bifemsh,p4,3.9870,36.5,0.74081
bifemsh,p4,3.9870,37.0,0.73634
bifemsh,p4,3.9870,37.5,0.73190
bifemsh,p4,3.9870,38.0,0.72749
bifemsh,p4,3.9870,38.5,0.72310
bifemsh,p4,3.9870,39.0,0.71875
bifemsh,p4,3.9870,39.5,0.71442
bifemsh,p4,3.9870,40.0,0.71011
bifemsh,p4,3.9870,40.5,0.70582
bifemsh,p4,3.9870,41.0,0.70154
bifemsh,p4,3.9870,41.5,0.69729
bifemsh,p4,3.9870,42.0,0.69307
bifemsh,p4,3.9870,42.5,0.68889
bifemsh,p4,3.9870,43.0,0.68474
bifemsh,p4,3.9870,43.5,0.68064
bifemsh,p4,3.9870,44.0,0.67659
bifemsh,p4,3.9870,44.5,0.67260
bifemsh,p4,3.9870,45.0,0.66866
bifemsh,p4,3.9870,45.5,0.66478
bifemsh,p4,3.9870,46.0,0.66096
bifemsh,p4,3.9870,46.5,0.65720
bifemsh,p4,3.9870,47.0,0.65351
bifemsh,p4,3.9870,47.5,0.64990
bifemsh,p4,3.9870,48.0,0.64639
bifemsh,p4,3.9870,48.5,0.64308
bifemsh,p4,3.9870,49.0,0.63992
bifemsh,p4,3.9870,49.5,0.63685
bifemsh,p4,3.9870,50.0,0.63387
bifemsh,p4,3.9870,50.5,0.63098
bifemsh,p4,3.9870,51.0,0.62819
bifemsh,p4,3.9870,51.5,0.62549
bifemsh,p4,3.9870,52.0,0.62289
bifemsh,p4,3.9870,52.5,0.62041
bifemsh,p4,3.9870,53.0,0.61802
bifemsh,p4,3.9870,53.5,0.61575
bifemsh,p4,3.9870,54.0,0.61360
bifemsh,p4,3.9870,54.5,0.61158
bifemsh,p4,3.9870,55.0,0.60972
bifemsh,p4,3.9870,55.5,0.60803
bifemsh,p4,3.9870,56.0,0.60654
bifemsh,p4,3.9870,56.5,0.60526
bifemsh,p4,3.9870,57.0,0.60421
bifemsh,p4,3.9870,57.5,0.60339
bifemsh,p4,3.9870,58.0,0.60279
bifemsh,p4,3.9870,58.5,0.60244
bifemsh,p4,3.9870,59.0,0.60233
bifemsh,p4,3.9870,59.5,0.60246
bifemsh,p4,3.9870,60.0,0.60284
bifemsh,p4,3.9870,60.5,0.60347
bifemsh,p4,3.9870,61.0,0.60435
bifemsh,p4,3.9870,61.5,0.60547
bifemsh,p4,3.9870,62.0,0.60684
bifemsh,p4,3.9870,62.5,0.60847
bifemsh,p4,3.9870,63.0,0.61036
bifemsh,p4,3.9870,63.5,0.61252
bifemsh,p4,3.9870,64.0,0.61497
bifemsh,p4,3.9870,64.5,0.61771
bifemsh,p4,3.9870,65.0,0.62076
bifemsh,p4,3.9870,65.5,0.62413
bifemsh,p4,3.9870,66.0,0.62782
bifemsh,p4,3.9870,66.5,0.63185
bifemsh,p4,3.9870,67.0,0.63623
bifemsh,p4,3.9870,67.5,0.64095
bifemsh,p4,3.9870,68.0,0.64602
bifemsh,p4,3.9870,68.5,0.65144
bifemsh,p4,3.9870,69.0,0.65722
bifemsh,p4,3.9870,69.5,0.66337
bifemsh,p4,3.9870,70.0,0.66990
bifemsh,p4,3.9870,70.5,0.67680
bifemsh,p4,3.9870,71.0,0.68409
bifemsh,p4,3.9870,71.5,0.69175
bifemsh,p4,3.9870,72.0,0.69979
bifemsh,p4,3.9870,72.5,0.70816
bifemsh,p4,3.9870,73.0,0.71683
bifemsh,p4,3.9870,73.5,0.72575
bifemsh,p4,3.9870,74.0,0.73485
bifemsh,p4,3.9870,74.5,0.74407
bifemsh,p4,3.9870,75.0,0.75333
bifemsh,p4,3.9870,75.5,0.76256
bifemsh,p4,3.9870,76.0,0.77169
bifemsh,p4,3.9870,76.5,0.78065
bifemsh,p4,3.9870,77.0,0.78941
bifemsh,p4,3.9870,77.5,0.79792
bifemsh,p4,3.9870,78.0,0.80617
bifemsh,p4,3.9870,78.5,0.81415
bifemsh,p4,3.9870,79.0,0.82186
bifemsh,p4,3.9870,79.5,0.82929
bifemsh,p4,3.9870,80.0,0.83645
bifemsh,p4,3.9870,80.5,0.84332
bifemsh,p4,3.9870,81.0,0.84989
bifemsh,p4,3.9870,81.5,0.85617
bifemsh,p4,3.9870,82.0,0.86216
bifemsh,p4,3.9870,82.5,0.86786
bifemsh,p4,3.9870,83.0,0.87328
bifemsh,p4,3.9870,83.5,0.87653
bifemsh,p4,3.9870,84.0,0.87809
bifemsh,p4,3.9870,84.5,0.88021
bifemsh,p4,3.9870,85.0,0.88266
bifemsh,p4,3.9870,85.5,0.88527
bifemsh,p4,3.9870,86.0,0.88791
bifemsh,p4,3.9870,86.5,0.89054
bifemsh,p4,3.9870,87.0,0.89310
bifemsh,p4,3.9870,87.5,0.89557
bifemsh,p4,3.9870,88.0,0.89796
bifemsh,p4,3.9870,88.5,0.90026
bifemsh,p4,3.9870,89.0,0.90247
bifemsh,p4,3.9870,89.5,0.90462
bifemsh,p4,3.9870,90.0,0.90669
bifemsh,p4,3.9870,90.5,0.90871
bifemsh,p4,3.9870,91.0,0.91067
bifemsh,p4,3.9870,91.5,0.91258
bifemsh,p4,3.9870,92.0,0.91443
bifemsh,p4,3.9870,92.5,0.91624
bifemsh,p4,3.9870,93.0,0.91799
bifemsh,p4,3.9870,93.5,0.91969
bifemsh,p4,3.9870,94.0,0.92135
bifemsh,p4,3.9870,94.5,0.92298
bifemsh,p4,3.9870,95.0,0.92456
bifemsh,p4,3.9870,95.5,0.92610
bifemsh,p4,3.9870,96.0,0.92759
bifemsh,p4,3.9870,96.5,0.92926
bifemsh,p4,3.9870,97.0,0.93099
bifemsh,p4,3.9870,97.5,0.93267
bifemsh,p4,3.9870,98.0,0.93427
bifemsh,p4,3.9870,98.5,0.93580
bifemsh,p4,3.9870,99.0,0.93726
bifemsh,p4,3.9870,99.5,0.93867
bifemsh,p4,3.9870,100.0,0.94004
semimem,p2,5.9870,0.0,0.92600
semimem,p2,5.9870,0.5,0.92082
semimem,p2,5.9870,1.0,0.91541
semimem,p2,5.9870,1.5,0.90972
semimem,p2,5.9870,2.0,0.90367
semimem,p2,5.9870,2.5,0.89718
semimem,p2,5.9870,3.0,0.89013
semimem,p2,5.9870,3.5,0.88245
semimem,p2,5.9870,4.0,0.87415
semimem,p2,5.9870,4.5,0.86527
semimem,p2,5.9870,5.0,0.85588
semimem,p2,5.9870,5.5,0.84607
semimem,p2,5.9870,6.0,0.83591
semimem,p2,5.9870,6.5,0.82547
semimem,p2,5.9870,7.0,0.81484
semimem,p2,5.9870,7.5,0.80407
semimem,p2,5.9870,8.0,0.79323
semimem,p2,5.9870,8.5,0.78239
semimem,p2,5.9870,9.0,0.77173
semimem,p2,5.9870,9.5,0.76144
semimem,p2,5.9870,10.0,0.75156
semimem,p2,5.9870,10.5,0.74210
semimem,p2,5.9870,11.0,0.73307
semimem,p2,5.9870,11.5,0.72446
semimem,p2,5.9870,12.0,0.71623
semimem,p2,5.9870,12.5,0.70839
semimem,p2,5.9870,13.0,0.70089
semimem,p2,5.9870,13.5,0.69370
semimem,p2,5.9870,14.0,0.68675
semimem,p2,5.9870,14.5,0.68000
semimem,p2,5.9870,15.0,0.67341
semimem,p2,5.9870,15.5,0.66697
semimem,p2,5.9870,16.0,0.66071
semimem,p2,5.9870,16.5,0.65469
semimem,p2,5.9870,17.0,0.64897
semimem,p2,5.9870,17.5,0.64358
semimem,p2,5.9870,18.0,0.63849
semimem,p2,5.9870,18.5,0.63365
semimem,p2,5.9870,19.0,0.62895
semimem,p2,5.9870,19.5,0.62431
semimem,p2,5.9870,20.0,0.61965
semimem,p2,5.9870,20.5,0.61487
semimem,p2,5.9870,21.0,0.60991
semimem,p2,5.9870,21.5,0.60469
semimem,p2,5.9870,22.0,0.59914
semimem,p2,5.9870,22.5,0.59318
semimem,p2,5.9870,23.0,0.58676
semimem,p2,5.9870,23.5,0.57981
semimem,p2,5.9870,24.0,0.57226
semimem,p2,5.9870,24.5,0.56408
semimem,p2,5.9870,25.0,0.55524
semimem,p2,5.9870,25.5,0.54575
semimem,p2,5.9870,26.0,0.53567
semimem,p2,5.9870,26.5,0.52503
semimem,p2,5.9870,27.0,0.51396
semimem,p2,5.9870,27.5,0.50252
semimem,p2,5.9870,28.0,0.49062
semimem,p2,5.9870,28.5,0.47860
semimem,p2,5.9870,29.0,0.46674
semimem,p2,5.9870,29.5,0.45525
semimem,p2,5.9870,30.0,0.44425
semimem,p2,5.9870,30.5,0.43376
semimem,p2,5.9870,31.0,0.42375
semimem,p2,5.9870,31.5,0.41420
semimem,p2,5.9870,32.0,0.40510
semimem,p2,5.9870,32.5,0.39644
semimem,p2,5.9870,33.0,0.38820
semimem,p2,5.9870,33.5,0.38038
semimem,p2,5.9870,34.0,0.37298
semimem,p2,5.9870,34.5,0.36601
semimem,p2,5.9870,35.0,0.35945
semimem,p2,5.9870,35.5,0.35327
semimem,p2,5.9870,36.0,0.34746
semimem,p2,5.9870,36.5,0.34198
semimem,p2,5.9870,37.0,0.33685
semimem,p2,5.9870,37.5,0.33205
semimem,p2,5.9870,38.0,0.32760
semimem,p2,5.9870,38.5,0.32351
semimem,p2,5.9870,39.0,0.31976
semimem,p2,5.9870,39.5,0.31637
semimem,p2,5.9870,40.0,0.31332
semimem,p2,5.9870,40.5,0.31063
semimem,p2,5.9870,41.0,0.30829
semimem,p2,5.9870,41.5,0.30627
semimem,p2,5.9870,42.0,0.30459
semimem,p2,5.9870,42.5,0.30323
semimem,p2,5.9870,43.0,0.30217
semimem,p2,5.9870,43.5,0.30142
semimem,p2,5.9870,44.0,0.30096
semimem,p2,5.9870,44.5,0.30080
semimem,p2,5.9870,45.0,0.30093
semimem,p2,5.9870,45.5,0.30137
semimem,p2,5.9870,46.0,0.30214
semimem,p2,5.9870,46.5,0.30327
semimem,p2,5.9870,47.0,0.30475
semimem,p2,5.9870,47.5,0.30659
semimem,p2,5.9870,48.0,0.30876
semimem,p2,5.9870,48.5,0.31126
semimem,p2,5.9870,49.0,0.31407
semimem,p2,5.9870,49.5,0.31720
semimem,p2,5.9870,50.0,0.32064
semimem,p2,5.9870,50.5,0.32439
semimem,p2,5.9870,51.0,0.32846
semimem,p2,5.9870,51.5,0.33284
semimem,p2,5.9870,52.0,0.33745
semimem,p2,5.9870,52.5,0.34221
semimem,p2,5.9870,53.0,0.34723
semimem,p2,5.9870,53.5,0.35262
semimem,p2,5.9870,54.0,0.35850
semimem,p2,5.9870,54.5,0.36489
semimem,p2,5.9870,55.0,0.37180
semimem,p2,5.9870,55.5,0.37921
semimem,p2,5.9870,56.0,0.38709
semimem,p2,5.9870,56.5,0.39542
semimem,p2,5.9870,57.0,0.40421
semimem,p2,5.9870,57.5,0.41346
semimem,p2,5.9870,58.0,0.42319
semimem,p2,5.9870,58.5,0.43339
semimem,p2,5.9870,59.0,0.44401
semimem,p2,5.9870,59.5,0.45517
semimem,p2,5.9870,60.0,0.46692
semimem,p2,5.9870,60.5,0.47923
semimem,p2,5.9870,61.0,0.49206
semimem,p2,5.9870,61.5,0.50535
semimem,p2,5.9870,62.0,0.51907
semimem,p2,5.9870,62.5,0.53319
semimem,p2,5.9870,63.0,0.54753
semimem,p2,5.9870,63.5,0.56193
semimem,p2,5.9870,64.0,0.57631
semimem,p2,5.9870,64.5,0.59064
semimem,p2,5.9870,65.0,0.60496
semimem,p2,5.9870,65.5,0.61941
semimem,p2,5.9870,66.0,0.63418
semimem,p2,5.9870,66.5,0.64945
semimem,p2,5.9870,67.0,0.66529
semimem,p2,5.9870,67.5,0.68170
semimem,p2,5.9870,68.0,0.69867
semimem,p2,5.9870,68.5,0.71618
semimem,p2,5.9870,69.0,0.73418
semimem,p2,5.9870,69.5,0.75265
semimem,p2,5.9870,70.0,0.77155
semimem,p2,5.9870,70.5,0.79089
semimem,p2,5.9870,71.0,0.81057
semimem,p2,5.9870,71.5,0.83053
semimem,p2,5.9870,72.0,0.85069
semimem,p2,5.9870,72.5,0.87102
semimem,p2,5.9870,73.0,0.88058
semimem,p2,5.9870,73.5,0.87768
semimem,p2,5.9870,74.0,0.87514
semimem,p2,5.9870,74.5,0.87345
semimem,p2,5.9870,75.0,0.87279
semimem,p2,5.9870,75.5,0.87329
semimem,p2,5.9870,76.0,0.87516
semimem,p2,5.9870,76.5,0.87858
semimem,p2,5.9870,77.0,0.88359
semimem,p2,5.9870,77.5,0.88991
semimem,p2,5.9870,78.0,0.89709
semimem,p2,5.9870,78.5,0.90461
semimem,p2,5.9870,79.0,0.91209
semimem,p2,5.9870,79.5,0.91930
semimem,p2,5.9870,80.0,0.92615
semimem,p2,5.9870,80.5,0.93259
semimem,p2,5.9870,81.0,0.93860
semimem,p2,5.9870,81.5,0.94416
semimem,p2,5.9870,82.0,0.94930
semimem,p2,5.9870,82.5,0.95406
semimem,p2,5.9870,83.0,0.95847
semimem,p2,5.9870,83.5,0.96254
semimem,p2,5.9870,84.0,0.96629
semimem,p2,5.9870,84.5,0.96974
semimem,p2,5.9870,85.0,0.97289
semimem,p2,5.9870,85.5,0.97571
semimem,p2,5.9870,86.0,0.97821
semimem,p2,5.9870,86.5,0.98034
semimem,p2,5.9870,87.0,0.98211
semimem,p2,5.9870,87.5,0.98351
semimem,p2,5.9870,88.0,0.98453
semimem,p2,5.9870,88.5,0.98519
semimem,p2,5.9870,89.0,0.98550
semimem,p2,5.9870,89.5,0.98547
semimem,p2,5.9870,90.0,0.98513
semimem,p2,5.9870,90.5,0.98448
semimem,p2,5.9870,91.0,0.98353
semimem,p2,5.9870,91.5,0.98231
semimem,p2,5.9870,92.0,0.98081
semimem,p2,5.9870,92.5,0.97906
semimem,p2,5.9870,93.0,0.97706
semimem,p2,5.9870,93.5,0.97481
semimem,p2,5.9870,94.0,0.97233
semimem,p2,5.9870,94.5,0.96961
semimem,p2,5.9870,95.0,0.96666
semimem,p2,5.9870,95.5,0.96349
semimem,p2,5.9870,96.0,0.96010
semimem,p2,5.9870,96.5,0.95650
semimem,p2,5.9870,97.0,0.95271
semimem,p2,5.9870,97.5,0.94874
semimem,p2,5.9870,98.0,0.94458
semimem,p2,5.9870,98.5,0.94023
semimem,p2,5.9870,99.0,0.93569
semimem,p2,5.9870,99.5,0.93095
semimem,p2,5.9870,100.0,0.92600
semiten,p2,5.9870,0.0,1.07531
semiten,p2,5.9870,0.5,1.07169
semiten,p2,5.9870,1.0,1.06794
semiten,p2,5.9870,1.5,1.06402
semiten,p2,5.9870,2.0,1.05990
semiten,p2,5.9870,2.5,1.05561
semiten,p2,5.9870,3.0,1.05104
semiten,p2,5.9870,3.5,1.04604
semiten,p2,5.9870,4.0,1.04042
semiten,p2,5.9870,4.5,1.03436
semiten,p2,5.9870,5.0,1.02805
semiten,p2,5.9870,5.5,1.02163
semiten,p2,5.9870,6.0,1.01519
semiten,p2,5.9870,6.5,1.00886
semiten,p2,5.9870,7.0,1.00287
semiten,p2,5.9870,7.5,0.99719
semiten,p2,5.9870,8.0,0.99178
semiten,p2,5.9870,8.5,0.98660
semiten,p2,5.9870,9.0,0.98165
semiten,p2,5.9870,9.5,0.97692
semiten,p2,5.9870,10.0,0.97242
semiten,p2,5.9870,10.5,0.96816
semiten,p2,5.9870,11.0,0.96412
semiten,p2,5.9870,11.5,0.96026
semiten,p2,5.9870,12.0,0.95656
semiten,p2,5.9870,12.5,0.95298
semiten,p2,5.9870,13.0,0.94949
semiten,p2,5.9870,13.5,0.94605
semiten,p2,5.9870,14.0,0.94260
semiten,p2,5.9870,14.5,0.93911
semiten,p2,5.9870,15.0,0.93558
semiten,p2,5.9870,15.5,0.93200
semiten,p2,5.9870,16.0,0.92844
semiten,p2,5.9870,16.5,0.92496
semiten,p2,5.9870,17.0,0.92164
semiten,p2,5.9870,17.5,0.91849
semiten,p2,5.9870,18.0,0.91549
semiten,p2,5.9870,18.5,0.91259
semiten,p2,5.9870,19.0,0.90969
semiten,p2,5.9870,19.5,0.90673
semiten,p2,5.9870,20.0,0.90366
semiten,p2,5.9870,20.5,0.90044
semiten,p2,5.9870,21.0,0.89704
semiten,p2,5.9870,21.5,0.89344
semiten,p2,5.9870,22.0,0.88963
semiten,p2,5.9870,22.5,0.88560
semiten,p2,5.9870,23.0,0.88135
semiten,p2,5.9870,23.5,0.87687
semiten,p2,5.9870,24.0,0.87216
semiten,p2,5.9870,24.5,0.86722
semiten,p2,5.9870,25.0,0.86205
semiten,p2,5.9870,25.5,0.85668
semiten,p2,5.9870,26.0,0.85112
semiten,p2,5.9870,26.5,0.84537
semiten,p2,5.9870,27.0,0.83945
semiten,p2,5.9870,27.5,0.83338
semiten,p2,5.9870,28.0,0.82718
semiten,p2,5.9870,28.5,0.82085
semiten,p2,5.9870,29.0,0.81444
semiten,p2,5.9870,29.5,0.80806
semiten,p2,5.9870,30.0,0.80180
semiten,p2,5.9870,30.5,0.79571
semiten,p2,5.9870,31.0,0.78981
semiten,p2,5.9870,31.5,0.78408
semiten,p2,5.9870,32.0,0.77849
semiten,p2,5.9870,32.5,0.77304
semiten,p2,5.9870,33.0,0.76769
semiten,p2,5.9870,33.5,0.76245
semiten,p2,5.9870,34.0,0.75731
semiten,p2,5.9870,34.5,0.75229
semiten,p2,5.9870,35.0,0.74738
semiten,p2,5.9870,35.5,0.74258
semiten,p2,5.9870,36.0,0.73790
semiten,p2,5.9870,36.5,0.73334
semiten,p2,5.9870,37.0,0.72889
semiten,p2,5.9870,37.5,0.72458
semiten,p2,5.9870,38.0,0.72041
semiten,p2,5.9870,38.5,0.71640
semiten,p2,5.9870,39.0,0.71256
semiten,p2,5.9870,39.5,0.70891
semiten,p2,5.9870,40.0,0.70546
semiten,p2,5.9870,40.5,0.70223
semiten,p2,5.9870,41.0,0.69922
semiten,p2,5.9870,41.5,0.69645
semiten,p2,5.9870,42.0,0.69392
semiten,p2,5.9870,42.5,0.69163
semiten,p2,5.9870,43.0,0.68960
semiten,p2,5.9870,43.5,0.68782
semiten,p2,5.9870,44.0,0.68630
semiten,p2,5.9870,44.5,0.68505
semiten,p2,5.9870,45.0,0.68407
semiten,p2,5.9870,45.5,0.68337
semiten,p2,5.9870,46.0,0.68298
semiten,p2,5.9870,46.5,0.68291
semiten,p2,5.9870,47.0,0.68317
semiten,p2,5.9870,47.5,0.68375
semiten,p2,5.9870,48.0,0.68462
semiten,p2,5.9870,48.5,0.68577
semiten,p2,5.9870,49.0,0.68717
semiten,p2,5.9870,49.5,0.68882
semiten,p2,5.9870,50.0,0.69070
semiten,p2,5.9870,50.5,0.69281
semiten,p2,5.9870,51.0,0.69513
semiten,p2,5.9870,51.5,0.69767
semiten,p2,5.9870,52.0,0.70037
semiten,p2,5.9870,52.5,0.70316
semiten,p2,5.9870,53.0,0.70609
semiten,p2,5.9870,53.5,0.70926
semiten,p2,5.9870,54.0,0.71273
semiten,p2,5.9870,54.5,0.71653
semiten,p2,5.9870,55.0,0.72066
semiten,p2,5.9870,55.5,0.72511
semiten,p2,5.9870,56.0,0.72985
semiten,p2,5.9870,56.5,0.73489
semiten,p2,5.9870,57.0,0.74022
semiten,p2,5.9870,57.5,0.74584
semiten,p2,5.9870,58.0,0.75176
semiten,p2,5.9870,58.5,0.75797
semiten,p2,5.9870,59.0,0.76443
semiten,p2,5.9870,59.5,0.77124
semiten,p2,5.9870,60.0,0.77842
semiten,p2,5.9870,60.5,0.78597
semiten,p2,5.9870,61.0,0.79387
semiten,p2,5.9870,61.5,0.80211
semiten,p2,5.9870,62.0,0.81070
semiten,p2,5.9870,62.5,0.81965
semiten,p2,5.9870,63.0,0.82889
semiten,p2,5.9870,63.5,0.83835
semiten,p2,5.9870,64.0,0.84797
semiten,p2,5.9870,64.5,0.85770
semiten,p2,5.9870,65.0,0.86752
semiten,p2,5.9870,65.5,0.87748
semiten,p2,5.9870,66.0,0.88766
semiten,p2,5.9870,66.5,0.89812
semiten,p2,5.9870,67.0,0.90883
semiten,p2,5.9870,67.5,0.91977
semiten,p2,5.9870,68.0,0.93090
semiten,p2,5.9870,68.5,0.94221
semiten,p2,5.9870,69.0,0.95365
semiten,p2,5.9870,69.5,0.96521
semiten,p2,5.9870,70.0,0.97691
semiten,p2,5.9870,70.5,0.98872
semiten,p2,5.9870,71.0,1.00060
semiten,p2,5.9870,71.5,1.01250
semiten,p2,5.9870,72.0,1.02438
semiten,p2,5.9870,72.5,1.03622
semiten,p2,5.9870,73.0,1.04799
semiten,p2,5.9870,73.5,1.05964
semiten,p2,5.9870,74.0,1.06421
semiten,p2,5.9870,74.5,1.06397
semiten,p2,5.9870,75.0,1.06539
semiten,p2,5.9870,75.5,1.06859
semiten,p2,5.9870,76.0,1.07326
semiten,p2,5.9870,76.5,1.07880
semiten,p2,5.9870,77.0,1.08468
semiten,p2,5.9870,77.5,1.09054
semiten,p2,5.9870,78.0,1.09614
semiten,p2,5.9870,78.5,1.10133
semiten,p2,5.9870,79.0,1.10604
semiten,p2,5.9870,79.5,1.11030
semiten,p2,5.9870,80.0,1.11413
semiten,p2,5.9870,80.5,1.11755
semiten,p2,5.9870,81.0,1.12057
semiten,p2,5.9870,81.5,1.12321
semiten,p2,5.9870,82.0,1.12551
semiten,p2,5.9870,82.5,1.12752
semiten,p2,5.9870,83.0,1.12927
semiten,p2,5.9870,83.5,1.13078
semiten,p2,5.9870,84.0,1.13209
semiten,p2,5.9870,84.5,1.13319
semiten,p2,5.9870,85.0,1.13409
semiten,p2,5.9870,85.5,1.13479
semiten,p2,5.9870,86.0,1.13526
semiten,p2,5.9870,86.5,1.13549
semiten,p2,5.9870,87.0,1.13546
semiten,p2,5.9870,87.5,1.13517
semiten,p2,5.9870,88.0,1.13462
semiten,p2,5.9870,88.5,1.13382
semiten,p2,5.9870,89.0,1.13278
semiten,p2,5.9870,89.5,1.13151
semiten,p2,5.9870,90.0,1.13003
semiten,p2,5.9870,90.5,1.12836
semiten,p2,5.9870,91.0,1.12651
semiten,p2,5.9870,91.5,1.12451
semiten,p2,5.9870,92.0,1.12236
semiten,p2,5.9870,92.5,1.12008
semiten,p2,5.9870,93.0,1.11768
semiten,p2,5.9870,93.5,1.11518
semiten,p2,5.9870,94.0,1.11258
semiten,p2,5.9870,94.5,1.10988
semiten,p2,5.9870,95.0,1.10708
semiten,p2,5.9870,95.5,1.10420
semiten,p2,5.9870,96.0,1.10124
semiten,p2,5.9870,96.5,1.09822
semiten,p2,5.9870,97.0,1.09514
semiten,p2,5.9870,97.5,1.09201
semiten,p2,5.9870,98.0,1.08882
semiten,p2,5.9870,98.5,1.08557
semiten,p2,5.9870,99.0,1.08225
semiten,p2,5.9870,99.5,1.07883
semiten,p2,5.9870,100.0,1.07531
bifemlh,p2,5.9870,0.0,0.96186
bifemlh,p2,5.9870,0.5,0.95598
bifemlh,p2,5.9870,1.0,0.94995
bifemlh,p2,5.9870,1.5,0.94374
bifemlh,p2,5.9870,2.0,0.93729
bifemlh,p2,5.9870,2.5,0.93049
bifemlh,p2,5.9870,3.0,0.92323
bifemlh,p2,5.9870,3.5,0.91546
bifemlh,p2,5.9870,4.0,0.90722
bifemlh,p2,5.9870,4.5,0.89856
bifemlh,p2,5.9870,5.0,0.88960
bifemlh,p2,5.9870,5.5,0.88062
bifemlh,p2,5.9870,6.0,0.87171
bifemlh,p2,5.9870,6.5,0.86289
bifemlh,p2,5.9870,7.0,0.85417
bifemlh,p2,5.9870,7.5,0.84557
bifemlh,p2,5.9870,8.0,0.83713
bifemlh,p2,5.9870,8.5,0.82885
bifemlh,p2,5.9870,9.0,0.82076
bifemlh,p2,5.9870,9.5,0.81287
bifemlh,p2,5.9870,10.0,0.80522
bifemlh,p2,5.9870,10.5,0.79784
bifemlh,p2,5.9870,11.0,0.79073
bifemlh,p2,5.9870,11.5,0.78387
bifemlh,p2,5.9870,12.0,0.77724
bifemlh,p2,5.9870,12.5,0.77084
bifemlh,p2,5.9870,13.0,0.76464
bifemlh,p2,5.9870,13.5,0.75860
bifemlh,p2,5.9870,14.0,0.75269
bifemlh,p2,5.9870,14.5,0.74685
bifemlh,p2,5.9870,15.0,0.74108
bifemlh,p2,5.9870,15.5,0.73537
bifemlh,p2,5.9870,16.0,0.72978
bifemlh,p2,5.9870,16.5,0.72439
bifemlh,p2,5.9870,17.0,0.71927
bifemlh,p2,5.9870,17.5,0.71446
bifemlh,p2,5.9870,18.0,0.70994
bifemlh,p2,5.9870,18.5,0.70567
bifemlh,p2,5.9870,19.0,0.70154
bifemlh,p2,5.9870,19.5,0.69749
bifemlh,p2,5.9870,20.0,0.69343
bifemlh,p2,5.9870,20.5,0.68931
bifemlh,p2,5.9870,21.0,0.68508
bifemlh,p2,5.9870,21.5,0.68070
bifemlh,p2,5.9870,22.0,0.67612
bifemlh,p2,5.9870,22.5,0.67131
bifemlh,p2,5.9870,23.0,0.66625
bifemlh,p2,5.9870,23.5,0.66092
bifemlh,p2,5.9870,24.0,0.65530
bifemlh,p2,5.9870,24.5,0.64938
bifemlh,p2,5.9870,25.0,0.64314
bifemlh,p2,5.9870,25.5,0.63659
bifemlh,p2,5.9870,26.0,0.62972
bifemlh,p2,5.9870,26.5,0.62253
bifemlh,p2,5.9870,27.0,0.61503
bifemlh,p2,5.9870,27.5,0.60722
bifemlh,p2,5.9870,28.0,0.59910
bifemlh,p2,5.9870,28.5,0.59068
bifemlh,p2,5.9870,29.0,0.58203
bifemlh,p2,5.9870,29.5,0.57338
bifemlh,p2,5.9870,30.0,0.56492
bifemlh,p2,5.9870,30.5,0.55673
bifemlh,p2,5.9870,31.0,0.54882
bifemlh,p2,5.9870,31.5,0.54113
bifemlh,p2,5.9870,32.0,0.53368
bifemlh,p2,5.9870,32.5,0.52647
bifemlh,p2,5.9870,33.0,0.51948
bifemlh,p2,5.9870,33.5,0.51272
bifemlh,p2,5.9870,34.0,0.50622
bifemlh,p2,5.9870,34.5,0.49999
bifemlh,p2,5.9870,35.0,0.49404
bifemlh,p2,5.9870,35.5,0.48835
bifemlh,p2,5.9870,36.0,0.48290
bifemlh,p2,5.9870,36.5,0.47769
bifemlh,p2,5.9870,37.0,0.47272
bifemlh,p2,5.9870,37.5,0.46800
bifemlh,p2,5.9870,38.0,0.46359
bifemlh,p2,5.9870,38.5,0.45948
bifemlh,p2,5.9870,39.0,0.45571
bifemlh,p2,5.9870,39.5,0.45230
bifemlh,p2,5.9870,40.0,0.44927
bifemlh,p2,5.9870,40.5,0.44666
bifemlh,p2,5.9870,41.0,0.44448
bifemlh,p2,5.9870,41.5,0.44273
bifemlh,p2,5.9870,42.0,0.44142
bifemlh,p2,5.9870,42.5,0.44056
bifemlh,p2,5.9870,43.0,0.44015
bifemlh,p2,5.9870,43.5,0.44018
bifemlh,p2,5.9870,44.0,0.44066
bifemlh,p2,5.9870,44.5,0.44157
bifemlh,p2,5.9870,45.0,0.44292
bifemlh,p2,5.9870,45.5,0.44473
bifemlh,p2,5.9870,46.0,0.44703
bifemlh,p2,5.9870,46.5,0.44983
bifemlh,p2,5.9870,47.0,0.45314
bifemlh,p2,5.9870,47.5,0.45690
bifemlh,p2,5.9870,48.0,0.46107
bifemlh,p2,5.9870,48.5,0.46560
bifemlh,p2,5.9870,49.0,0.47046
bifemlh,p2,5.9870,49.5,0.47564
bifemlh,p2,5.9870,50.0,0.48110
bifemlh,p2,5.9870,50.5,0.48685
bifemlh,p2,5.9870,51.0,0.49286
bifemlh,p2,5.9870,51.5,0.49914
bifemlh,p2,5.9870,52.0,0.50556
bifemlh,p2,5.9870,52.5,0.51206
bifemlh,p2,5.9870,53.0,0.51874
bifemlh,p2,5.9870,53.5,0.52576
bifemlh,p2,5.9870,54.0,0.53325
bifemlh,p2,5.9870,54.5,0.54120
bifemlh,p2,5.9870,55.0,0.54959
bifemlh,p2,5.9870,55.5,0.55836
bifemlh,p2,5.9870,56.0,0.56746
bifemlh,p2,5.9870,56.5,0.57686
bifemlh,p2,5.9870,57.0,0.58652
bifemlh,p2,5.9870,57.5,0.59647
bifemlh,p2,5.9870,58.0,0.60673
bifemlh,p2,5.9870,58.5,0.61729
bifemlh,p2,5.9870,59.0,0.62814
bifemlh,p2,5.9870,59.5,0.63938
bifemlh,p2,5.9870,60.0,0.65107
bifemlh,p2,5.9870,60.5,0.66321
bifemlh,p2,5.9870,61.0,0.67577
bifemlh,p2,5.9870,61.5,0.68873
bifemlh,p2,5.9870,62.0,0.70207
bifemlh,p2,5.9870,62.5,0.71582
bifemlh,p2,5.9870,63.0,0.72983
bifemlh,p2,5.9870,63.5,0.74393
bifemlh,p2,5.9870,64.0,0.75801
bifemlh,p2,5.9870,64.5,0.77196
bifemlh,p2,5.9870,65.0,0.78576
bifemlh,p2,5.9870,65.5,0.79948
bifemlh,p2,5.9870,66.0,0.81323
bifemlh,p2,5.9870,66.5,0.82712
bifemlh,p2,5.9870,67.0,0.84117
bifemlh,p2,5.9870,67.5,0.85535
bifemlh,p2,5.9870,68.0,0.86965
bifemlh,p2,5.9870,68.5,0.88407
bifemlh,p2,5.9870,69.0,0.89858
bifemlh,p2,5.9870,69.5,0.91317
bifemlh,p2,5.9870,70.0,0.92847
bifemlh,p2,5.9870,70.5,0.92471
bifemlh,p2,5.9870,71.0,0.92117
bifemlh,p2,5.9870,71.5,0.91869
bifemlh,p2,5.9870,72.0,0.91733
bifemlh,p2,5.9870,72.5,0.91717
bifemlh,p2,5.9870,73.0,0.91844
bifemlh,p2,5.9870,73.5,0.92145
bifemlh,p2,5.9870,74.0,0.92643
bifemlh,p2,5.9870,74.5,0.93327
bifemlh,p2,5.9870,75.0,0.94149
bifemlh,p2,5.9870,75.5,0.95052
bifemlh,p2,5.9870,76.0,0.95984
bifemlh,p2,5.9870,76.5,0.96909
bifemlh,p2,5.9870,77.0,0.97800
bifemlh,p2,5.9870,77.5,0.98639
bifemlh,p2,5.9870,78.0,0.99414
bifemlh,p2,5.9870,78.5,1.00116
bifemlh,p2,5.9870,79.0,1.00743
bifemlh,p2,5.9870,79.5,1.01300
bifemlh,p2,5.9870,80.0,1.01792
bifemlh,p2,5.9870,80.5,1.02227
bifemlh,p2,5.9870,81.0,1.02608
bifemlh,p2,5.9870,81.5,1.02941
bifemlh,p2,5.9870,82.0,1.03231
bifemlh,p2,5.9870,82.5,1.03484
bifemlh,p2,5.9870,83.0,1.03707
bifemlh,p2,5.9870,83.5,1.03901
bifemlh,p2,5.9870,84.0,1.04071
bifemlh,p2,5.9870,84.5,1.04218
bifemlh,p2,5.9870,85.0,1.04343
bifemlh,p2,5.9870,85.5,1.04446
bifemlh,p2,5.9870,86.0,1.04526
bifemlh,p2,5.9870,86.5,1.04580
bifemlh,p2,5.9870,87.0,1.04607
bifemlh,p2,5.9870,87.5,1.04605
bifemlh,p2,5.9870,88.0,1.04575
bifemlh,p2,5.9870,88.5,1.04516
bifemlh,p2,5.9870,89.0,1.04428
bifemlh,p2,5.9870,89.5,1.04311
bifemlh,p2,5.9870,90.0,1.04166
bifemlh,p2,5.9870,90.5,1.03993
bifemlh,p2,5.9870,91.0,1.03793
bifemlh,p2,5.9870,91.5,1.03565
bifemlh,p2,5.9870,92.0,1.03312
bifemlh,p2,5.9870,92.5,1.03032
bifemlh,p2,5.9870,93.0,1.02727
bifemlh,p2,5.9870,93.5,1.02397
bifemlh,p2,5.9870,94.0,1.02043
bifemlh,p2,5.9870,94.5,1.01664
bifemlh,p2,5.9870,95.0,1.01262
bifemlh,p2,5.9870,95.5,1.00836
bifemlh,p2,5.9870,96.0,1.00388
bifemlh,p2,5.9870,96.5,0.99919
bifemlh,p2,5.9870,97.0,0.99432
bifemlh,p2,5.9870,97.5,0.98928
bifemlh,p2,5.9870,98.0,0.98407
bifemlh,p2,5.9870,98.5,0.97872
bifemlh,p2,5.9870,99.0,0.97324
bifemlh,p2,5.9870,99.5,0.96762
bifemlh,p2,5.9870,100.0,0.96186
bifemsh,p2,5.9870,0.0,0.93960
bifemsh,p2,5.9870,0.5,0.94081
bifemsh,p2,5.9870,1.0,0.94191
bifemsh,p2,5.9870,1.5,0.94283
bifemsh,p2,5.9870,2.0,0.94344
bifemsh,p2,5.9870,2.5,0.94368
bifemsh,p2,5.9870,3.0,0.94355
bifemsh,p2,5.9870,3.5,0.94312
bifemsh,p2,5.9870,4.0,0.94254
bifemsh,p2,5.9870,4.5,0.94198
bifemsh,p2,5.9870,5.0,0.94133
bifemsh,p2,5.9870,5.5,0.94018
bifemsh,p2,5.9870,6.0,0.93893
bifemsh,p2,5.9870,6.5,0.93768
bifemsh,p2,5.9870,7.0,0.93643
bifemsh,p2,5.9870,7.5,0.93512
bifemsh,p2,5.9870,8.0,0.93375
bifemsh,p2,5.9870,8.5,0.93228
bifemsh,p2,5.9870,9.0,0.93075
bifemsh,p2,5.9870,9.5,0.92914
bifemsh,p2,5.9870,10.0,0.92746
bifemsh,p2,5.9870,10.5,0.92571
bifemsh,p2,5.9870,11.0,0.92390
bifemsh,p2,5.9870,11.5,0.92202
bifemsh,p2,5.9870,12.0,0.92005
bifemsh,p2,5.9870,12.5,0.91800
bifemsh,p2,5.9870,13.0,0.91586
bifemsh,p2,5.9870,13.5,0.91364
bifemsh,p2,5.9870,14.0,0.91135
bifemsh,p2,5.9870,14.5,0.90901
bifemsh,p2,5.9870,15.0,0.90662
bifemsh,p2,5.9870,15.5,0.90419
bifemsh,p2,5.9870,16.0,0.90174
bifemsh,p2,5.9870,16.5,0.89925
bifemsh,p2,5.9870,17.0,0.89672
bifemsh,p2,5.9870,17.5,0.89416
bifemsh,p2,5.9870,18.0,0.89158
bifemsh,p2,5.9870,18.5,0.88898
bifemsh,p2,5.9870,19.0,0.88637
bifemsh,p2,5.9870,19.5,0.88372
bifemsh,p2,5.9870,20.0,0.88100
bifemsh,p2,5.9870,20.5,0.87820
bifemsh,p2,5.9870,21.0,0.87527
bifemsh,p2,5.9870,21.5,0.87221
bifemsh,p2,5.9870,22.0,0.86903
bifemsh,p2,5.9870,22.5,0.86572
bifemsh,p2,5.9870,23.0,0.86227
bifemsh,p2,5.9870,23.5,0.85870
bifemsh,p2,5.9870,24.0,0.85499
bifemsh,p2,5.9870,24.5,0.85114
bifemsh,p2,5.9870,25.0,0.84716
bifemsh,p2,5.9870,25.5,0.84307
bifemsh,p2,5.9870,26.0,0.83887
bifemsh,p2,5.9870,26.5,0.83459
bifemsh,p2,5.9870,27.0,0.83026
bifemsh,p2,5.9870,27.5,0.82588
bifemsh,p2,5.9870,28.0,0.82147
bifemsh,p2,5.9870,28.5,0.81705
bifemsh,p2,5.9870,29.0,0.81261
bifemsh,p2,5.9870,29.5,0.80816
bifemsh,p2,5.9870,30.0,0.80367
bifemsh,p2,5.9870,30.5,0.79915
bifemsh,p2,5.9870,31.0,0.79460
bifemsh,p2,5.9870,31.5,0.79003
bifemsh,p2,5.9870,32.0,0.78544
bifemsh,p2,5.9870,32.5,0.78082
bifemsh,p2,5.9870,33.0,0.77619
bifemsh,p2,5.9870,33.5,0.77153
bifemsh,p2,5.9870,34.0,0.76687
bifemsh,p2,5.9870,34.5,0.76219
bifemsh,p2,5.9870,35.0,0.75752
bifemsh,p2,5.9870,35.5,0.75285
bifemsh,p2,5.9870,36.0,0.74820
bifemsh,p2,5.9870,36.5,0.74357
bifemsh,p2,5.9870,37.0,0.73898
bifemsh,p2,5.9870,37.5,0.73442
bifemsh,p2,5.9870,38.0,0.72989
bifemsh,p2,5.9870,38.5,0.72539
bifemsh,p2,5.9870,39.0,0.72092
bifemsh,p2,5.9870,39.5,0.71648
bifemsh,p2,5.9870,40.0,0.71207
bifemsh,p2,5.9870,40.5,0.70768
bifemsh,p2,5.9870,41.0,0.70332
bifemsh,p2,5.9870,41.5,0.69898
bifemsh,p2,5.9870,42.0,0.69468
bifemsh,p2,5.9870,42.5,0.69041
bifemsh,p2,5.9870,43.0,0.68618
bifemsh,p2,5.9870,43.5,0.68199
bifemsh,p2,5.9870,44.0,0.67785
bifemsh,p2,5.9870,44.5,0.67376
bifemsh,p2,5.9870,45.0,0.66973
bifemsh,p2,5.9870,45.5,0.66576
bifemsh,p2,5.9870,46.0,0.66185
bifemsh,p2,5.9870,46.5,0.65799
bifemsh,p2,5.9870,47.0,0.65421
bifemsh,p2,5.9870,47.5,0.65049
bifemsh,p2,5.9870,48.0,0.64687
bifemsh,p2,5.9870,48.5,0.64334
bifemsh,p2,5.9870,49.0,0.64002
bifemsh,p2,5.9870,49.5,0.63684
bifemsh,p2,5.9870,50.0,0.63376
bifemsh,p2,5.9870,50.5,0.63077
bifemsh,p2,5.9870,51.0,0.62787
bifemsh,p2,5.9870,51.5,0.62506
bifemsh,p2,5.9870,52.0,0.62234
bifemsh,p2,5.9870,52.5,0.61973
bifemsh,p2,5.9870,53.0,0.61721
bifemsh,p2,5.9870,53.5,0.61480
bifemsh,p2,5.9870,54.0,0.61251
bifemsh,p2,5.9870,54.5,0.61035
bifemsh,p2,5.9870,55.0,0.60833
bifemsh,p2,5.9870,55.5,0.60648
bifemsh,p2,5.9870,56.0,0.60482
bifemsh,p2,5.9870,56.5,0.60335
bifemsh,p2,5.9870,57.0,0.60209
bifemsh,p2,5.9870,57.5,0.60106
bifemsh,p2,5.9870,58.0,0.60024
bifemsh,p2,5.9870,58.5,0.59965
bifemsh,p2,5.9870,59.0,0.59928
bifemsh,p2,5.9870,59.5,0.59915
bifemsh,p2,5.9870,60.0,0.59925
bifemsh,p2,5.9870,60.5,0.59958
bifemsh,p2,5.9870,61.0,0.60015
bifemsh,p2,5.9870,61.5,0.60096
bifemsh,p2,5.9870,62.0,0.60200
bifemsh,p2,5.9870,62.5,0.60329
bifemsh,p2,5.9870,63.0,0.60481
bifemsh,p2,5.9870,63.5,0.60659
bifemsh,p2,5.9870,64.0,0.60862
bifemsh,p2,5.9870,64.5,0.61091
bifemsh,p2,5.9870,65.0,0.61348
bifemsh,p2,5.9870,65.5,0.61633
bifemsh,p2,5.9870,66.0,0.61948
bifemsh,p2,5.9870,66.5,0.62295
bifemsh,p2,5.9870,67.0,0.62673
bifemsh,p2,5.9870,67.5,0.63084
bifemsh,p2,5.9870,68.0,0.63527
bifemsh,p2,5.9870,68.5,0.64002
bifemsh,p2,5.9870,69.0,0.64509
bifemsh,p2,5.9870,69.5,0.65050
bifemsh,p2,5.9870,70.0,0.65626
bifemsh,p2,5.9870,70.5,0.66239
bifemsh,p2,5.9870,71.0,0.66890
bifemsh,p2,5.9870,71.5,0.67579
bifemsh,p2,5.9870,72.0,0.68306
bifemsh,p2,5.9870,72.5,0.69072
bifemsh,p2,5.9870,73.0,0.69873
bifemsh,p2,5.9870,73.5,0.70708
bifemsh,p2,5.9870,74.0,0.71574
bifemsh,p2,5.9870,74.5,0.72466
bifemsh,p2,5.9870,75.0,0.73377
bifemsh,p2,5.9870,75.5,0.74301
bifemsh,p2,5.9870,76.0,0.75231
bifemsh,p2,5.9870,76.5,0.76158
bifemsh,p2,5.9870,77.0,0.77078
bifemsh,p2,5.9870,77.5,0.77983
bifemsh,p2,5.9870,78.0,0.78869
bifemsh,p2,5.9870,78.5,0.79732
bifemsh,p2,5.9870,79.0,0.80572
bifemsh,p2,5.9870,79.5,0.81387
bifemsh,p2,5.9870,80.0,0.82177
bifemsh,p2,5.9870,80.5,0.82942
bifemsh,p2,5.9870,81.0,0.83682
bifemsh,p2,5.9870,81.5,0.84395
bifemsh,p2,5.9870,82.0,0.85079
bifemsh,p2,5.9870,82.5,0.85734
bifemsh,p2,5.9870,83.0,0.86359
bifemsh,p2,5.9870,83.5,0.86955
bifemsh,p2,5.9870,84.0,0.87327
bifemsh,p2,5.9870,84.5,0.87529
bifemsh,p2,5.9870,85.0,0.87788
bifemsh,p2,5.9870,85.5,0.88078
bifemsh,p2,5.9870,86.0,0.88379
bifemsh,p2,5.9870,86.5,0.88681
bifemsh,p2,5.9870,87.0,0.88978
bifemsh,p2,5.9870,87.5,0.89266
bifemsh,p2,5.9870,88.0,0.89542
bifemsh,p2,5.9870,88.5,0.89807
bifemsh,p2,5.9870,89.0,0.90060
bifemsh,p2,5.9870,89.5,0.90303
bifemsh,p2,5.9870,90.0,0.90535
bifemsh,p2,5.9870,90.5,0.90760
bifemsh,p2,5.9870,91.0,0.90976
bifemsh,p2,5.9870,91.5,0.91185
bifemsh,p2,5.9870,92.0,0.91387
bifemsh,p2,5.9870,92.5,0.91583
bifemsh,p2,5.9870,93.0,0.91773
bifemsh,p2,5.9870,93.5,0.91956
bifemsh,p2,5.9870,94.0,0.92134
bifemsh,p2,5.9870,94.5,0.92306
bifemsh,p2,5.9870,95.0,0.92472
bifemsh,p2,5.9870,95.5,0.92633
bifemsh,p2,5.9870,96.0,0.92788
bifemsh,p2,5.9870,96.5,0.92936
bifemsh,p2,5.9870,97.0,0.93085
bifemsh,p2,5.9870,97.5,0.93249
bifemsh,p2,5.9870,98.0,0.93408
bifemsh,p2,5.9870,98.5,0.93558
bifemsh,p2,5.9870,99.0,0.93699
bifemsh,p2,5.9870,99.5,0.93833
bifemsh,p2,5.9870,100.0,0.93960
semimem,p0,7.9870,0.0,0.94248
semimem,p0,7.9870,0.5,0.93756
semimem,p0,7.9870,1.0,0.93242
semimem,p0,7.9870,1.5,0.92698
semimem,p0,7.9870,2.0,0.92120
semimem,p0,7.9870,2.5,0.91495
semimem,p0,7.9870,3.0,0.90814
semimem,p0,7.9870,3.5,0.90071
semimem,p0,7.9870,4.0,0.89263
semimem,p0,7.9870,4.5,0.88397
semimem,p0,7.9870,5.0,0.87479
semimem,p0,7.9870,5.5,0.86518
semimem,p0,7.9870,6.0,0.85521
semimem,p0,7.9870,6.5,0.84497
semimem,p0,7.9870,7.0,0.83453
semimem,p0,7.9870,7.5,0.82394
semimem,p0,7.9870,8.0,0.81327
semimem,p0,7.9870,8.5,0.80256
semimem,p0,7.9870,9.0,0.79186
semimem,p0,7.9870,9.5,0.78136
semimem,p0,7.9870,10.0,0.77122
semimem,p0,7.9870,10.5,0.76144
semimem,p0,7.9870,11.0,0.75202
semimem,p0,7.9870,11.5,0.74294
semimem,p0,7.9870,12.0,0.73421
semimem,p0,7.9870,12.5,0.72580
semimem,p0,7.9870,13.0,0.71770
semimem,p0,7.9870,13.5,0.70987
semimem,p0,7.9870,14.0,0.70226
semimem,p0,7.9870,14.5,0.69487
semimem,p0,7.9870,15.0,0.68767
semimem,p0,7.9870,15.5,0.68065
semimem,p0,7.9870,16.0,0.67386
semimem,p0,7.9870,16.5,0.66733
semimem,p0,7.9870,17.0,0.66113
semimem,p0,7.9870,17.5,0.65527
semimem,p0,7.9870,18.0,0.64975
semimem,p0,7.9870,18.5,0.64449
semimem,p0,7.9870,19.0,0.63942
semimem,p0,7.9870,19.5,0.63444
semimem,p0,7.9870,20.0,0.62948
semimem,p0,7.9870,20.5,0.62444
semimem,p0,7.9870,21.0,0.61925
semimem,p0,7.9870,21.5,0.61386
semimem,p0,7.9870,22.0,0.60818
semimem,p0,7.9870,22.5,0.60217
semimem,p0,7.9870,23.0,0.59575
semimem,p0,7.9870,23.5,0.58887
semimem,p0,7.9870,24.0,0.58148
semimem,p0,7.9870,24.5,0.57353
semimem,p0,7.9870,25.0,0.56502
semimem,p0,7.9870,25.5,0.55591
semimem,p0,7.9870,26.0,0.54620
semimem,p0,7.9870,26.5,0.53590
semimem,p0,7.9870,27.0,0.52508
semimem,p0,7.9870,27.5,0.51382
semimem,p0,7.9870,28.0,0.50217
semimem,p0,7.9870,28.5,0.49009
semimem,p0,7.9870,29.0,0.47796
semimem,p0,7.9870,29.5,0.46602
semimem,p0,7.9870,30.0,0.45451
semimem,p0,7.9870,30.5,0.44348
semimem,p0,7.9870,31.0,0.43299
semimem,p0,7.9870,31.5,0.42299
semimem,p0,7.9870,32.0,0.41348
semimem,p0,7.9870,32.5,0.40444
semimem,p0,7.9870,33.0,0.39588
semimem,p0,7.9870,33.5,0.38776
semimem,p0,7.9870,34.0,0.38008
semimem,p0,7.9870,34.5,0.37284
semimem,p0,7.9870,35.0,0.36605
semimem,p0,7.9870,35.5,0.35970
semimem,p0,7.9870,36.0,0.35375
semimem,p0,7.9870,36.5,0.34818
semimem,p0,7.9870,37.0,0.34296
semimem,p0,7.9870,37.5,0.33808
semimem,p0,7.9870,38.0,0.33355
semimem,p0,7.9870,38.5,0.32937
semimem,p0,7.9870,39.0,0.32553
semimem,p0,7.9870,39.5,0.32206
semimem,p0,7.9870,40.0,0.31895
semimem,p0,7.9870,40.5,0.31620
semimem,p0,7.9870,41.0,0.31382
semimem,p0,7.9870,41.5,0.31179
semimem,p0,7.9870,42.0,0.31009
semimem,p0,7.9870,42.5,0.30871
semimem,p0,7.9870,43.0,0.30765
semimem,p0,7.9870,43.5,0.30690
semimem,p0,7.9870,44.0,0.30644
semimem,p0,7.9870,44.5,0.30628
semimem,p0,7.9870,45.0,0.30641
semimem,p0,7.9870,45.5,0.30687
semimem,p0,7.9870,46.0,0.30766
semimem,p0,7.9870,46.5,0.30881
semimem,p0,7.9870,47.0,0.31031
semimem,p0,7.9870,47.5,0.31217
semimem,p0,7.9870,48.0,0.31437
semimem,p0,7.9870,48.5,0.31688
semimem,p0,7.9870,49.0,0.31970
semimem,p0,7.9870,49.5,0.32283
semimem,p0,7.9870,50.0,0.32625
semimem,p0,7.9870,50.5,0.32998
semimem,p0,7.9870,51.0,0.33401
semimem,p0,7.9870,51.5,0.33833
semimem,p0,7.9870,52.0,0.34287
semimem,p0,7.9870,52.5,0.34758
semimem,p0,7.9870,53.0,0.35256
semimem,p0,7.9870,53.5,0.35793
semimem,p0,7.9870,54.0,0.36378
semimem,p0,7.9870,54.5,0.37016
semimem,p0,7.9870,55.0,0.37707
semimem,p0,7.9870,55.5,0.38449
semimem,p0,7.9870,56.0,0.39240
semimem,p0,7.9870,56.5,0.40078
semimem,p0,7.9870,57.0,0.40961
semimem,p0,7.9870,57.5,0.41889
semimem,p0,7.9870,58.0,0.42861
semimem,p0,7.9870,58.5,0.43877
semimem,p0,7.9870,59.0,0.44929
semimem,p0,7.9870,59.5,0.46020
semimem,p0,7.9870,60.0,0.47157
semimem,p0,7.9870,60.5,0.48343
semimem,p0,7.9870,61.0,0.49577
semimem,p0,7.9870,61.5,0.50859
semimem,p0,7.9870,62.0,0.52183
semimem,p0,7.9870,62.5,0.53538
semimem,p0,7.9870,63.0,0.54910
semimem,p0,7.9870,63.5,0.56289
semimem,p0,7.9870,64.0,0.57671
semimem,p0,7.9870,64.5,0.59057
semimem,p0,7.9870,65.0,0.60447
semimem,p0,7.9870,65.5,0.61852
semimem,p0,7.9870,66.0,0.63286
semimem,p0,7.9870,66.5,0.64763
semimem,p0,7.9870,67.0,0.66291
semimem,p0,7.9870,67.5,0.67873
semimem,p0,7.9870,68.0,0.69507
semimem,p0,7.9870,68.5,0.71193
semimem,p0,7.9870,69.0,0.72928
semimem,p0,7.9870,69.5,0.74709
semimem,p0,7.9870,70.0,0.76535
semimem,p0,7.9870,70.5,0.78403
semimem,p0,7.9870,71.0,0.80310
semimem,p0,7.9870,71.5,0.82252
semimem,p0,7.9870,72.0,0.84222
semimem,p0,7.9870,72.5,0.86215
semimem,p0,7.9870,73.0,0.88230
semimem,p0,7.9870,73.5,0.90326
semimem,p0,7.9870,74.0,0.90102
semimem,p0,7.9870,74.5,0.89797
semimem,p0,7.9870,75.0,0.89565
semimem,p0,7.9870,75.5,0.89427
semimem,p0,7.9870,76.0,0.89394
semimem,p0,7.9870,76.5,0.89480
semimem,p0,7.9870,77.0,0.89702
semimem,p0,7.9870,77.5,0.90071
semimem,p0,7.9870,78.0,0.90578
semimem,p0,7.9870,78.5,0.91193
semimem,p0,7.9870,79.0,0.91869
semimem,p0,7.9870,79.5,0.92564
semimem,p0,7.9870,80.0,0.93251
semimem,p0,7.9870,80.5,0.93912
semimem,p0,7.9870,81.0,0.94540
semimem,p0,7.9870,81.5,0.95128
semimem,p0,7.9870,82.0,0.95675
semimem,p0,7.9870,82.5,0.96181
semimem,p0,7.9870,83.0,0.96650
semimem,p0,7.9870,83.5,0.97085
semimem,p0,7.9870,84.0,0.97487
semimem,p0,7.9870,84.5,0.97856
semimem,p0,7.9870,85.0,0.98194
semimem,p0,7.9870,85.5,0.98501
semimem,p0,7.9870,86.0,0.98775
semimem,p0,7.9870,86.5,0.99015
semimem,p0,7.9870,87.0,0.99218
semimem,p0,7.9870,87.5,0.99383
semimem,p0,7.9870,88.0,0.99512
semimem,p0,7.9870,88.5,0.99603
semimem,p0,7.9870,89.0,0.99659
semimem,p0,7.9870,89.5,0.99680
semimem,p0,7.9870,90.0,0.99669
semimem,p0,7.9870,90.5,0.99627
semimem,p0,7.9870,91.0,0.99555
semimem,p0,7.9870,91.5,0.99455
semimem,p0,7.9870,92.0,0.99329
semimem,p0,7.9870,92.5,0.99178
semimem,p0,7.9870,93.0,0.99001
semimem,p0,7.9870,93.5,0.98801
semimem,p0,7.9870,94.0,0.98576
semimem,p0,7.9870,94.5,0.98329
semimem,p0,7.9870,95.0,0.98059
semimem,p0,7.9870,95.5,0.97767
semimem,p0,7.9870,96.0,0.97453
semimem,p0,7.9870,96.5,0.97119
semimem,p0,7.9870,97.0,0.96766
semimem,p0,7.9870,97.5,0.96394
semimem,p0,7.9870,98.0,0.96003
semimem,p0,7.9870,98.5,0.95594
semimem,p0,7.9870,99.0,0.95166
semimem,p0,7.9870,99.5,0.94717
semimem,p0,7.9870,100.0,0.94248
semiten,p0,7.9870,0.0,1.08562
semiten,p0,7.9870,0.5,1.08210
semiten,p0,7.9870,1.0,1.07845
semiten,p0,7.9870,1.5,1.07464
semiten,p0,7.9870,2.0,1.07059
semiten,p0,7.9870,2.5,1.06638
semiten,p0,7.9870,3.0,1.06187
semiten,p0,7.9870,3.5,1.05678
semiten,p0,7.9870,4.0,1.05109
semiten,p0,7.9870,4.5,1.04501
semiten,p0,7.9870,5.0,1.03870
semiten,p0,7.9870,5.5,1.03230
semiten,p0,7.9870,6.0,1.02589
semiten,p0,7.9870,6.5,1.01954
semiten,p0,7.9870,7.0,1.01329
semiten,p0,7.9870,7.5,1.00735
semiten,p0,7.9870,8.0,1.00175
semiten,p0,7.9870,8.5,0.99645
semiten,p0,7.9870,9.0,0.99139
semiten,p0,7.9870,9.5,0.98655
semiten,p0,7.9870,10.0,0.98192
semiten,p0,7.9870,10.5,0.97748
semiten,p0,7.9870,11.0,0.97322
semiten,p0,7.9870,11.5,0.96912
semiten,p0,7.9870,12.0,0.96515
semiten,p0,7.9870,12.5,0.96131
semiten,p0,7.9870,13.0,0.95754
semiten,p0,7.9870,13.5,0.95381
semiten,p0,7.9870,14.0,0.95009
semiten,p0,7.9870,14.5,0.94636
semiten,p0,7.9870,15.0,0.94261
semiten,p0,7.9870,15.5,0.93886
semiten,p0,7.9870,16.0,0.93515
semiten,p0,7.9870,16.5,0.93154
semiten,p0,7.9870,17.0,0.92808
semiten,p0,7.9870,17.5,0.92480
semiten,p0,7.9870,18.0,0.92167
semiten,p0,7.9870,18.5,0.91864
semiten,p0,7.9870,19.0,0.91563
semiten,p0,7.9870,19.5,0.91257
semiten,p0,7.9870,20.0,0.90940
semiten,p0,7.9870,20.5,0.90608
semiten,p0,7.9870,21.0,0.90258
semiten,p0,7.9870,21.5,0.89889
semiten,p0,7.9870,22.0,0.89500
semiten,p0,7.9870,22.5,0.89089
semiten,p0,7.9870,23.0,0.88658
semiten,p0,7.9870,23.5,0.88204
semiten,p0,7.9870,24.0,0.87729
semiten,p0,7.9870,24.5,0.87232
semiten,p0,7.9870,25.0,0.86716
semiten,p0,7.9870,25.5,0.86181
semiten,p0,7.9870,26.0,0.85627
semiten,p0,7.9870,26.5,0.85055
semiten,p0,7.9870,27.0,0.84465
semiten,p0,7.9870,27.5,0.83860
semiten,p0,7.9870,28.0,0.83240
semiten,p0,7.9870,28.5,0.82606
semiten,p0,7.9870,29.0,0.81961
semiten,p0,7.9870,29.5,0.81309
semiten,p0,7.9870,30.0,0.80662
semiten,p0,7.9870,30.5,0.80028
semiten,p0,7.9870,31.0,0.79412
semiten,p0,7.9870,31.5,0.78816
semiten,p0,7.9870,32.0,0.78238
semiten,p0,7.9870,32.5,0.77676
semiten,p0,7.9870,33.0,0.77129
semiten,p0,7.9870,33.5,0.76594
semiten,p0,7.9870,34.0,0.76073
semiten,p0,7.9870,34.5,0.75563
semiten,p0,7.9870,35.0,0.75067
semiten,p0,7.9870,35.5,0.74584
semiten,p0,7.9870,36.0,0.74116
semiten,p0,7.9870,36.5,0.73662
semiten,p0,7.9870,37.0,0.73222
semiten,p0,7.9870,37.5,0.72796
semiten,p0,7.9870,38.0,0.72384
semiten,p0,7.9870,38.5,0.71988
semiten,p0,7.9870,39.0,0.71609
semiten,p0,7.9870,39.5,0.71249
semiten,p0,7.9870,40.0,0.70909
semiten,p0,7.9870,40.5,0.70592
semiten,p0,7.9870,41.0,0.70299
semiten,p0,7.9870,41.5,0.70030
semiten,p0,7.9870,42.0,0.69785
semiten,p0,7.9870,42.5,0.69564
semiten,p0,7.9870,43.0,0.69368
semiten,p0,7.9870,43.5,0.69198
semiten,p0,7.9870,44.0,0.69052
semiten,p0,7.9870,44.5,0.68933
semiten,p0,7.9870,45.0,0.68839
semiten,p0,7.9870,45.5,0.68773
semiten,p0,7.9870,46.0,0.68737
semiten,p0,7.9870,46.5,0.68731
semiten,p0,7.9870,47.0,0.68757
semiten,p0,7.9870,47.5,0.68814
semiten,p0,7.9870,48.0,0.68899
semiten,p0,7.9870,48.5,0.69010
semiten,p0,7.9870,49.0,0.69146
semiten,p0,7.9870,49.5,0.69303
semiten,p0,7.9870,50.0,0.69483
semiten,p0,7.9870,50.5,0.69683
semiten,p0,7.9870,51.0,0.69904
semiten,p0,7.9870,51.5,0.70143
semiten,p0,7.9870,52.0,0.70398
semiten,p0,7.9870,52.5,0.70663
semiten,p0,7.9870,53.0,0.70944
semiten,p0,7.9870,53.5,0.71250
semiten,p0,7.9870,54.0,0.71586
semiten,p0,7.9870,54.5,0.71956
semiten,p0,7.9870,55.0,0.72360
semiten,p0,7.9870,55.5,0.72798
semiten,p0,7.9870,56.0,0.73267
semiten,p0,7.9870,56.5,0.73766
semiten,p0,7.9870,57.0,0.74295
semiten,p0,7.9870,57.5,0.74853
semiten,p0,7.9870,58.0,0.75438
semiten,p0,7.9870,58.5,0.76051
semiten,p0,7.9870,59.0,0.76687
semiten,p0,7.9870,59.5,0.77348
semiten,p0,7.9870,60.0,0.78038
semiten,p0,7.9870,60.5,0.78761
semiten,p0,7.9870,61.0,0.79518
semiten,p0,7.9870,61.5,0.80311
semiten,p0,7.9870,62.0,0.81138
semiten,p0,7.9870,62.5,0.81998
semiten,p0,7.9870,63.0,0.82883
semiten,p0,7.9870,63.5,0.83792
semiten,p0,7.9870,64.0,0.84719
semiten,p0,7.9870,64.5,0.85664
semiten,p0,7.9870,65.0,0.86622
semiten,p0,7.9870,65.5,0.87595
semiten,p0,7.9870,66.0,0.88587
semiten,p0,7.9870,66.5,0.89604
semiten,p0,7.9870,67.0,0.90645
semiten,p0,7.9870,67.5,0.91708
semiten,p0,7.9870,68.0,0.92789
semiten,p0,7.9870,68.5,0.93887
semiten,p0,7.9870,69.0,0.94998
semiten,p0,7.9870,69.5,0.96123
semiten,p0,7.9870,70.0,0.97261
semiten,p0,7.9870,70.5,0.98410
semiten,p0,7.9870,71.0,0.99570
semiten,p0,7.9870,71.5,1.00736
semiten,p0,7.9870,72.0,1.01904
semiten,p0,7.9870,72.5,1.03071
semiten,p0,7.9870,73.0,1.04237
semiten,p0,7.9870,73.5,1.05397
semiten,p0,7.9870,74.0,1.06548
semiten,p0,7.9870,74.5,1.07001
semiten,p0,7.9870,75.0,1.06979
semiten,p0,7.9870,75.5,1.07123
semiten,p0,7.9870,76.0,1.07445
semiten,p0,7.9870,76.5,1.07913
semiten,p0,7.9870,77.0,1.08467
semiten,p0,7.9870,77.5,1.09055
semiten,p0,7.9870,78.0,1.09642
semiten,p0,7.9870,78.5,1.10204
semiten,p0,7.9870,79.0,1.10725
semiten,p0,7.9870,79.5,1.11200
semiten,p0,7.9870,80.0,1.11629
semiten,p0,7.9870,80.5,1.12015
semiten,p0,7.9870,81.0,1.12359
semiten,p0,7.9870,81.5,1.12663
semiten,p0,7.9870,82.0,1.12929
semiten,p0,7.9870,82.5,1.13161
semiten,p0,7.9870,83.0,1.13365
semiten,p0,7.9870,83.5,1.13544
semiten,p0,7.9870,84.0,1.13698
semiten,p0,7.9870,84.5,1.13831
semiten,p0,7.9870,85.0,1.13943
semiten,p0,7.9870,85.5,1.14034
semiten,p0,7.9870,86.0,1.14103
semiten,p0,7.9870,86.5,1.14149
semiten,p0,7.9870,87.0,1.14169
semiten,p0,7.9870,87.5,1.14163
semiten,p0,7.9870,88.0,1.14131
semiten,p0,7.9870,88.5,1.14073
semiten,p0,7.9870,89.0,1.13990
semiten,p0,7.9870,89.5,1.13883
semiten,p0,7.9870,90.0,1.13755
semiten,p0,7.9870,90.5,1.13607
semiten,p0,7.9870,91.0,1.13441
semiten,p0,7.9870,91.5,1.13259
semiten,p0,7.9870,92.0,1.13062
semiten,p0,7.9870,92.5,1.12851
semiten,p0,7.9870,93.0,1.12629
semiten,p0,7.9870,93.5,1.12394
semiten,p0,7.9870,94.0,1.12149
semiten,p0,7.9870,94.5,1.11894
semiten,p0,7.9870,95.0,1.11628
semiten,p0,7.9870,95.5,1.11353
semiten,p0,7.9870,96.0,1.11070
semiten,p0,7.9870,96.5,1.10780
semiten,p0,7.9870,97.0,1.10484
semiten,p0,7.9870,97.5,1.10182
semiten,p0,7.9870,98.0,1.09874
semiten,p0,7.9870,98.5,1.09559
semiten,p0,7.9870,99.0,1.09236
semiten,p0,7.9870,99.5,1.08904
semiten,p0,7.9870,100.0,1.08562
bifemlh,p0,7.9870,0.0,0.97751
bifemlh,p0,7.9870,0.5,0.97191
bifemlh,p0,7.9870,1.0,0.96615
bifemlh,p0,7.9870,1.5,0.96021
bifemlh,p0,7.9870,2.0,0.95402
bifemlh,p0,7.9870,2.5,0.94746
bifemlh,p0,7.9870,3.0,0.94043
bifemlh,p0,7.9870,3.5,0.93289
bifemlh,p0,7.9870,4.0,0.92486
bifemlh,p0,7.9870,4.5,0.91640
bifemlh,p0,7.9870,5.0,0.90761
bifemlh,p0,7.9870,5.5,0.89857
bifemlh,p0,7.9870,6.0,0.88950
bifemlh,p0,7.9870,6.5,0.88059
bifemlh,p0,7.9870,7.0,0.87184
bifemlh,p0,7.9870,7.5,0.86326
bifemlh,p0,7.9870,8.0,0.85486
bifemlh,p0,7.9870,8.5,0.84664
bifemlh,p0,7.9870,9.0,0.83860
bifemlh,p0,7.9870,9.5,0.83074
bifemlh,p0,7.9870,10.0,0.82306
bifemlh,p0,7.9870,10.5,0.81556
bifemlh,p0,7.9870,11.0,0.80824
bifemlh,p0,7.9870,11.5,0.80111
bifemlh,p0,7.9870,12.0,0.79415
bifemlh,p0,7.9870,12.5,0.78737
bifemlh,p0,7.9870,13.0,0.78074
bifemlh,p0,7.9870,13.5,0.77424
bifemlh,p0,7.9870,14.0,0.76785
bifemlh,p0,7.9870,14.5,0.76155
bifemlh,p0,7.9870,15.0,0.75534
bifemlh,p0,7.9870,15.5,0.74923
bifemlh,p0,7.9870,16.0,0.74326
bifemlh,p0,7.9870,16.5,0.73751
bifemlh,p0,7.9870,17.0,0.73204
bifemlh,p0,7.9870,17.5,0.72688
bifemlh,p0,7.9870,18.0,0.72202
bifemlh,p0,7.9870,18.5,0.71741
bifemlh,p0,7.9870,19.0,0.71296
bifemlh,p0,7.9870,19.5,0.70860
bifemlh,p0,7.9870,20.0,0.70425
bifemlh,p0,7.9870,20.5,0.69984
bifemlh,p0,7.9870,21.0,0.69534
bifemlh,p0,7.9870,21.5,0.69069
bifemlh,p0,7.9870,22.0,0.68587
bifemlh,p0,7.9870,22.5,0.68084
bifemlh,p0,7.9870,23.0,0.67559
bifemlh,p0,7.9870,23.5,0.67009
bifemlh,p0,7.9870,24.0,0.66434
bifemlh,p0,7.9870,24.5,0.65834
bifemlh,p0,7.9870,25.0,0.65209
bifemlh,p0,7.9870,25.5,0.64558
bifemlh,p0,7.9870,26.0,0.63880
bifemlh,p0,7.9870,26.5,0.63174
bifemlh,p0,7.9870,27.0,0.62437
bifemlh,p0,7.9870,27.5,0.61670
bifemlh,p0,7.9870,28.0,0.60872
bifemlh,p0,7.9870,28.5,0.60044
bifemlh,p0,7.9870,29.0,0.59188
bifemlh,p0,7.9870,29.5,0.58311
bifemlh,p0,7.9870,30.0,0.57438
bifemlh,p0,7.9870,30.5,0.56585
bifemlh,p0,7.9870,31.0,0.55762
bifemlh,p0,7.9870,31.5,0.54968
bifemlh,p0,7.9870,32.0,0.54202
bifemlh,p0,7.9870,32.5,0.53462
bifemlh,p0,7.9870,33.0,0.52749
bifemlh,p0,7.9870,33.5,0.52060
bifemlh,p0,7.9870,34.0,0.51398
bifemlh,p0,7.9870,34.5,0.50763
bifemlh,p0,7.9870,35.0,0.50158
bifemlh,p0,7.9870,35.5,0.49583
bifemlh,p0,7.9870,36.0,0.49038
bifemlh,p0,7.9870,36.5,0.48521
bifemlh,p0,7.9870,37.0,0.48028
bifemlh,p0,7.9870,37.5,0.47561
bifemlh,p0,7.9870,38.0,0.47122
bifemlh,p0,7.9870,38.5,0.46713
bifemlh,p0,7.9870,39.0,0.46335
bifemlh,p0,7.9870,39.5,0.45995
bifemlh,p0,7.9870,40.0,0.45693
bifemlh,p0,7.9870,40.5,0.45434
bifemlh,p0,7.9870,41.0,0.45218
bifemlh,p0,7.9870,41.5,0.45047
bifemlh,p0,7.9870,42.0,0.44919
bifemlh,p0,7.9870,42.5,0.44835
bifemlh,p0,7.9870,43.0,0.44794
bifemlh,p0,7.9870,43.5,0.44796
bifemlh,p0,7.9870,44.0,0.44841
bifemlh,p0,7.9870,44.5,0.44928
bifemlh,p0,7.9870,45.0,0.45058
bifemlh,p0,7.9870,45.5,0.45233
bifemlh,p0,7.9870,46.0,0.45455
bifemlh,p0,7.9870,46.5,0.45725
bifemlh,p0,7.9870,47.0,0.46043
bifemlh,p0,7.9870,47.5,0.46407
bifemlh,p0,7.9870,48.0,0.46809
bifemlh,p0,7.9870,48.5,0.47246
bifemlh,p0,7.9870,49.0,0.47713
bifemlh,p0,7.9870,49.5,0.48210
bifemlh,p0,7.9870,50.0,0.48735
bifemlh,p0,7.9870,50.5,0.49287
bifemlh,p0,7.9870,51.0,0.49866
bifemlh,p0,7.9870,51.5,0.50468
bifemlh,p0,7.9870,52.0,0.51085
bifemlh,p0,7.9870,52.5,0.51712
bifemlh,p0,7.9870,53.0,0.52361
bifemlh,p0,7.9870,53.5,0.53046
bifemlh,p0,7.9870,54.0,0.53777
bifemlh,p0,7.9870,54.5,0.54556
bifemlh,p0,7.9870,55.0,0.55381
bifemlh,p0,7.9870,55.5,0.56246
bifemlh,p0,7.9870,56.0,0.57147
bifemlh,p0,7.9870,56.5,0.58078
bifemlh,p0,7.9870,57.0,0.59038
bifemlh,p0,7.9870,57.5,0.60026
bifemlh,p0,7.9870,58.0,0.61042
bifemlh,p0,7.9870,58.5,0.62088
bifemlh,p0,7.9870,59.0,0.63159
bifemlh,p0,7.9870,59.5,0.64256
bifemlh,p0,7.9870,60.0,0.65389
bifemlh,p0,7.9870,60.5,0.66563
bifemlh,p0,7.9870,61.0,0.67779
bifemlh,p0,7.9870,61.5,0.69037
bifemlh,p0,7.9870,62.0,0.70336
bifemlh,p0,7.9870,62.5,0.71668
bifemlh,p0,7.9870,63.0,0.73021
bifemlh,p0,7.9870,63.5,0.74384
bifemlh,p0,7.9870,64.0,0.75749
bifemlh,p0,7.9870,64.5,0.77111
bifemlh,p0,7.9870,65.0,0.78463
bifemlh,p0,7.9870,65.5,0.79807
bifemlh,p0,7.9870,66.0,0.81153
bifemlh,p0,7.9870,66.5,0.82508
bifemlh,p0,7.9870,67.0,0.83875
bifemlh,p0,7.9870,67.5,0.85253
bifemlh,p0,7.9870,68.0,0.86642
bifemlh,p0,7.9870,68.5,0.88042
bifemlh,p0,7.9870,69.0,0.89450
bifemlh,p0,7.9870,69.5,0.90868
bifemlh,p0,7.9870,70.0,0.92295
bifemlh,p0,7.9870,70.5,0.93796
bifemlh,p0,7.9870,71.0,0.93410
bifemlh,p0,7.9870,71.5,0.93044
bifemlh,p0,7.9870,72.0,0.92782
bifemlh,p0,7.9870,72.5,0.92631
bifemlh,p0,7.9870,73.0,0.92599
bifemlh,p0,7.9870,73.5,0.92704
bifemlh,p0,7.9870,74.0,0.92979
bifemlh,p0,7.9870,74.5,0.93448
bifemlh,p0,7.9870,75.0,0.94108
bifemlh,p0,7.9870,75.5,0.94917
bifemlh,p0,7.9870,76.0,0.95816
bifemlh,p0,7.9870,76.5,0.96749
bifemlh,p0,7.9870,77.0,0.97678
bifemlh,p0,7.9870,77.5,0.98574
bifemlh,p0,7.9870,78.0,0.99421
bifemlh,p0,7.9870,78.5,1.00204
bifemlh,p0,7.9870,79.0,1.00917
bifemlh,p0,7.9870,79.5,1.01554
bifemlh,p0,7.9870,80.0,1.02120
bifemlh,p0,7.9870,80.5,1.02622
bifemlh,p0,7.9870,81.0,1.03063
bifemlh,p0,7.9870,81.5,1.03450
bifemlh,p0,7.9870,82.0,1.03786
bifemlh,p0,7.9870,82.5,1.04078
bifemlh,p0,7.9870,83.0,1.04334
bifemlh,p0,7.9870,83.5,1.04557
bifemlh,p0,7.9870,84.0,1.04753
bifemlh,p0,7.9870,84.5,1.04923
bifemlh,p0,7.9870,85.0,1.05069
bifemlh,p0,7.9870,85.5,1.05193
bifemlh,p0,7.9870,86.0,1.05294
bifemlh,p0,7.9870,86.5,1.05371
bifemlh,p0,7.9870,87.0,1.05421
bifemlh,p0,7.9870,87.5,1.05444
bifemlh,p0,7.9870,88.0,1.05439
bifemlh,p0,7.9870,88.5,1.05405
bifemlh,p0,7.9870,89.0,1.05342
bifemlh,p0,7.9870,89.5,1.05251
bifemlh,p0,7.9870,90.0,1.05132
bifemlh,p0,7.9870,90.5,1.04986
bifemlh,p0,7.9870,91.0,1.04812
bifemlh,p0,7.9870,91.5,1.04613
bifemlh,p0,7.9870,92.0,1.04388
bifemlh,p0,7.9870,92.5,1.04139
bifemlh,p0,7.9870,93.0,1.03864
bifemlh,p0,7.9870,93.5,1.03566
bifemlh,p0,7.9870,94.0,1.03243
bifemlh,p0,7.9870,94.5,1.02896
bifemlh,p0,7.9870,95.0,1.02525
bifemlh,p0,7.9870,95.5,1.02131
bifemlh,p0,7.9870,96.0,1.01715
bifemlh,p0,7.9870,96.5,1.01278
bifemlh,p0,7.9870,97.0,1.00822
bifemlh,p0,7.9870,97.5,1.00349
bifemlh,p0,7.9870,98.0,0.99858
bifemlh,p0,7.9870,98.5,0.99353
bifemlh,p0,7.9870,99.0,0.98833
bifemlh,p0,7.9870,99.5,0.98299
bifemlh,p0,7.9870,100.0,0.97751
bifemsh,p0,7.9870,0.0,0.93952
bifemsh,p0,7.9870,0.5,0.94057
bifemsh,p0,7.9870,1.0,0.94152
bifemsh,p0,7.9870,1.5,0.94229
bifemsh,p0,7.9870,2.0,0.94277
bifemsh,p0,7.9870,2.5,0.94287
bifemsh,p0,7.9870,3.0,0.94261
bifemsh,p0,7.9870,3.5,0.94204
bifemsh,p0,7.9870,4.0,0.94134
bifemsh,p0,7.9870,4.5,0.94066
bifemsh,p0,7.9870,5.0,0.93990
bifemsh,p0,7.9870,5.5,0.93867
bifemsh,p0,7.9870,6.0,0.93735
bifemsh,p0,7.9870,6.5,0.93602
bifemsh,p0,7.9870,7.0,0.93469
bifemsh,p0,7.9870,7.5,0.93331
bifemsh,p0,7.9870,8.0,0.93186
bifemsh,p0,7.9870,8.5,0.93032
bifemsh,p0,7.9870,9.0,0.92871
bifemsh,p0,7.9870,9.5,0.92705
bifemsh,p0,7.9870,10.0,0.92535
bifemsh,p0,7.9870,10.5,0.92362
bifemsh,p0,7.9870,11.0,0.92186
bifemsh,p0,7.9870,11.5,0.92005
bifemsh,p0,7.9870,12.0,0.91817
bifemsh,p0,7.9870,12.5,0.91622
bifemsh,p0,7.9870,13.0,0.91420
bifemsh,p0,7.9870,13.5,0.91211
bifemsh,p0,7.9870,14.0,0.90996
bifemsh,p0,7.9870,14.5,0.90775
bifemsh,p0,7.9870,15.0,0.90550
bifemsh,p0,7.9870,15.5,0.90322
bifemsh,p0,7.9870,16.0,0.90091
bifemsh,p0,7.9870,16.5,0.89858
bifemsh,p0,7.9870,17.0,0.89621
bifemsh,p0,7.9870,17.5,0.89380
bifemsh,p0,7.9870,18.0,0.89135
bifemsh,p0,7.9870,18.5,0.88889
bifemsh,p0,7.9870,19.0,0.88639
bifemsh,p0,7.9870,19.5,0.88385
bifemsh,p0,7.9870,20.0,0.88123
bifemsh,p0,7.9870,20.5,0.87851
bifemsh,p0,7.9870,21.0,0.87566
bifemsh,p0,7.9870,21.5,0.87267
bifemsh,p0,7.9870,22.0,0.86953
bifemsh,p0,7.9870,22.5,0.86626
bifemsh,p0,7.9870,23.0,0.86285
bifemsh,p0,7.9870,23.5,0.85929
bifemsh,p0,7.9870,24.0,0.85558
bifemsh,p0,7.9870,24.5,0.85173
bifemsh,p0,7.9870,25.0,0.84772
bifemsh,p0,7.9870,25.5,0.84359
bifemsh,p0,7.9870,26.0,0.83935
bifemsh,p0,7.9870,26.5,0.83502
bifemsh,p0,7.9870,27.0,0.83064
bifemsh,p0,7.9870,27.5,0.82621
bifemsh,p0,7.9870,28.0,0.82175
bifemsh,p0,7.9870,28.5,0.81728
bifemsh,p0,7.9870,29.0,0.81280
bifemsh,p0,7.9870,29.5,0.80833
bifemsh,p0,7.9870,30.0,0.80384
bifemsh,p0,7.9870,30.5,0.79932
bifemsh,p0,7.9870,31.0,0.79476
bifemsh,p0,7.9870,31.5,0.79017
bifemsh,p0,7.9870,32.0,0.78555
bifemsh,p0,7.9870,32.5,0.78091
bifemsh,p0,7.9870,33.0,0.77625
bifemsh,p0,7.9870,33.5,0.77157
bifemsh,p0,7.9870,34.0,0.76689
bifemsh,p0,7.9870,34.5,0.76220
bifemsh,p0,7.9870,35.0,0.75751
bifemsh,p0,7.9870,35.5,0.75284
bifemsh,p0,7.9870,36.0,0.74817
bifemsh,p0,7.9870,36.5,0.74354
bifemsh,p0,7.9870,37.0,0.73893
bifemsh,p0,7.9870,37.5,0.73437
bifemsh,p0,7.9870,38.0,0.72984
bifemsh,p0,7.9870,38.5,0.72536
bifemsh,p0,7.9870,39.0,0.72091
bifemsh,p0,7.9870,39.5,0.71649
bifemsh,p0,7.9870,40.0,0.71209
bifemsh,p0,7.9870,40.5,0.70773
bifemsh,p0,7.9870,41.0,0.70339
bifemsh,p0,7.9870,41.5,0.69907
bifemsh,p0,7.9870,42.0,0.69478
bifemsh,p0,7.9870,42.5,0.69053
bifemsh,p0,7.9870,43.0,0.68631
bifemsh,p0,7.9870,43.5,0.68214
bifemsh,p0,7.9870,44.0,0.67801
bifemsh,p0,7.9870,44.5,0.67393
bifemsh,p0,7.9870,45.0,0.66990
bifemsh,p0,7.9870,45.5,0.66592
bifemsh,p0,7.9870,46.0,0.66200
bifemsh,p0,7.9870,46.5,0.65814
bifemsh,p0,7.9870,47.0,0.65434
bifemsh,p0,7.9870,47.5,0.65061
bifemsh,p0,7.9870,48.0,0.64696
bifemsh,p0,7.9870,48.5,0.64350
bifemsh,p0,7.9870,49.0,0.64020
bifemsh,p0,7.9870,49.5,0.63701
bifemsh,p0,7.9870,50.0,0.63390
bifemsh,p0,7.9870,50.5,0.63089
bifemsh,p0,7.9870,51.0,0.62796
bifemsh,p0,7.9870,51.5,0.62512
bifemsh,p0,7.9870,52.0,0.62237
bifemsh,p0,7.9870,52.5,0.61973
bifemsh,p0,7.9870,53.0,0.61719
bifemsh,p0,7.9870,53.5,0.61475
bifemsh,p0,7.9870,54.0,0.61243
bifemsh,p0,7.9870,54.5,0.61023
bifemsh,p0,7.9870,55.0,0.60818
bifemsh,p0,7.9870,55.5,0.60629
bifemsh,p0,7.9870,56.0,0.60459
bifemsh,p0,7.9870,56.5,0.60308
bifemsh,p0,7.9870,57.0,0.60178
bifemsh,p0,7.9870,57.5,0.60070
bifemsh,p0,7.9870,58.0,0.59984
bifemsh,p0,7.9870,58.5,0.59920
bifemsh,p0,7.9870,59.0,0.59878
bifemsh,p0,7.9870,59.5,0.59861
bifemsh,p0,7.9870,60.0,0.59866
bifemsh,p0,7.9870,60.5,0.59895
bifemsh,p0,7.9870,61.0,0.59946
bifemsh,p0,7.9870,61.5,0.60021
bifemsh,p0,7.9870,62.0,0.60119
bifemsh,p0,7.9870,62.5,0.60241
bifemsh,p0,7.9870,63.0,0.60386
bifemsh,p0,7.9870,63.5,0.60556
bifemsh,p0,7.9870,64.0,0.60751
bifemsh,p0,7.9870,64.5,0.60971
bifemsh,p0,7.9870,65.0,0.61218
bifemsh,p0,7.9870,65.5,0.61492
bifemsh,p0,7.9870,66.0,0.61795
bifemsh,p0,7.9870,66.5,0.62129
bifemsh,p0,7.9870,67.0,0.62494
bifemsh,p0,7.9870,67.5,0.62890
bifemsh,p0,7.9870,68.0,0.63317
bifemsh,p0,7.9870,68.5,0.63775
bifemsh,p0,7.9870,69.0,0.64264
bifemsh,p0,7.9870,69.5,0.64786
bifemsh,p0,7.9870,70.0,0.65341
bifemsh,p0,7.9870,70.5,0.65932
bifemsh,p0,7.9870,71.0,0.66560
bifemsh,p0,7.9870,71.5,0.67227
bifemsh,p0,7.9870,72.0,0.67933
bifemsh,p0,7.9870,72.5,0.68677
bifemsh,p0,7.9870,73.0,0.69458
bifemsh,p0,7.9870,73.5,0.70275
bifemsh,p0,7.9870,74.0,0.71127
bifemsh,p0,7.9870,74.5,0.72009
bifemsh,p0,7.9870,75.0,0.72917
bifemsh,p0,7.9870,75.5,0.73845
bifemsh,p0,7.9870,76.0,0.74785
bifemsh,p0,7.9870,76.5,0.75731
bifemsh,p0,7.9870,77.0,0.76676
bifemsh,p0,7.9870,77.5,0.77611
bifemsh,p0,7.9870,78.0,0.78532
bifemsh,p0,7.9870,78.5,0.79433
bifemsh,p0,7.9870,79.0,0.80311
bifemsh,p0,7.9870,79.5,0.81164
bifemsh,p0,7.9870,80.0,0.81993
bifemsh,p0,7.9870,80.5,0.82795
bifemsh,p0,7.9870,81.0,0.83570
bifemsh,p0,7.9870,81.5,0.84318
bifemsh,p0,7.9870,82.0,0.85037
bifemsh,p0,7.9870,82.5,0.85726
bifemsh,p0,7.9870,83.0,0.86384
bifemsh,p0,7.9870,83.5,0.87010
bifemsh,p0,7.9870,84.0,0.87404
bifemsh,p0,7.9870,84.5,0.87629
bifemsh,p0,7.9870,85.0,0.87911
bifemsh,p0,7.9870,85.5,0.88220
bifemsh,p0,7.9870,86.0,0.88540
bifemsh,p0,7.9870,86.5,0.88859
bifemsh,p0,7.9870,87.0,0.89170
bifemsh,p0,7.9870,87.5,0.89470
bifemsh,p0,7.9870,88.0,0.89756
bifemsh,p0,7.9870,88.5,0.90027
bifemsh,p0,7.9870,89.0,0.90285
bifemsh,p0,7.9870,89.5,0.90529
bifemsh,p0,7.9870,90.0,0.90761
bifemsh,p0,7.9870,90.5,0.90983
bifemsh,p0,7.9870,91.0,0.91195
bifemsh,p0,7.9870,91.5,0.91398
bifemsh,p0,7.9870,92.0,0.91593
bifemsh,p0,7.9870,92.5,0.91781
bifemsh,p0,7.9870,93.0,0.91962
bifemsh,p0,7.9870,93.5,0.92136
bifemsh,p0,7.9870,94.0,0.92303
bifemsh,p0,7.9870,94.5,0.92464
bifemsh,p0,7.9870,95.0,0.92619
bifemsh,p0,7.9870,95.5,0.92767
bifemsh,p0,7.9870,96.0,0.92910
bifemsh,p0,7.9870,96.5,0.93045
bifemsh,p0,7.9870,97.0,0.93174
bifemsh,p0,7.9870,97.5,0.93314
bifemsh,p0,7.9870,98.0,0.93458
bifemsh,p0,7.9870,98.5,0.93594
bifemsh,p0,7.9870,99.0,0.93721
bifemsh,p0,7.9870,99.5,0.93840
bifemsh,p0,7.9870,100.0,0.93952
semimem,m2,9.9870,0.0,0.96372
semimem,m2,9.9870,0.5,0.95878
semimem,m2,9.9870,1.0,0.95359
semimem,m2,9.9870,1.5,0.94811
semimem,m2,9.9870,2.0,0.94227
semimem,m2,9.9870,2.5,0.93597
semimem,m2,9.9870,3.0,0.92912
semimem,m2,9.9870,3.5,0.92163
semimem,m2,9.9870,4.0,0.91352
semimem,m2,9.9870,4.5,0.90483
semimem,m2,9.9870,5.0,0.89562
semimem,m2,9.9870,5.5,0.88599
semimem,m2,9.9870,6.0,0.87601
semimem,m2,9.9870,6.5,0.86576
semimem,m2,9.9870,7.0,0.85533
semimem,m2,9.9870,7.5,0.84476
semimem,m2,9.9870,8.0,0.83411
semimem,m2,9.9870,8.5,0.82342
semimem,m2,9.9870,9.0,0.81273
semimem,m2,9.9870,9.5,0.80213
semimem,m2,9.9870,10.0,0.79183
semimem,m2,9.9870,10.5,0.78183
semimem,m2,9.9870,11.0,0.77212
semimem,m2,9.9870,11.5,0.76271
semimem,m2,9.9870,12.0,0.75359
semimem,m2,9.9870,12.5,0.74473
semimem,m2,9.9870,13.0,0.73608
semimem,m2,9.9870,13.5,0.72763
semimem,m2,9.9870,14.0,0.71933
semimem,m2,9.9870,14.5,0.71119
semimem,m2,9.9870,15.0,0.70322
semimem,m2,9.9870,15.5,0.69544
semimem,m2,9.9870,16.0,0.68790
semimem,m2,9.9870,16.5,0.68067
semimem,m2,9.9870,17.0,0.67376
semimem,m2,9.9870,17.5,0.66721
semimem,m2,9.9870,18.0,0.66099
semimem,m2,9.9870,18.5,0.65505
semimem,m2,9.9870,19.0,0.64932
semimem,m2,9.9870,19.5,0.64373
semimem,m2,9.9870,20.0,0.63819
semimem,m2,9.9870,20.5,0.63264
semimem,m2,9.9870,21.0,0.62701
semimem,m2,9.9870,21.5,0.62122
semimem,m2,9.9870,22.0,0.61520
semimem,m2,9.9870,22.5,0.60887
semimem,m2,9.9870,23.0,0.60214
semimem,m2,9.9870,23.5,0.59495
semimem,m2,9.9870,24.0,0.58727
semimem,m2,9.9870,24.5,0.57909
semimem,m2,9.9870,25.0,0.57037
semimem,m2,9.9870,25.5,0.56109
semimem,m2,9.9870,26.0,0.55120
semimem,m2,9.9870,26.5,0.54071
semimem,m2,9.9870,27.0,0.52970
semimem,m2,9.9870,27.5,0.51826
semimem,m2,9.9870,28.0,0.50650
semimem,m2,9.9870,28.5,0.49431
semimem,m2,9.9870,29.0,0.48211
semimem,m2,9.9870,29.5,0.47020
semimem,m2,9.9870,30.0,0.45878
semimem,m2,9.9870,30.5,0.44790
semimem,m2,9.9870,31.0,0.43753
semimem,m2,9.9870,31.5,0.42762
semimem,m2,9.9870,32.0,0.41817
semimem,m2,9.9870,32.5,0.40921
semimem,m2,9.9870,33.0,0.40073
semimem,m2,9.9870,33.5,0.39269
semimem,m2,9.9870,34.0,0.38510
semimem,m2,9.9870,34.5,0.37795
semimem,m2,9.9870,35.0,0.37123
semimem,m2,9.9870,35.5,0.36495
semimem,m2,9.9870,36.0,0.35905
semimem,m2,9.9870,36.5,0.35354
semimem,m2,9.9870,37.0,0.34837
semimem,m2,9.9870,37.5,0.34352
semimem,m2,9.9870,38.0,0.33900
semimem,m2,9.9870,38.5,0.33481
semimem,m2,9.9870,39.0,0.33099
semimem,m2,9.9870,39.5,0.32753
semimem,m2,9.9870,40.0,0.32446
semimem,m2,9.9870,40.5,0.32176
semimem,m2,9.9870,41.0,0.31943
semimem,m2,9.9870,41.5,0.31746
semimem,m2,9.9870,42.0,0.31582
semimem,m2,9.9870,42.5,0.31452
semimem,m2,9.9870,43.0,0.31353
semimem,m2,9.9870,43.5,0.31286
semimem,m2,9.9870,44.0,0.31250
semimem,m2,9.9870,44.5,0.31245
semimem,m2,9.9870,45.0,0.31271
semimem,m2,9.9870,45.5,0.31330
semimem,m2,9.9870,46.0,0.31423
semimem,m2,9.9870,46.5,0.31550
semimem,m2,9.9870,47.0,0.31713
semimem,m2,9.9870,47.5,0.31912
semimem,m2,9.9870,48.0,0.32146
semimem,m2,9.9870,48.5,0.32412
semimem,m2,9.9870,49.0,0.32709
semimem,m2,9.9870,49.5,0.33036
semimem,m2,9.9870,50.0,0.33393
semimem,m2,9.9870,50.5,0.33780
semimem,m2,9.9870,51.0,0.34195
semimem,m2,9.9870,51.5,0.34640
semimem,m2,9.9870,52.0,0.35107
semimem,m2,9.9870,52.5,0.35594
semimem,m2,9.9870,53.0,0.36107
semimem,m2,9.9870,53.5,0.36660
semimem,m2,9.9870,54.0,0.37262
semimem,m2,9.9870,54.5,0.37915
semimem,m2,9.9870,55.0,0.38620
semimem,m2,9.9870,55.5,0.39378
semimem,m2,9.9870,56.0,0.40185
semimem,m2,9.9870,56.5,0.41039
semimem,m2,9.9870,57.0,0.41938
semimem,m2,9.9870,57.5,0.42880
semimem,m2,9.9870,58.0,0.43865
semimem,m2,9.9870,58.5,0.44892
semimem,m2,9.9870,59.0,0.45953
semimem,m2,9.9870,59.5,0.47043
semimem,m2,9.9870,60.0,0.48166
semimem,m2,9.9870,60.5,0.49331
semimem,m2,9.9870,61.0,0.50545
semimem,m2,9.9870,61.5,0.51811
semimem,m2,9.9870,62.0,0.53115
semimem,m2,9.9870,62.5,0.54434
semimem,m2,9.9870,63.0,0.55757
semimem,m2,9.9870,63.5,0.57087
semimem,m2,9.9870,64.0,0.58428
semimem,m2,9.9870,64.5,0.59784
semimem,m2,9.9870,65.0,0.61163
semimem,m2,9.9870,65.5,0.62576
semimem,m2,9.9870,66.0,0.64033
semimem,m2,9.9870,66.5,0.65543
semimem,m2,9.9870,67.0,0.67109
semimem,m2,9.9870,67.5,0.68734
semimem,m2,9.9870,68.0,0.70417
semimem,m2,9.9870,68.5,0.72159
semimem,m2,9.9870,69.0,0.73957
semimem,m2,9.9870,69.5,0.75807
semimem,m2,9.9870,70.0,0.77706
semimem,m2,9.9870,70.5,0.79650
semimem,m2,9.9870,71.0,0.81638
semimem,m2,9.9870,71.5,0.83662
semimem,m2,9.9870,72.0,0.85710
semimem,m2,9.9870,72.5,0.87777
semimem,m2,9.9870,73.0,0.89859
semimem,m2,9.9870,73.5,0.90837
semimem,m2,9.9870,74.0,0.90543
semimem,m2,9.9870,74.5,0.90288
semimem,m2,9.9870,75.0,0.90123
semimem,m2,9.9870,75.5,0.90064
semimem,m2,9.9870,76.0,0.90126
semimem,m2,9.9870,76.5,0.90329
semimem,m2,9.9870,77.0,0.90695
semimem,m2,9.9870,77.5,0.91223
semimem,m2,9.9870,78.0,0.91886
semimem,m2,9.9870,78.5,0.92633
semimem,m2,9.9870,79.0,0.93411
semimem,m2,9.9870,79.5,0.94182
semimem,m2,9.9870,80.0,0.94927
semimem,m2,9.9870,80.5,0.95637
semimem,m2,9.9870,81.0,0.96304
semimem,m2,9.9870,81.5,0.96926
semimem,m2,9.9870,82.0,0.97501
semimem,m2,9.9870,82.5,0.98031
semimem,m2,9.9870,83.0,0.98521
semimem,m2,9.9870,83.5,0.98973
semimem,m2,9.9870,84.0,0.99390
semimem,m2,9.9870,84.5,0.99774
semimem,m2,9.9870,85.0,1.00125
semimem,m2,9.9870,85.5,1.00444
semimem,m2,9.9870,86.0,1.00729
semimem,m2,9.9870,86.5,1.00980
semimem,m2,9.9870,87.0,1.01194
semimem,m2,9.9870,87.5,1.01370
semimem,m2,9.9870,88.0,1.01509
semimem,m2,9.9870,88.5,1.01609
semimem,m2,9.9870,89.0,1.01673
semimem,m2,9.9870,89.5,1.01703
semimem,m2,9.9870,90.0,1.01699
semimem,m2,9.9870,90.5,1.01665
semimem,m2,9.9870,91.0,1.01601
semimem,m2,9.9870,91.5,1.01509
semimem,m2,9.9870,92.0,1.01390
semimem,m2,9.9870,92.5,1.01246
semimem,m2,9.9870,93.0,1.01076
semimem,m2,9.9870,93.5,1.00882
semimem,m2,9.9870,94.0,1.00665
semimem,m2,9.9870,94.5,1.00424
semimem,m2,9.9870,95.0,1.00160
semimem,m2,9.9870,95.5,0.99873
semimem,m2,9.9870,96.0,0.99565
semimem,m2,9.9870,96.5,0.99236
semimem,m2,9.9870,97.0,0.98887
semimem,m2,9.9870,97.5,0.98518
semimem,m2,9.9870,98.0,0.98129
semimem,m2,9.9870,98.5,0.97721
semimem,m2,9.9870,99.0,0.97293
semimem,m2,9.9870,99.5,0.96844
semimem,m2,9.9870,100.0,0.96372
semiten,m2,9.9870,0.0,1.09759
semiten,m2,9.9870,0.5,1.09403
semiten,m2,9.9870,1.0,1.09033
semiten,m2,9.9870,1.5,1.08645
semiten,m2,9.9870,2.0,1.08232
semiten,m2,9.9870,2.5,1.07797
semiten,m2,9.9870,3.0,1.07329
semiten,m2,9.9870,3.5,1.06800
semiten,m2,9.9870,4.0,1.06220
semiten,m2,9.9870,4.5,1.05605
semiten,m2,9.9870,5.0,1.04970
semiten,m2,9.9870,5.5,1.04328
semiten,m2,9.9870,6.0,1.03687
semiten,m2,9.9870,6.5,1.03052
semiten,m2,9.9870,7.0,1.02428
semiten,m2,9.9870,7.5,1.01816
semiten,m2,9.9870,8.0,1.01235
semiten,m2,9.9870,8.5,1.00688
semiten,m2,9.9870,9.0,1.00169
semiten,m2,9.9870,9.5,0.99674
semiten,m2,9.9870,10.0,0.99196
semiten,m2,9.9870,10.5,0.98733
semiten,m2,9.9870,11.0,0.98285
semiten,m2,9.9870,11.5,0.97851
semiten,m2,9.9870,12.0,0.97430
semiten,m2,9.9870,12.5,0.97018
semiten,m2,9.9870,13.0,0.96609
semiten,m2,9.9870,13.5,0.96201
semiten,m2,9.9870,14.0,0.95792
semiten,m2,9.9870,14.5,0.95381
semiten,m2,9.9870,15.0,0.94970
semiten,m2,9.9870,15.5,0.94561
semiten,m2,9.9870,16.0,0.94160
semiten,m2,9.9870,16.5,0.93772
semiten,m2,9.9870,17.0,0.93398
semiten,m2,9.9870,17.5,0.93041
semiten,m2,9.9870,18.0,0.92697
semiten,m2,9.9870,18.5,0.92361
semiten,m2,9.9870,19.0,0.92028
semiten,m2,9.9870,19.5,0.91692
semiten,m2,9.9870,20.0,0.91346
semiten,m2,9.9870,20.5,0.90988
semiten,m2,9.9870,21.0,0.90615
semiten,m2,9.9870,21.5,0.90225
semiten,m2,9.9870,22.0,0.89815
semiten,m2,9.9870,22.5,0.89383
semiten,m2,9.9870,23.0,0.88929
semiten,m2,9.9870,23.5,0.88452
semiten,m2,9.9870,24.0,0.87953
semiten,m2,9.9870,24.5,0.87435
semiten,m2,9.9870,25.0,0.86900
semiten,m2,9.9870,25.5,0.86347
semiten,m2,9.9870,26.0,0.85777
semiten,m2,9.9870,26.5,0.85189
semiten,m2,9.9870,27.0,0.84586
semiten,m2,9.9870,27.5,0.83968
semiten,m2,9.9870,28.0,0.83339
semiten,m2,9.9870,28.5,0.82699
semiten,m2,9.9870,29.0,0.82051
semiten,m2,9.9870,29.5,0.81401
semiten,m2,9.9870,30.0,0.80760
semiten,m2,9.9870,30.5,0.80136
semiten,m2,9.9870,31.0,0.79531
semiten,m2,9.9870,31.5,0.78946
semiten,m2,9.9870,32.0,0.78378
semiten,m2,9.9870,32.5,0.77826
semiten,m2,9.9870,33.0,0.77290
semiten,m2,9.9870,33.5,0.76768
semiten,m2,9.9870,34.0,0.76259
semiten,m2,9.9870,34.5,0.75762
semiten,m2,9.9870,35.0,0.75278
semiten,m2,9.9870,35.5,0.74808
semiten,m2,9.9870,36.0,0.74352
semiten,m2,9.9870,36.5,0.73910
semiten,m2,9.9870,37.0,0.73481
semiten,m2,9.9870,37.5,0.73066
semiten,m2,9.9870,38.0,0.72665
semiten,m2,9.9870,38.5,0.72278
semiten,m2,9.9870,39.0,0.71909
semiten,m2,9.9870,39.5,0.71559
semiten,m2,9.9870,40.0,0.71231
semiten,m2,9.9870,40.5,0.70926
semiten,m2,9.9870,41.0,0.70645
semiten,m2,9.9870,41.5,0.70389
semiten,m2,9.9870,42.0,0.70157
semiten,m2,9.9870,42.5,0.69949
semiten,m2,9.9870,43.0,0.69766
semiten,m2,9.9870,43.5,0.69608
semiten,m2,9.9870,44.0,0.69475
semiten,m2,9.9870,44.5,0.69368
semiten,m2,9.9870,45.0,0.69287
semiten,m2,9.9870,45.5,0.69233
semiten,m2,9.9870,46.0,0.69208
semiten,m2,9.9870,46.5,0.69212
semiten,m2,9.9870,47.0,0.69245
semiten,m2,9.9870,47.5,0.69308
semiten,m2,9.9870,48.0,0.69398
semiten,m2,9.9870,48.5,0.69514
semiten,m2,9.9870,49.0,0.69654
semiten,m2,9.9870,49.5,0.69815
semiten,m2,9.9870,50.0,0.69998
semiten,m2,9.9870,50.5,0.70201
semiten,m2,9.9870,51.0,0.70423
semiten,m2,9.9870,51.5,0.70664
semiten,m2,9.9870,52.0,0.70920
semiten,m2,9.9870,52.5,0.71189
semiten,m2,9.9870,53.0,0.71474
semiten,m2,9.9870,53.5,0.71784
semiten,m2,9.9870,54.0,0.72125
semiten,m2,9.9870,54.5,0.72499
semiten,m2,9.9870,55.0,0.72908
semiten,m2,9.9870,55.5,0.73349
semiten,m2,9.9870,56.0,0.73823
semiten,m2,9.9870,56.5,0.74328
semiten,m2,9.9870,57.0,0.74863
semiten,m2,9.9870,57.5,0.75426
semiten,m2,9.9870,58.0,0.76017
semiten,m2,9.9870,58.5,0.76634
semiten,m2,9.9870,59.0,0.77275
semiten,m2,9.9870,59.5,0.77934
semiten,m2,9.9870,60.0,0.78617
semiten,m2,9.9870,60.5,0.79329
semiten,m2,9.9870,61.0,0.80077
semiten,m2,9.9870,61.5,0.80864
semiten,m2,9.9870,62.0,0.81686
semiten,m2,9.9870,62.5,0.82531
semiten,m2,9.9870,63.0,0.83395
semiten,m2,9.9870,63.5,0.84279
semiten,m2,9.9870,64.0,0.85186
semiten,m2,9.9870,64.5,0.86114
semiten,m2,9.9870,65.0,0.87064
semiten,m2,9.9870,65.5,0.88040
semiten,m2,9.9870,66.0,0.89043
semiten,m2,9.9870,66.5,0.90072
semiten,m2,9.9870,67.0,0.91127
semiten,m2,9.9870,67.5,0.92205
semiten,m2,9.9870,68.0,0.93304
semiten,m2,9.9870,68.5,0.94423
semiten,m2,9.9870,69.0,0.95561
semiten,m2,9.9870,69.5,0.96717
semiten,m2,9.9870,70.0,0.97889
semiten,m2,9.9870,70.5,0.99076
semiten,m2,9.9870,71.0,1.00276
semiten,m2,9.9870,71.5,1.01484
semiten,m2,9.9870,72.0,1.02692
semiten,m2,9.9870,72.5,1.03896
semiten,m2,9.9870,73.0,1.05094
semiten,m2,9.9870,73.5,1.06285
semiten,m2,9.9870,74.0,1.07468
semiten,m2,9.9870,74.5,1.07477
semiten,m2,9.9870,75.0,1.07551
semiten,m2,9.9870,75.5,1.07806
semiten,m2,9.9870,76.0,1.08237
semiten,m2,9.9870,76.5,1.08789
semiten,m2,9.9870,77.0,1.09401
semiten,m2,9.9870,77.5,1.10028
semiten,m2,9.9870,78.0,1.10641
semiten,m2,9.9870,78.5,1.11221
semiten,m2,9.9870,79.0,1.11755
semiten,m2,9.9870,79.5,1.12241
semiten,m2,9.9870,80.0,1.12681
semiten,m2,9.9870,80.5,1.13078
semiten,m2,9.9870,81.0,1.13434
semiten,m2,9.9870,81.5,1.13748
semiten,m2,9.9870,82.0,1.14021
semiten,m2,9.9870,82.5,1.14259
semiten,m2,9.9870,83.0,1.14468
semiten,m2,9.9870,83.5,1.14651
semiten,m2,9.9870,84.0,1.14809
semiten,m2,9.9870,84.5,1.14945
semiten,m2,9.9870,85.0,1.15061
semiten,m2,9.9870,85.5,1.15156
semiten,m2,9.9870,86.0,1.15230
semiten,m2,9.9870,86.5,1.15280
semiten,m2,9.9870,87.0,1.15306
semiten,m2,9.9870,87.5,1.15306
semiten,m2,9.9870,88.0,1.15279
semiten,m2,9.9870,88.5,1.15225
semiten,m2,9.9870,89.0,1.15147
semiten,m2,9.9870,89.5,1.15045
semiten,m2,9.9870,90.0,1.14921
semiten,m2,9.9870,90.5,1.14778
semiten,m2,9.9870,91.0,1.14617
semiten,m2,9.9870,91.5,1.14439
semiten,m2,9.9870,92.0,1.14246
semiten,m2,9.9870,92.5,1.14040
semiten,m2,9.9870,93.0,1.13821
semiten,m2,9.9870,93.5,1.13590
semiten,m2,9.9870,94.0,1.13347
semiten,m2,9.9870,94.5,1.13094
semiten,m2,9.9870,95.0,1.12831
semiten,m2,9.9870,95.5,1.12558
semiten,m2,9.9870,96.0,1.12277
semiten,m2,9.9870,96.5,1.11989
semiten,m2,9.9870,97.0,1.11693
semiten,m2,9.9870,97.5,1.11391
semiten,m2,9.9870,98.0,1.11082
semiten,m2,9.9870,98.5,1.10765
semiten,m2,9.9870,99.0,1.10440
semiten,m2,9.9870,99.5,1.10105
semiten,m2,9.9870,100.0,1.09759
bifemlh,m2,9.9870,0.0,0.99652
bifemlh,m2,9.9870,0.5,0.99086
bifemlh,m2,9.9870,1.0,0.98505
bifemlh,m2,9.9870,1.5,0.97904
bifemlh,m2,9.9870,2.0,0.97278
bifemlh,m2,9.9870,2.5,0.96615
bifemlh,m2,9.9870,3.0,0.95907
bifemlh,m2,9.9870,3.5,0.95149
bifemlh,m2,9.9870,4.0,0.94342
bifemlh,m2,9.9870,4.5,0.93494
bifemlh,m2,9.9870,5.0,0.92612
bifemlh,m2,9.9870,5.5,0.91706
bifemlh,m2,9.9870,6.0,0.90783
bifemlh,m2,9.9870,6.5,0.89866
bifemlh,m2,9.9870,7.0,0.88970
bifemlh,m2,9.9870,7.5,0.88097
bifemlh,m2,9.9870,8.0,0.87246
bifemlh,m2,9.9870,8.5,0.86416
bifemlh,m2,9.9870,9.0,0.85606
bifemlh,m2,9.9870,9.5,0.84814
bifemlh,m2,9.9870,10.0,0.84035
bifemlh,m2,9.9870,10.5,0.83269
bifemlh,m2,9.9870,11.0,0.82515
bifemlh,m2,9.9870,11.5,0.81775
bifemlh,m2,9.9870,12.0,0.81049
bifemlh,m2,9.9870,12.5,0.80336
bifemlh,m2,9.9870,13.0,0.79631
bifemlh,m2,9.9870,13.5,0.78933
bifemlh,m2,9.9870,14.0,0.78239
bifemlh,m2,9.9870,14.5,0.77552
bifemlh,m2,9.9870,15.0,0.76872
bifemlh,m2,9.9870,15.5,0.76205
bifemlh,m2,9.9870,16.0,0.75556
bifemlh,m2,9.9870,16.5,0.74931
bifemlh,m2,9.9870,17.0,0.74335
bifemlh,m2,9.9870,17.5,0.73769
bifemlh,m2,9.9870,18.0,0.73230
bifemlh,m2,9.9870,18.5,0.72716
bifemlh,m2,9.9870,19.0,0.72218
bifemlh,m2,9.9870,19.5,0.71732
bifemlh,m2,9.9870,20.0,0.71249
bifemlh,m2,9.9870,20.5,0.70766
bifemlh,m2,9.9870,21.0,0.70277
bifemlh,m2,9.9870,21.5,0.69778
bifemlh,m2,9.9870,22.0,0.69266
bifemlh,m2,9.9870,22.5,0.68734
bifemlh,m2,9.9870,23.0,0.68178
bifemlh,m2,9.9870,23.5,0.67597
bifemlh,m2,9.9870,24.0,0.66990
bifemlh,m2,9.9870,24.5,0.66359
bifemlh,m2,9.9870,25.0,0.65706
bifemlh,m2,9.9870,25.5,0.65028
bifemlh,m2,9.9870,26.0,0.64324
bifemlh,m2,9.9870,26.5,0.63591
bifemlh,m2,9.9870,27.0,0.62831
bifemlh,m2,9.9870,27.5,0.62043
bifemlh,m2,9.9870,28.0,0.61231
bifemlh,m2,9.9870,28.5,0.60396
bifemlh,m2,9.9870,29.0,0.59540
bifemlh,m2,9.9870,29.5,0.58676
bifemlh,m2,9.9870,30.0,0.57825
bifemlh,m2,9.9870,30.5,0.57002
bifemlh,m2,9.9870,31.0,0.56209
bifemlh,m2,9.9870,31.5,0.55442
bifemlh,m2,9.9870,32.0,0.54697
bifemlh,m2,9.9870,32.5,0.53979
bifemlh,m2,9.9870,33.0,0.53288
bifemlh,m2,9.9870,33.5,0.52624
bifemlh,m2,9.9870,34.0,0.51985
bifemlh,m2,9.9870,34.5,0.51373
bifemlh,m2,9.9870,35.0,0.50791
bifemlh,m2,9.9870,35.5,0.50238
bifemlh,m2,9.9870,36.0,0.49714
bifemlh,m2,9.9870,36.5,0.49217
bifemlh,m2,9.9870,37.0,0.48746
bifemlh,m2,9.9870,37.5,0.48299
bifemlh,m2,9.9870,38.0,0.47877
bifemlh,m2,9.9870,38.5,0.47485
bifemlh,m2,9.9870,39.0,0.47127
bifemlh,m2,9.9870,39.5,0.46807
bifemlh,m2,9.9870,40.0,0.46528
bifemlh,m2,9.9870,40.5,0.46294
bifemlh,m2,9.9870,41.0,0.46104
bifemlh,m2,9.9870,41.5,0.45958
bifemlh,m2,9.9870,42.0,0.45855
bifemlh,m2,9.9870,42.5,0.45796
bifemlh,m2,9.9870,43.0,0.45779
bifemlh,m2,9.9870,43.5,0.45806
bifemlh,m2,9.9870,44.0,0.45874
bifemlh,m2,9.9870,44.5,0.45985
bifemlh,m2,9.9870,45.0,0.46139
bifemlh,m2,9.9870,45.5,0.46338
bifemlh,m2,9.9870,46.0,0.46582
bifemlh,m2,9.9870,46.5,0.46870
bifemlh,m2,9.9870,47.0,0.47204
bifemlh,m2,9.9870,47.5,0.47581
bifemlh,m2,9.9870,48.0,0.47996
bifemlh,m2,9.9870,48.5,0.48444
bifemlh,m2,9.9870,49.0,0.48922
bifemlh,m2,9.9870,49.5,0.49427
bifemlh,m2,9.9870,50.0,0.49959
bifemlh,m2,9.9870,50.5,0.50517
bifemlh,m2,9.9870,51.0,0.51097
bifemlh,m2,9.9870,51.5,0.51700
bifemlh,m2,9.9870,52.0,0.52317
bifemlh,m2,9.9870,52.5,0.52946
bifemlh,m2,9.9870,53.0,0.53597
bifemlh,m2,9.9870,53.5,0.54282
bifemlh,m2,9.9870,54.0,0.55013
bifemlh,m2,9.9870,54.5,0.55789
bifemlh,m2,9.9870,55.0,0.56611
bifemlh,m2,9.9870,55.5,0.57473
bifemlh,m2,9.9870,56.0,0.58371
bifemlh,m2,9.9870,56.5,0.59302
bifemlh,m2,9.9870,57.0,0.60262
bifemlh,m2,9.9870,57.5,0.61250
bifemlh,m2,9.9870,58.0,0.62267
bifemlh,m2,9.9870,58.5,0.63313
bifemlh,m2,9.9870,59.0,0.64383
bifemlh,m2,9.9870,59.5,0.65472
bifemlh,m2,9.9870,60.0,0.66587
bifemlh,m2,9.9870,60.5,0.67737
bifemlh,m2,9.9870,61.0,0.68931
bifemlh,m2,9.9870,61.5,0.70173
bifemlh,m2,9.9870,62.0,0.71454
bifemlh,m2,9.9870,62.5,0.72753
bifemlh,m2,9.9870,63.0,0.74058
bifemlh,m2,9.9870,63.5,0.75370
bifemlh,m2,9.9870,64.0,0.76687
bifemlh,m2,9.9870,64.5,0.78008
bifemlh,m2,9.9870,65.0,0.79334
bifemlh,m2,9.9870,65.5,0.80669
bifemlh,m2,9.9870,66.0,0.82018
bifemlh,m2,9.9870,66.5,0.83382
bifemlh,m2,9.9870,67.0,0.84763
bifemlh,m2,9.9870,67.5,0.86159
bifemlh,m2,9.9870,68.0,0.87569
bifemlh,m2,9.9870,68.5,0.88996
bifemlh,m2,9.9870,69.0,0.90439
bifemlh,m2,9.9870,69.5,0.91895
bifemlh,m2,9.9870,70.0,0.93364
bifemlh,m2,9.9870,70.5,0.94846
bifemlh,m2,9.9870,71.0,0.95441
bifemlh,m2,9.9870,71.5,0.95060
bifemlh,m2,9.9870,72.0,0.94766
bifemlh,m2,9.9870,72.5,0.94580
bifemlh,m2,9.9870,73.0,0.94509
bifemlh,m2,9.9870,73.5,0.94570
bifemlh,m2,9.9870,74.0,0.94793
bifemlh,m2,9.9870,74.5,0.95211
bifemlh,m2,9.9870,75.0,0.95830
bifemlh,m2,9.9870,75.5,0.96614
bifemlh,m2,9.9870,76.0,0.97502
bifemlh,m2,9.9870,76.5,0.98433
bifemlh,m2,9.9870,77.0,0.99363
bifemlh,m2,9.9870,77.5,1.00262
bifemlh,m2,9.9870,78.0,1.01110
bifemlh,m2,9.9870,78.5,1.01894
bifemlh,m2,9.9870,79.0,1.02604
bifemlh,m2,9.9870,79.5,1.03239
bifemlh,m2,9.9870,80.0,1.03805
bifemlh,m2,9.9870,80.5,1.04308
bifemlh,m2,9.9870,81.0,1.04753
bifemlh,m2,9.9870,81.5,1.05145
bifemlh,m2,9.9870,82.0,1.05485
bifemlh,m2,9.9870,82.5,1.05783
bifemlh,m2,9.9870,83.0,1.06043
bifemlh,m2,9.9870,83.5,1.06271
bifemlh,m2,9.9870,84.0,1.06471
bifemlh,m2,9.9870,84.5,1.06646
bifemlh,m2,9.9870,85.0,1.06798
bifemlh,m2,9.9870,85.5,1.06928
bifemlh,m2,9.9870,86.0,1.07035
bifemlh,m2,9.9870,86.5,1.07119
bifemlh,m2,9.9870,87.0,1.07178
bifemlh,m2,9.9870,87.5,1.07209
bifemlh,m2,9.9870,88.0,1.07212
bifemlh,m2,9.9870,88.5,1.07186
bifemlh,m2,9.9870,89.0,1.07131
bifemlh,m2,9.9870,89.5,1.07048
bifemlh,m2,9.9870,90.0,1.06936
bifemlh,m2,9.9870,90.5,1.06797
bifemlh,m2,9.9870,91.0,1.06632
bifemlh,m2,9.9870,91.5,1.06441
bifemlh,m2,9.9870,92.0,1.06224
bifemlh,m2,9.9870,92.5,1.05982
bifemlh,m2,9.9870,93.0,1.05715
bifemlh,m2,9.9870,93.5,1.05424
bifemlh,m2,9.9870,94.0,1.05108
bifemlh,m2,9.9870,94.5,1.04768
bifemlh,m2,9.9870,95.0,1.04404
bifemlh,m2,9.9870,95.5,1.04017
bifemlh,m2,9.9870,96.0,1.03607
bifemlh,m2,9.9870,96.5,1.03176
bifemlh,m2,9.9870,97.0,1.02725
bifemlh,m2,9.9870,97.5,1.02254
bifemlh,m2,9.9870,98.0,1.01765
bifemlh,m2,9.9870,98.5,1.01260
bifemlh,m2,9.9870,99.0,1.00739
bifemlh,m2,9.9870,99.5,1.00203
bifemlh,m2,9.9870,100.0,0.99652
bifemsh,m2,9.9870,0.0,0.93933
bifemsh,m2,9.9870,0.5,0.94037
bifemsh,m2,9.9870,1.0,0.94133
bifemsh,m2,9.9870,1.5,0.94210
bifemsh,m2,9.9870,2.0,0.94258
bifemsh,m2,9.9870,2.5,0.94270
bifemsh,m2,9.9870,3.0,0.94244
bifemsh,m2,9.9870,3.5,0.94188
bifemsh,m2,9.9870,4.0,0.94117
bifemsh,m2,9.9870,4.5,0.94032
bifemsh,m2,9.9870,5.0,0.93907
bifemsh,m2,9.9870,5.5,0.93775
bifemsh,m2,9.9870,6.0,0.93647
bifemsh,m2,9.9870,6.5,0.93521
bifemsh,m2,9.9870,7.0,0.93394
bifemsh,m2,9.9870,7.5,0.93261
bifemsh,m2,9.9870,8.0,0.93118
bifemsh,m2,9.9870,8.5,0.92965
bifemsh,m2,9.9870,9.0,0.92804
bifemsh,m2,9.9870,9.5,0.92637
bifemsh,m2,9.9870,10.0,0.92466
bifemsh,m2,9.9870,10.5,0.92293
bifemsh,m2,9.9870,11.0,0.92117
bifemsh,m2,9.9870,11.5,0.91935
bifemsh,m2,9.9870,12.0,0.91746
bifemsh,m2,9.9870,12.5,0.91549
bifemsh,m2,9.9870,13.0,0.91345
bifemsh,m2,9.9870,13.5,0.91135
bifemsh,m2,9.9870,14.0,0.90919
bifemsh,m2,9.9870,14.5,0.90698
bifemsh,m2,9.9870,15.0,0.90472
bifemsh,m2,9.9870,15.5,0.90241
bifemsh,m2,9.9870,16.0,0.90007
bifemsh,m2,9.9870,16.5,0.89770
bifemsh,m2,9.9870,17.0,0.89530
bifemsh,m2,9.9870,17.5,0.89288
bifemsh,m2,9.9870,18.0,0.89043
bifemsh,m2,9.9870,18.5,0.88796
bifemsh,m2,9.9870,19.0,0.88544
bifemsh,m2,9.9870,19.5,0.88286
bifemsh,m2,9.9870,20.0,0.88019
bifemsh,m2,9.9870,20.5,0.87740
bifemsh,m2,9.9870,21.0,0.87446
bifemsh,m2,9.9870,21.5,0.87138
bifemsh,m2,9.9870,22.0,0.86814
bifemsh,m2,9.9870,22.5,0.86477
bifemsh,m2,9.9870,23.0,0.86126
bifemsh,m2,9.9870,23.5,0.85762
bifemsh,m2,9.9870,24.0,0.85384
bifemsh,m2,9.9870,24.5,0.84992
bifemsh,m2,9.9870,25.0,0.84588
bifemsh,m2,9.9870,25.5,0.84174
bifemsh,m2,9.9870,26.0,0.83751
bifemsh,m2,9.9870,26.5,0.83321
bifemsh,m2,9.9870,27.0,0.82887
bifemsh,m2,9.9870,27.5,0.82449
bifemsh,m2,9.9870,28.0,0.82008
bifemsh,m2,9.9870,28.5,0.81565
bifemsh,m2,9.9870,29.0,0.81121
bifemsh,m2,9.9870,29.5,0.80674
bifemsh,m2,9.9870,30.0,0.80225
bifemsh,m2,9.9870,30.5,0.79771
bifemsh,m2,9.9870,31.0,0.79315
bifemsh,m2,9.9870,31.5,0.78857
bifemsh,m2,9.9870,32.0,0.78398
bifemsh,m2,9.9870,32.5,0.77938
bifemsh,m2,9.9870,33.0,0.77477
bifemsh,m2,9.9870,33.5,0.77015
bifemsh,m2,9.9870,34.0,0.76552
bifemsh,m2,9.9870,34.5,0.76089
bifemsh,m2,9.9870,35.0,0.75626
bifemsh,m2,9.9870,35.5,0.75164
bifemsh,m2,9.9870,36.0,0.74704
bifemsh,m2,9.9870,36.5,0.74246
bifemsh,m2,9.9870,37.0,0.73791
bifemsh,m2,9.9870,37.5,0.73340
bifemsh,m2,9.9870,38.0,0.72892
bifemsh,m2,9.9870,38.5,0.72449
bifemsh,m2,9.9870,39.0,0.72008
bifemsh,m2,9.9870,39.5,0.71569
bifemsh,m2,9.9870,40.0,0.71134
bifemsh,m2,9.9870,40.5,0.70700
bifemsh,m2,9.9870,41.0,0.70268
bifemsh,m2,9.9870,41.5,0.69840
bifemsh,m2,9.9870,42.0,0.69414
bifemsh,m2,9.9870,42.5,0.68992
bifemsh,m2,9.9870,43.0,0.68574
bifemsh,m2,9.9870,43.5,0.68160
bifemsh,m2,9.9870,44.0,0.67751
bifemsh,m2,9.9870,44.5,0.67346
bifemsh,m2,9.9870,45.0,0.66947
bifemsh,m2,9.9870,45.5,0.66553
bifemsh,m2,9.9870,46.0,0.66165
bifemsh,m2,9.9870,46.5,0.65782
bifemsh,m2,9.9870,47.0,0.65406
bifemsh,m2,9.9870,47.5,0.65038
bifemsh,m2,9.9870,48.0,0.64687
bifemsh,m2,9.9870,48.5,0.64352
bifemsh,m2,9.9870,49.0,0.64028
bifemsh,m2,9.9870,49.5,0.63713
bifemsh,m2,9.9870,50.0,0.63407
bifemsh,m2,9.9870,50.5,0.63109
bifemsh,m2,9.9870,51.0,0.62820
bifemsh,m2,9.9870,51.5,0.62541
bifemsh,m2,9.9870,52.0,0.62272
bifemsh,m2,9.9870,52.5,0.62013
bifemsh,m2,9.9870,53.0,0.61763
bifemsh,m2,9.9870,53.5,0.61524
bifemsh,m2,9.9870,54.0,0.61297
bifemsh,m2,9.9870,54.5,0.61082
bifemsh,m2,9.9870,55.0,0.60881
bifemsh,m2,9.9870,55.5,0.60697
bifemsh,m2,9.9870,56.0,0.60530
bifemsh,m2,9.9870,56.5,0.60384
bifemsh,m2,9.9870,57.0,0.60258
bifemsh,m2,9.9870,57.5,0.60155
bifemsh,m2,9.9870,58.0,0.60073
bifemsh,m2,9.9870,58.5,0.60015
bifemsh,m2,9.9870,59.0,0.59981
bifemsh,m2,9.9870,59.5,0.59972
bifemsh,m2,9.9870,60.0,0.59987
bifemsh,m2,9.9870,60.5,0.60026
bifemsh,m2,9.9870,61.0,0.60088
bifemsh,m2,9.9870,61.5,0.60175
bifemsh,m2,9.9870,62.0,0.60286
bifemsh,m2,9.9870,62.5,0.60422
bifemsh,m2,9.9870,63.0,0.60583
bifemsh,m2,9.9870,63.5,0.60769
bifemsh,m2,9.9870,64.0,0.60981
bifemsh,m2,9.9870,64.5,0.61219
bifemsh,m2,9.9870,65.0,0.61483
bifemsh,m2,9.9870,65.5,0.61777
bifemsh,m2,9.9870,66.0,0.62099
bifemsh,m2,9.9870,66.5,0.62453
bifemsh,m2,9.9870,67.0,0.62838
bifemsh,m2,9.9870,67.5,0.63255
bifemsh,m2,9.9870,68.0,0.63703
bifemsh,m2,9.9870,68.5,0.64184
bifemsh,m2,9.9870,69.0,0.64697
bifemsh,m2,9.9870,69.5,0.65243
bifemsh,m2,9.9870,70.0,0.65823
bifemsh,m2,9.9870,70.5,0.66439
bifemsh,m2,9.9870,71.0,0.67093
bifemsh,m2,9.9870,71.5,0.67784
bifemsh,m2,9.9870,72.0,0.68514
bifemsh,m2,9.9870,72.5,0.69283
bifemsh,m2,9.9870,73.0,0.70090
bifemsh,m2,9.9870,73.5,0.70933
bifemsh,m2,9.9870,74.0,0.71809
bifemsh,m2,9.9870,74.5,0.72716
bifemsh,m2,9.9870,75.0,0.73646
bifemsh,m2,9.9870,75.5,0.74593
bifemsh,m2,9.9870,76.0,0.75550
bifemsh,m2,9.9870,76.5,0.76508
bifemsh,m2,9.9870,77.0,0.77459
bifemsh,m2,9.9870,77.5,0.78398
bifemsh,m2,9.9870,78.0,0.79318
bifemsh,m2,9.9870,78.5,0.80214
bifemsh,m2,9.9870,79.0,0.81083
bifemsh,m2,9.9870,79.5,0.81923
bifemsh,m2,9.9870,80.0,0.82735
bifemsh,m2,9.9870,80.5,0.83518
bifemsh,m2,9.9870,81.0,0.84272
bifemsh,m2,9.9870,81.5,0.84997
bifemsh,m2,9.9870,82.0,0.85692
bifemsh,m2,9.9870,82.5,0.86354
bifemsh,m2,9.9870,83.0,0.86985
bifemsh,m2,9.9870,83.5,0.87568
bifemsh,m2,9.9870,84.0,0.87770
bifemsh,m2,9.9870,84.5,0.88011
bifemsh,m2,9.9870,85.0,0.88293
bifemsh,m2,9.9870,85.5,0.88592
bifemsh,m2,9.9870,86.0,0.88894
bifemsh,m2,9.9870,86.5,0.89192
bifemsh,m2,9.9870,87.0,0.89479
bifemsh,m2,9.9870,87.5,0.89754
bifemsh,m2,9.9870,88.0,0.90015
bifemsh,m2,9.9870,88.5,0.90262
bifemsh,m2,9.9870,89.0,0.90497
bifemsh,m2,9.9870,89.5,0.90719
bifemsh,m2,9.9870,90.0,0.90930
bifemsh,m2,9.9870,90.5,0.91133
bifemsh,m2,9.9870,91.0,0.91327
bifemsh,m2,9.9870,91.5,0.91514
bifemsh,m2,9.9870,92.0,0.91694
bifemsh,m2,9.9870,92.5,0.91868
bifemsh,m2,9.9870,93.0,0.92036
bifemsh,m2,9.9870,93.5,0.92198
bifemsh,m2,9.9870,94.0,0.92355
bifemsh,m2,9.9870,94.5,0.92507
bifemsh,m2,9.9870,95.0,0.92654
bifemsh,m2,9.9870,95.5,0.92796
bifemsh,m2,9.9870,96.0,0.92932
bifemsh,m2,9.9870,96.5,0.93063
bifemsh,m2,9.9870,97.0,0.93187
bifemsh,m2,9.9870,97.5,0.93311
bifemsh,m2,9.9870,98.0,0.93447
bifemsh,m2,9.9870,98.5,0.93580
bifemsh,m2,9.9870,99.0,0.93705
bifemsh,m2,9.9870,99.5,0.93822
bifemsh,m2,9.9870,100.0,0.93933
semimem,m4,11.9870,0.0,0.98169
semimem,m4,11.9870,0.5,0.97703
semimem,m4,11.9870,1.0,0.97211
semimem,m4,11.9870,1.5,0.96691
semimem,m4,11.9870,2.0,0.96134
semimem,m4,11.9870,2.5,0.95531
semimem,m4,11.9870,3.0,0.94872
semimem,m4,11.9870,3.5,0.94151
semimem,m4,11.9870,4.0,0.93365
semimem,m4,11.9870,4.5,0.92520
semimem,m4,11.9870,5.0,0.91622
semimem,m4,11.9870,5.5,0.90680
semimem,m4,11.9870,6.0,0.89702
semimem,m4,11.9870,6.5,0.88695
semimem,m4,11.9870,7.0,0.87669
semimem,m4,11.9870,7.5,0.86628
semimem,m4,11.9870,8.0,0.85578
semimem,m4,11.9870,8.5,0.84523
semimem,m4,11.9870,9.0,0.83465
semimem,m4,11.9870,9.5,0.82406
semimem,m4,11.9870,10.0,0.81360
semimem,m4,11.9870,10.5,0.80337
semimem,m4,11.9870,11.0,0.79335
semimem,m4,11.9870,11.5,0.78355
semimem,m4,11.9870,12.0,0.77397
semimem,m4,11.9870,12.5,0.76460
semimem,m4,11.9870,13.0,0.75541
semimem,m4,11.9870,13.5,0.74637
semimem,m4,11.9870,14.0,0.73747
semimem,m4,11.9870,14.5,0.72873
semimem,m4,11.9870,15.0,0.72017
semimem,m4,11.9870,15.5,0.71182
semimem,m4,11.9870,16.0,0.70374
semimem,m4,11.9870,16.5,0.69597
semimem,m4,11.9870,17.0,0.68854
semimem,m4,11.9870,17.5,0.68147
semimem,m4,11.9870,18.0,0.67474
semimem,m4,11.9870,18.5,0.66831
semimem,m4,11.9870,19.0,0.66211
semimem,m4,11.9870,19.5,0.65609
semimem,m4,11.9870,20.0,0.65017
semimem,m4,11.9870,20.5,0.64427
semimem,m4,11.9870,21.0,0.63832
semimem,m4,11.9870,21.5,0.63228
semimem,m4,11.9870,22.0,0.62606
semimem,m4,11.9870,22.5,0.61959
semimem,m4,11.9870,23.0,0.61278
semimem,m4,11.9870,23.5,0.60557
semimem,m4,11.9870,24.0,0.59791
semimem,m4,11.9870,24.5,0.58983
semimem,m4,11.9870,25.0,0.58135
semimem,m4,11.9870,25.5,0.57245
semimem,m4,11.9870,26.0,0.56306
semimem,m4,11.9870,26.5,0.55312
semimem,m4,11.9870,27.0,0.54261
semimem,m4,11.9870,27.5,0.53159
semimem,m4,11.9870,28.0,0.52016
semimem,m4,11.9870,28.5,0.50841
semimem,m4,11.9870,29.0,0.49621
semimem,m4,11.9870,29.5,0.48396
semimem,m4,11.9870,30.0,0.47202
semimem,m4,11.9870,30.5,0.46059
semimem,m4,11.9870,31.0,0.44972
semimem,m4,11.9870,31.5,0.43937
semimem,m4,11.9870,32.0,0.42947
semimem,m4,11.9870,32.5,0.42003
semimem,m4,11.9870,33.0,0.41106
semimem,m4,11.9870,33.5,0.40260
semimem,m4,11.9870,34.0,0.39461
semimem,m4,11.9870,34.5,0.38709
semimem,m4,11.9870,35.0,0.38002
semimem,m4,11.9870,35.5,0.37341
semimem,m4,11.9870,36.0,0.36725
semimem,m4,11.9870,36.5,0.36152
semimem,m4,11.9870,37.0,0.35617
semimem,m4,11.9870,37.5,0.35119
semimem,m4,11.9870,38.0,0.34656
semimem,m4,11.9870,38.5,0.34227
semimem,m4,11.9870,39.0,0.33834
semimem,m4,11.9870,39.5,0.33477
semimem,m4,11.9870,40.0,0.33157
semimem,m4,11.9870,40.5,0.32875
semimem,m4,11.9870,41.0,0.32631
semimem,m4,11.9870,41.5,0.32424
semimem,m4,11.9870,42.0,0.32252
semimem,m4,11.9870,42.5,0.32113
semimem,m4,11.9870,43.0,0.32006
semimem,m4,11.9870,43.5,0.31930
semimem,m4,11.9870,44.0,0.31886
semimem,m4,11.9870,44.5,0.31873
semimem,m4,11.9870,45.0,0.31892
semimem,m4,11.9870,45.5,0.31943
semimem,m4,11.9870,46.0,0.32028
semimem,m4,11.9870,46.5,0.32148
semimem,m4,11.9870,47.0,0.32302
semimem,m4,11.9870,47.5,0.32492
semimem,m4,11.9870,48.0,0.32715
semimem,m4,11.9870,48.5,0.32970
semimem,m4,11.9870,49.0,0.33255
semimem,m4,11.9870,49.5,0.33570
semimem,m4,11.9870,50.0,0.33915
semimem,m4,11.9870,50.5,0.34290
semimem,m4,11.9870,51.0,0.34695
semimem,m4,11.9870,51.5,0.35129
semimem,m4,11.9870,52.0,0.35587
semimem,m4,11.9870,52.5,0.36064
semimem,m4,11.9870,53.0,0.36568
semimem,m4,11.9870,53.5,0.37112
semimem,m4,11.9870,54.0,0.37704
semimem,m4,11.9870,54.5,0.38349
semimem,m4,11.9870,55.0,0.39046
semimem,m4,11.9870,55.5,0.39795
semimem,m4,11.9870,56.0,0.40592
semimem,m4,11.9870,56.5,0.41437
semimem,m4,11.9870,57.0,0.42326
semimem,m4,11.9870,57.5,0.43257
semimem,m4,11.9870,58.0,0.44228
semimem,m4,11.9870,58.5,0.45237
semimem,m4,11.9870,59.0,0.46282
semimem,m4,11.9870,59.5,0.47349
semimem,m4,11.9870,60.0,0.48431
semimem,m4,11.9870,60.5,0.49538
semimem,m4,11.9870,61.0,0.50683
semimem,m4,11.9870,61.5,0.51877
semimem,m4,11.9870,62.0,0.53108
semimem,m4,11.9870,62.5,0.54353
semimem,m4,11.9870,63.0,0.55600
semimem,m4,11.9870,63.5,0.56853
semimem,m4,11.9870,64.0,0.58122
semimem,m4,11.9870,64.5,0.59414
semimem,m4,11.9870,65.0,0.60731
semimem,m4,11.9870,65.5,0.62081
semimem,m4,11.9870,66.0,0.63472
semimem,m4,11.9870,66.5,0.64910
semimem,m4,11.9870,67.0,0.66400
semimem,m4,11.9870,67.5,0.67943
semimem,m4,11.9870,68.0,0.69541
semimem,m4,11.9870,68.5,0.71196
semimem,m4,11.9870,69.0,0.72907
semimem,m4,11.9870,69.5,0.74673
semimem,m4,11.9870,70.0,0.76490
semimem,m4,11.9870,70.5,0.78356
semimem,m4,11.9870,71.0,0.80266
semimem,m4,11.9870,71.5,0.82217
semimem,m4,11.9870,72.0,0.84202
semimem,m4,11.9870,72.5,0.86211
semimem,m4,11.9870,73.0,0.88241
semimem,m4,11.9870,73.5,0.90290
semimem,m4,11.9870,74.0,0.92431
semimem,m4,11.9870,74.5,0.92198
semimem,m4,11.9870,75.0,0.91894
semimem,m4,11.9870,75.5,0.91667
semimem,m4,11.9870,76.0,0.91538
semimem,m4,11.9870,76.5,0.91519
semimem,m4,11.9870,77.0,0.91627
semimem,m4,11.9870,77.5,0.91879
semimem,m4,11.9870,78.0,0.92290
semimem,m4,11.9870,78.5,0.92850
semimem,m4,11.9870,79.0,0.93520
semimem,m4,11.9870,79.5,0.94253
semimem,m4,11.9870,80.0,0.95003
semimem,m4,11.9870,80.5,0.95745
semimem,m4,11.9870,81.0,0.96464
semimem,m4,11.9870,81.5,0.97148
semimem,m4,11.9870,82.0,0.97791
semimem,m4,11.9870,82.5,0.98387
semimem,m4,11.9870,83.0,0.98939
semimem,m4,11.9870,83.5,0.99449
semimem,m4,11.9870,84.0,0.99921
semimem,m4,11.9870,84.5,1.00357
semimem,m4,11.9870,85.0,1.00757
semimem,m4,11.9870,85.5,1.01124
semimem,m4,11.9870,86.0,1.01456
semimem,m4,11.9870,86.5,1.01754
semimem,m4,11.9870,87.0,1.02016
semimem,m4,11.9870,87.5,1.02240
semimem,m4,11.9870,88.0,1.02426
semimem,m4,11.9870,88.5,1.02574
semimem,m4,11.9870,89.0,1.02685
semimem,m4,11.9870,89.5,1.02759
semimem,m4,11.9870,90.0,1.02800
semimem,m4,11.9870,90.5,1.02807
semimem,m4,11.9870,91.0,1.02784
semimem,m4,11.9870,91.5,1.02731
semimem,m4,11.9870,92.0,1.02651
semimem,m4,11.9870,92.5,1.02545
semimem,m4,11.9870,93.0,1.02413
semimem,m4,11.9870,93.5,1.02255
semimem,m4,11.9870,94.0,1.02074
semimem,m4,11.9870,94.5,1.01868
semimem,m4,11.9870,95.0,1.01639
semimem,m4,11.9870,95.5,1.01388
semimem,m4,11.9870,96.0,1.01114
semimem,m4,11.9870,96.5,1.00819
semimem,m4,11.9870,97.0,1.00503
semimem,m4,11.9870,97.5,1.00166
semimem,m4,11.9870,98.0,0.99809
semimem,m4,11.9870,98.5,0.99432
semimem,m4,11.9870,99.0,0.99033
semimem,m4,11.9870,99.5,0.98613
semimem,m4,11.9870,100.0,0.98169
semiten,m4,11.9870,0.0,1.10878
semiten,m4,11.9870,0.5,1.10531
semiten,m4,11.9870,1.0,1.10171
semiten,m4,11.9870,1.5,1.09793
semiten,m4,11.9870,2.0,1.09389
semiten,m4,11.9870,2.5,1.08962
semiten,m4,11.9870,3.0,1.08490
semiten,m4,11.9870,3.5,1.07960
semiten,m4,11.9870,4.0,1.07382
semiten,m4,11.9870,4.5,1.06771
semiten,m4,11.9870,5.0,1.06140
semiten,m4,11.9870,5.5,1.05502
semiten,m4,11.9870,6.0,1.04865
semiten,m4,11.9870,6.5,1.04234
semiten,m4,11.9870,7.0,1.03613
semiten,m4,11.9870,7.5,1.03004
semiten,m4,11.9870,8.0,1.02413
semiten,m4,11.9870,8.5,1.01858
semiten,m4,11.9870,9.0,1.01333
semiten,m4,11.9870,9.5,1.00830
semiten,m4,11.9870,10.0,1.00342
semiten,m4,11.9870,10.5,0.99862
semiten,m4,11.9870,11.0,0.99390
semiten,m4,11.9870,11.5,0.98928
semiten,m4,11.9870,12.0,0.98476
semiten,m4,11.9870,12.5,0.98032
semiten,m4,11.9870,13.0,0.97592
semiten,m4,11.9870,13.5,0.97153
semiten,m4,11.9870,14.0,0.96716
semiten,m4,11.9870,14.5,0.96280
semiten,m4,11.9870,15.0,0.95847
semiten,m4,11.9870,15.5,0.95421
semiten,m4,11.9870,16.0,0.95004
semiten,m4,11.9870,16.5,0.94601
semiten,m4,11.9870,17.0,0.94214
semiten,m4,11.9870,17.5,0.93843
semiten,m4,11.9870,18.0,0.93485
semiten,m4,11.9870,18.5,0.93136
semiten,m4,11.9870,19.0,0.92790
semiten,m4,11.9870,19.5,0.92442
semiten,m4,11.9870,20.0,0.92087
semiten,m4,11.9870,20.5,0.91720
semiten,m4,11.9870,21.0,0.91338
semiten,m4,11.9870,21.5,0.90939
semiten,m4,11.9870,22.0,0.90522
semiten,m4,11.9870,22.5,0.90084
semiten,m4,11.9870,23.0,0.89623
semiten,m4,11.9870,23.5,0.89139
semiten,m4,11.9870,24.0,0.88633
semiten,m4,11.9870,24.5,0.88109
semiten,m4,11.9870,25.0,0.87570
semiten,m4,11.9870,25.5,0.87019
semiten,m4,11.9870,26.0,0.86454
semiten,m4,11.9870,26.5,0.85874
semiten,m4,11.9870,27.0,0.85278
semiten,m4,11.9870,27.5,0.84668
semiten,m4,11.9870,28.0,0.84045
semiten,m4,11.9870,28.5,0.83410
semiten,m4,11.9870,29.0,0.82765
semiten,m4,11.9870,29.5,0.82111
semiten,m4,11.9870,30.0,0.81454
semiten,m4,11.9870,30.5,0.80806
semiten,m4,11.9870,31.0,0.80176
semiten,m4,11.9870,31.5,0.79568
semiten,m4,11.9870,32.0,0.78979
semiten,m4,11.9870,32.5,0.78408
semiten,m4,11.9870,33.0,0.77853
semiten,m4,11.9870,33.5,0.77314
semiten,m4,11.9870,34.0,0.76791
semiten,m4,11.9870,34.5,0.76283
semiten,m4,11.9870,35.0,0.75789
semiten,m4,11.9870,35.5,0.75309
semiten,m4,11.9870,36.0,0.74845
semiten,m4,11.9870,36.5,0.74397
semiten,m4,11.9870,37.0,0.73966
semiten,m4,11.9870,37.5,0.73550
semiten,m4,11.9870,38.0,0.73150
semiten,m4,11.9870,38.5,0.72766
semiten,m4,11.9870,39.0,0.72400
semiten,m4,11.9870,39.5,0.72052
semiten,m4,11.9870,40.0,0.71725
semiten,m4,11.9870,40.5,0.71421
semiten,m4,11.9870,41.0,0.71140
semiten,m4,11.9870,41.5,0.70884
semiten,m4,11.9870,42.0,0.70653
semiten,m4,11.9870,42.5,0.70446
semiten,m4,11.9870,43.0,0.70263
semiten,m4,11.9870,43.5,0.70104
semiten,m4,11.9870,44.0,0.69968
semiten,m4,11.9870,44.5,0.69857
semiten,m4,11.9870,45.0,0.69772
semiten,m4,11.9870,45.5,0.69712
semiten,m4,11.9870,46.0,0.69681
semiten,m4,11.9870,46.5,0.69676
semiten,m4,11.9870,47.0,0.69700
semiten,m4,11.9870,47.5,0.69752
semiten,m4,11.9870,48.0,0.69830
semiten,m4,11.9870,48.5,0.69933
semiten,m4,11.9870,49.0,0.70058
semiten,m4,11.9870,49.5,0.70204
semiten,m4,11.9870,50.0,0.70372
semiten,m4,11.9870,50.5,0.70560
semiten,m4,11.9870,51.0,0.70768
semiten,m4,11.9870,51.5,0.70995
semiten,m4,11.9870,52.0,0.71239
semiten,m4,11.9870,52.5,0.71495
semiten,m4,11.9870,53.0,0.71768
semiten,m4,11.9870,53.5,0.72066
semiten,m4,11.9870,54.0,0.72394
semiten,m4,11.9870,54.5,0.72757
semiten,m4,11.9870,55.0,0.73154
semiten,m4,11.9870,55.5,0.73584
semiten,m4,11.9870,56.0,0.74046
semiten,m4,11.9870,56.5,0.74538
semiten,m4,11.9870,57.0,0.75061
semiten,m4,11.9870,57.5,0.75612
semiten,m4,11.9870,58.0,0.76188
semiten,m4,11.9870,58.5,0.76791
semiten,m4,11.9870,59.0,0.77416
semiten,m4,11.9870,59.5,0.78057
semiten,m4,11.9870,60.0,0.78709
semiten,m4,11.9870,60.5,0.79379
semiten,m4,11.9870,61.0,0.80078
semiten,m4,11.9870,61.5,0.80815
semiten,m4,11.9870,62.0,0.81586
semiten,m4,11.9870,62.5,0.82380
semiten,m4,11.9870,63.0,0.83191
semiten,m4,11.9870,63.5,0.84022
semiten,m4,11.9870,64.0,0.84879
semiten,m4,11.9870,64.5,0.85763
semiten,m4,11.9870,65.0,0.86673
semiten,m4,11.9870,65.5,0.87609
semiten,m4,11.9870,66.0,0.88573
semiten,m4,11.9870,66.5,0.89563
semiten,m4,11.9870,67.0,0.90578
semiten,m4,11.9870,67.5,0.91614
semiten,m4,11.9870,68.0,0.92671
semiten,m4,11.9870,68.5,0.93750
semiten,m4,11.9870,69.0,0.94849
semiten,m4,11.9870,69.5,0.95967
semiten,m4,11.9870,70.0,0.97103
semiten,m4,11.9870,70.5,0.98255
semiten,m4,11.9870,71.0,0.99422
semiten,m4,11.9870,71.5,1.00601
semiten,m4,11.9870,72.0,1.01786
semiten,m4,11.9870,72.5,1.02970
semiten,m4,11.9870,73.0,1.04152
semiten,m4,11.9870,73.5,1.05331
semiten,m4,11.9870,74.0,1.06508
semiten,m4,11.9870,74.5,1.07681
semiten,m4,11.9870,75.0,1.08158
semiten,m4,11.9870,75.5,1.08163
semiten,m4,11.9870,76.0,1.08342
semiten,m4,11.9870,76.5,1.08704
semiten,m4,11.9870,77.0,1.09209
semiten,m4,11.9870,77.5,1.09795
semiten,m4,11.9870,78.0,1.10411
semiten,m4,11.9870,78.5,1.11022
semiten,m4,11.9870,79.0,1.11606
semiten,m4,11.9870,79.5,1.12150
semiten,m4,11.9870,80.0,1.12648
semiten,m4,11.9870,80.5,1.13104
semiten,m4,11.9870,81.0,1.13518
semiten,m4,11.9870,81.5,1.13892
semiten,m4,11.9870,82.0,1.14224
semiten,m4,11.9870,82.5,1.14513
semiten,m4,11.9870,83.0,1.14766
semiten,m4,11.9870,83.5,1.14988
semiten,m4,11.9870,84.0,1.15183
semiten,m4,11.9870,84.5,1.15352
semiten,m4,11.9870,85.0,1.15499
semiten,m4,11.9870,85.5,1.15624
semiten,m4,11.9870,86.0,1.15728
semiten,m4,11.9870,86.5,1.15810
semiten,m4,11.9870,87.0,1.15868
semiten,m4,11.9870,87.5,1.15901
semiten,m4,11.9870,88.0,1.15907
semiten,m4,11.9870,88.5,1.15888
semiten,m4,11.9870,89.0,1.15843
semiten,m4,11.9870,89.5,1.15773
semiten,m4,11.9870,90.0,1.15680
semiten,m4,11.9870,90.5,1.15566
semiten,m4,11.9870,91.0,1.15432
semiten,m4,11.9870,91.5,1.15281
semiten,m4,11.9870,92.0,1.15113
semiten,m4,11.9870,92.5,1.14930
semiten,m4,11.9870,93.0,1.14733
semiten,m4,11.9870,93.5,1.14523
semiten,m4,11.9870,94.0,1.14301
semiten,m4,11.9870,94.5,1.14066
semiten,m4,11.9870,95.0,1.13821
semiten,m4,11.9870,95.5,1.13565
semiten,m4,11.9870,96.0,1.13300
semiten,m4,11.9870,96.5,1.13027
semiten,m4,11.9870,97.0,1.12745
semiten,m4,11.9870,97.5,1.12456
semiten,m4,11.9870,98.0,1.12158
semiten,m4,11.9870,98.5,1.11853
semiten,m4,11.9870,99.0,1.11538
semiten,m4,11.9870,99.5,1.11214
semiten,m4,11.9870,100.0,1.10878
bifemlh,m4,11.9870,0.0,1.01364
bifemlh,m4,11.9870,0.5,1.00824
bifemlh,m4,11.9870,1.0,1.00268
bifemlh,m4,11.9870,1.5,0.99691
bifemlh,m4,11.9870,2.0,0.99089
bifemlh,m4,11.9870,2.5,0.98451
bifemlh,m4,11.9870,3.0,0.97766
bifemlh,m4,11.9870,3.5,0.97031
bifemlh,m4,11.9870,4.0,0.96246
bifemlh,m4,11.9870,4.5,0.95419
bifemlh,m4,11.9870,5.0,0.94556
bifemlh,m4,11.9870,5.5,0.93668
bifemlh,m4,11.9870,6.0,0.92761
bifemlh,m4,11.9870,6.5,0.91843
bifemlh,m4,11.9870,7.0,0.90935
bifemlh,m4,11.9870,7.5,0.90054
bifemlh,m4,11.9870,8.0,0.89198
bifemlh,m4,11.9870,8.5,0.88366
bifemlh,m4,11.9870,9.0,0.87556
bifemlh,m4,11.9870,9.5,0.86763
bifemlh,m4,11.9870,10.0,0.85980
bifemlh,m4,11.9870,10.5,0.85200
bifemlh,m4,11.9870,11.0,0.84423
bifemlh,m4,11.9870,11.5,0.83650
bifemlh,m4,11.9870,12.0,0.82885
bifemlh,m4,11.9870,12.5,0.82128
bifemlh,m4,11.9870,13.0,0.81376
bifemlh,m4,11.9870,13.5,0.80629
bifemlh,m4,11.9870,14.0,0.79886
bifemlh,m4,11.9870,14.5,0.79151
bifemlh,m4,11.9870,15.0,0.78428
bifemlh,m4,11.9870,15.5,0.77721
bifemlh,m4,11.9870,16.0,0.77034
bifemlh,m4,11.9870,16.5,0.76374
bifemlh,m4,11.9870,17.0,0.75743
bifemlh,m4,11.9870,17.5,0.75142
bifemlh,m4,11.9870,18.0,0.74570
bifemlh,m4,11.9870,18.5,0.74022
bifemlh,m4,11.9870,19.0,0.73493
bifemlh,m4,11.9870,19.5,0.72975
bifemlh,m4,11.9870,20.0,0.72465
bifemlh,m4,11.9870,20.5,0.71955
bifemlh,m4,11.9870,21.0,0.71441
bifemlh,m4,11.9870,21.5,0.70920
bifemlh,m4,11.9870,22.0,0.70387
bifemlh,m4,11.9870,22.5,0.69837
bifemlh,m4,11.9870,23.0,0.69266
bifemlh,m4,11.9870,23.5,0.68669
bifemlh,m4,11.9870,24.0,0.68048
bifemlh,m4,11.9870,24.5,0.67406
bifemlh,m4,11.9870,25.0,0.66746
bifemlh,m4,11.9870,25.5,0.66072
bifemlh,m4,11.9870,26.0,0.65380
bifemlh,m4,11.9870,26.5,0.64666
bifemlh,m4,11.9870,27.0,0.63928
bifemlh,m4,11.9870,27.5,0.63164
bifemlh,m4,11.9870,28.0,0.62374
bifemlh,m4,11.9870,28.5,0.61562
bifemlh,m4,11.9870,29.0,0.60727
bifemlh,m4,11.9870,29.5,0.59869
bifemlh,m4,11.9870,30.0,0.59001
bifemlh,m4,11.9870,30.5,0.58148
bifemlh,m4,11.9870,31.0,0.57325
bifemlh,m4,11.9870,31.5,0.56535
bifemlh,m4,11.9870,32.0,0.55772
bifemlh,m4,11.9870,32.5,0.55030
bifemlh,m4,11.9870,33.0,0.54314
bifemlh,m4,11.9870,33.5,0.53628
bifemlh,m4,11.9870,34.0,0.52970
bifemlh,m4,11.9870,34.5,0.52341
bifemlh,m4,11.9870,35.0,0.51742
bifemlh,m4,11.9870,35.5,0.51173
bifemlh,m4,11.9870,36.0,0.50637
bifemlh,m4,11.9870,36.5,0.50133
bifemlh,m4,11.9870,37.0,0.49659
bifemlh,m4,11.9870,37.5,0.49213
bifemlh,m4,11.9870,38.0,0.48793
bifemlh,m4,11.9870,38.5,0.48403
bifemlh,m4,11.9870,39.0,0.48044
bifemlh,m4,11.9870,39.5,0.47721
bifemlh,m4,11.9870,40.0,0.47436
bifemlh,m4,11.9870,40.5,0.47193
bifemlh,m4,11.9870,41.0,0.46994
bifemlh,m4,11.9870,41.5,0.46840
bifemlh,m4,11.9870,42.0,0.46729
bifemlh,m4,11.9870,42.5,0.46660
bifemlh,m4,11.9870,43.0,0.46632
bifemlh,m4,11.9870,43.5,0.46645
bifemlh,m4,11.9870,44.0,0.46698
bifemlh,m4,11.9870,44.5,0.46792
bifemlh,m4,11.9870,45.0,0.46928
bifemlh,m4,11.9870,45.5,0.47106
bifemlh,m4,11.9870,46.0,0.47328
bifemlh,m4,11.9870,46.5,0.47593
bifemlh,m4,11.9870,47.0,0.47900
bifemlh,m4,11.9870,47.5,0.48248
bifemlh,m4,11.9870,48.0,0.48633
bifemlh,m4,11.9870,48.5,0.49050
bifemlh,m4,11.9870,49.0,0.49494
bifemlh,m4,11.9870,49.5,0.49966
bifemlh,m4,11.9870,50.0,0.50465
bifemlh,m4,11.9870,50.5,0.50990
bifemlh,m4,11.9870,51.0,0.51541
bifemlh,m4,11.9870,51.5,0.52114
bifemlh,m4,11.9870,52.0,0.52705
bifemlh,m4,11.9870,52.5,0.53308
bifemlh,m4,11.9870,53.0,0.53934
bifemlh,m4,11.9870,53.5,0.54596
bifemlh,m4,11.9870,54.0,0.55303
bifemlh,m4,11.9870,54.5,0.56058
bifemlh,m4,11.9870,55.0,0.56860
bifemlh,m4,11.9870,55.5,0.57702
bifemlh,m4,11.9870,56.0,0.58582
bifemlh,m4,11.9870,56.5,0.59495
bifemlh,m4,11.9870,57.0,0.60438
bifemlh,m4,11.9870,57.5,0.61410
bifemlh,m4,11.9870,58.0,0.62409
bifemlh,m4,11.9870,58.5,0.63435
bifemlh,m4,11.9870,59.0,0.64487
bifemlh,m4,11.9870,59.5,0.65557
bifemlh,m4,11.9870,60.0,0.66639
bifemlh,m4,11.9870,60.5,0.67743
bifemlh,m4,11.9870,61.0,0.68882
bifemlh,m4,11.9870,61.5,0.70067
bifemlh,m4,11.9870,62.0,0.71289
bifemlh,m4,11.9870,62.5,0.72528
bifemlh,m4,11.9870,63.0,0.73771
bifemlh,m4,11.9870,63.5,0.75017
bifemlh,m4,11.9870,64.0,0.76275
bifemlh,m4,11.9870,64.5,0.77546
bifemlh,m4,11.9870,65.0,0.78827
bifemlh,m4,11.9870,65.5,0.80118
bifemlh,m4,11.9870,66.0,0.81423
bifemlh,m4,11.9870,66.5,0.82743
bifemlh,m4,11.9870,67.0,0.84076
bifemlh,m4,11.9870,67.5,0.85423
bifemlh,m4,11.9870,68.0,0.86784
bifemlh,m4,11.9870,68.5,0.88161
bifemlh,m4,11.9870,69.0,0.89554
bifemlh,m4,11.9870,69.5,0.90964
bifemlh,m4,11.9870,70.0,0.92388
bifemlh,m4,11.9870,70.5,0.93827
bifemlh,m4,11.9870,71.0,0.95278
bifemlh,m4,11.9870,71.5,0.95855
bifemlh,m4,11.9870,72.0,0.95462
bifemlh,m4,11.9870,72.5,0.95155
bifemlh,m4,11.9870,73.0,0.94956
bifemlh,m4,11.9870,73.5,0.94870
bifemlh,m4,11.9870,74.0,0.94912
bifemlh,m4,11.9870,74.5,0.95112
bifemlh,m4,11.9870,75.0,0.95505
bifemlh,m4,11.9870,75.5,0.96107
bifemlh,m4,11.9870,76.0,0.96885
bifemlh,m4,11.9870,76.5,0.97778
bifemlh,m4,11.9870,77.0,0.98723
bifemlh,m4,11.9870,77.5,0.99673
bifemlh,m4,11.9870,78.0,1.00596
bifemlh,m4,11.9870,78.5,1.01472
bifemlh,m4,11.9870,79.0,1.02286
bifemlh,m4,11.9870,79.5,1.03028
bifemlh,m4,11.9870,80.0,1.03697
bifemlh,m4,11.9870,80.5,1.04297
bifemlh,m4,11.9870,81.0,1.04834
bifemlh,m4,11.9870,81.5,1.05313
bifemlh,m4,11.9870,82.0,1.05736
bifemlh,m4,11.9870,82.5,1.06106
bifemlh,m4,11.9870,83.0,1.06430
bifemlh,m4,11.9870,83.5,1.06715
bifemlh,m4,11.9870,84.0,1.06965
bifemlh,m4,11.9870,84.5,1.07185
bifemlh,m4,11.9870,85.0,1.07379
bifemlh,m4,11.9870,85.5,1.07547
bifemlh,m4,11.9870,86.0,1.07693
bifemlh,m4,11.9870,86.5,1.07814
bifemlh,m4,11.9870,87.0,1.07912
bifemlh,m4,11.9870,87.5,1.07983
bifemlh,m4,11.9870,88.0,1.08026
bifemlh,m4,11.9870,88.5,1.08042
bifemlh,m4,11.9870,89.0,1.08028
bifemlh,m4,11.9870,89.5,1.07987
bifemlh,m4,11.9870,90.0,1.07917
bifemlh,m4,11.9870,90.5,1.07819
bifemlh,m4,11.9870,91.0,1.07695
bifemlh,m4,11.9870,91.5,1.07544
bifemlh,m4,11.9870,92.0,1.07368
bifemlh,m4,11.9870,92.5,1.07167
bifemlh,m4,11.9870,93.0,1.06940
bifemlh,m4,11.9870,93.5,1.06689
bifemlh,m4,11.9870,94.0,1.06413
bifemlh,m4,11.9870,94.5,1.06112
bifemlh,m4,11.9870,95.0,1.05787
bifemlh,m4,11.9870,95.5,1.05438
bifemlh,m4,11.9870,96.0,1.05066
bifemlh,m4,11.9870,96.5,1.04672
bifemlh,m4,11.9870,97.0,1.04256
bifemlh,m4,11.9870,97.5,1.03819
bifemlh,m4,11.9870,98.0,1.03363
bifemlh,m4,11.9870,98.5,1.02889
bifemlh,m4,11.9870,99.0,1.02397
bifemlh,m4,11.9870,99.5,1.01889
bifemlh,m4,11.9870,100.0,1.01364
bifemsh,m4,11.9870,0.0,0.93919
bifemsh,m4,11.9870,0.5,0.94018
bifemsh,m4,11.9870,1.0,0.94107
bifemsh,m4,11.9870,1.5,0.94178
bifemsh,m4,11.9870,2.0,0.94220
bifemsh,m4,11.9870,2.5,0.94225
bifemsh,m4,11.9870,3.0,0.94192
bifemsh,m4,11.9870,3.5,0.94128
bifemsh,m4,11.9870,4.0,0.94048
bifemsh,m4,11.9870,4.5,0.93969
bifemsh,m4,11.9870,5.0,0.93883
bifemsh,m4,11.9870,5.5,0.93754
bifemsh,m4,11.9870,6.0,0.93615
bifemsh,m4,11.9870,6.5,0.93475
bifemsh,m4,11.9870,7.0,0.93335
bifemsh,m4,11.9870,7.5,0.93189
bifemsh,m4,11.9870,8.0,0.93035
bifemsh,m4,11.9870,8.5,0.92872
bifemsh,m4,11.9870,9.0,0.92701
bifemsh,m4,11.9870,9.5,0.92525
bifemsh,m4,11.9870,10.0,0.92350
bifemsh,m4,11.9870,10.5,0.92178
bifemsh,m4,11.9870,11.0,0.92007
bifemsh,m4,11.9870,11.5,0.91834
bifemsh,m4,11.9870,12.0,0.91656
bifemsh,m4,11.9870,12.5,0.91472
bifemsh,m4,11.9870,13.0,0.91283
bifemsh,m4,11.9870,13.5,0.91087
bifemsh,m4,11.9870,14.0,0.90886
bifemsh,m4,11.9870,14.5,0.90680
bifemsh,m4,11.9870,15.0,0.90468
bifemsh,m4,11.9870,15.5,0.90251
bifemsh,m4,11.9870,16.0,0.90031
bifemsh,m4,11.9870,16.5,0.89807
bifemsh,m4,11.9870,17.0,0.89580
bifemsh,m4,11.9870,17.5,0.89351
bifemsh,m4,11.9870,18.0,0.89120
bifemsh,m4,11.9870,18.5,0.88885
bifemsh,m4,11.9870,19.0,0.88645
bifemsh,m4,11.9870,19.5,0.88398
bifemsh,m4,11.9870,20.0,0.88140
bifemsh,m4,11.9870,20.5,0.87869
bifemsh,m4,11.9870,21.0,0.87583
bifemsh,m4,11.9870,21.5,0.87279
bifemsh,m4,11.9870,22.0,0.86960
bifemsh,m4,11.9870,22.5,0.86624
bifemsh,m4,11.9870,23.0,0.86274
bifemsh,m4,11.9870,23.5,0.85910
bifemsh,m4,11.9870,24.0,0.85531
bifemsh,m4,11.9870,24.5,0.85137
bifemsh,m4,11.9870,25.0,0.84729
bifemsh,m4,11.9870,25.5,0.84308
bifemsh,m4,11.9870,26.0,0.83878
bifemsh,m4,11.9870,26.5,0.83440
bifemsh,m4,11.9870,27.0,0.82997
bifemsh,m4,11.9870,27.5,0.82552
bifemsh,m4,11.9870,28.0,0.82104
bifemsh,m4,11.9870,28.5,0.81654
bifemsh,m4,11.9870,29.0,0.81204
bifemsh,m4,11.9870,29.5,0.80754
bifemsh,m4,11.9870,30.0,0.80302
bifemsh,m4,11.9870,30.5,0.79848
bifemsh,m4,11.9870,31.0,0.79391
bifemsh,m4,11.9870,31.5,0.78930
bifemsh,m4,11.9870,32.0,0.78467
bifemsh,m4,11.9870,32.5,0.78003
bifemsh,m4,11.9870,33.0,0.77539
bifemsh,m4,11.9870,33.5,0.77073
bifemsh,m4,11.9870,34.0,0.76607
bifemsh,m4,11.9870,34.5,0.76141
bifemsh,m4,11.9870,35.0,0.75674
bifemsh,m4,11.9870,35.5,0.75208
bifemsh,m4,11.9870,36.0,0.74744
bifemsh,m4,11.9870,36.5,0.74281
bifemsh,m4,11.9870,37.0,0.73821
bifemsh,m4,11.9870,37.5,0.73365
bifemsh,m4,11.9870,38.0,0.72913
bifemsh,m4,11.9870,38.5,0.72466
bifemsh,m4,11.9870,39.0,0.72023
bifemsh,m4,11.9870,39.5,0.71584
bifemsh,m4,11.9870,40.0,0.71149
bifemsh,m4,11.9870,40.5,0.70715
bifemsh,m4,11.9870,41.0,0.70285
bifemsh,m4,11.9870,41.5,0.69857
bifemsh,m4,11.9870,42.0,0.69432
bifemsh,m4,11.9870,42.5,0.69010
bifemsh,m4,11.9870,43.0,0.68592
bifemsh,m4,11.9870,43.5,0.68178
bifemsh,m4,11.9870,44.0,0.67768
bifemsh,m4,11.9870,44.5,0.67364
bifemsh,m4,11.9870,45.0,0.66964
bifemsh,m4,11.9870,45.5,0.66569
bifemsh,m4,11.9870,46.0,0.66180
bifemsh,m4,11.9870,46.5,0.65797
bifemsh,m4,11.9870,47.0,0.65420
bifemsh,m4,11.9870,47.5,0.65049
bifemsh,m4,11.9870,48.0,0.64687
bifemsh,m4,11.9870,48.5,0.64342
bifemsh,m4,11.9870,49.0,0.64014
bifemsh,m4,11.9870,49.5,0.63697
bifemsh,m4,11.9870,50.0,0.63388
bifemsh,m4,11.9870,50.5,0.63089
bifemsh,m4,11.9870,51.0,0.62798
bifemsh,m4,11.9870,51.5,0.62516
bifemsh,m4,11.9870,52.0,0.62244
bifemsh,m4,11.9870,52.5,0.61982
bifemsh,m4,11.9870,53.0,0.61729
bifemsh,m4,11.9870,53.5,0.61487
bifemsh,m4,11.9870,54.0,0.61255
bifemsh,m4,11.9870,54.5,0.61035
bifemsh,m4,11.9870,55.0,0.60830
bifemsh,m4,11.9870,55.5,0.60639
bifemsh,m4,11.9870,56.0,0.60467
bifemsh,m4,11.9870,56.5,0.60313
bifemsh,m4,11.9870,57.0,0.60180
bifemsh,m4,11.9870,57.5,0.60069
bifemsh,m4,11.9870,58.0,0.59979
bifemsh,m4,11.9870,58.5,0.59911
bifemsh,m4,11.9870,59.0,0.59867
bifemsh,m4,11.9870,59.5,0.59845
bifemsh,m4,11.9870,60.0,0.59847
bifemsh,m4,11.9870,60.5,0.59872
bifemsh,m4,11.9870,61.0,0.59920
bifemsh,m4,11.9870,61.5,0.59992
bifemsh,m4,11.9870,62.0,0.60088
bifemsh,m4,11.9870,62.5,0.60208
bifemsh,m4,11.9870,63.0,0.60352
bifemsh,m4,11.9870,63.5,0.60522
bifemsh,m4,11.9870,64.0,0.60715
bifemsh,m4,11.9870,64.5,0.60933
bifemsh,m4,11.9870,65.0,0.61176
bifemsh,m4,11.9870,65.5,0.61447
bifemsh,m4,11.9870,66.0,0.61745
bifemsh,m4,11.9870,66.5,0.62073
bifemsh,m4,11.9870,67.0,0.62432
bifemsh,m4,11.9870,67.5,0.62821
bifemsh,m4,11.9870,68.0,0.63241
bifemsh,m4,11.9870,68.5,0.63692
bifemsh,m4,11.9870,69.0,0.64174
bifemsh,m4,11.9870,69.5,0.64688
bifemsh,m4,11.9870,70.0,0.65235
bifemsh,m4,11.9870,70.5,0.65817
bifemsh,m4,11.9870,71.0,0.66434
bifemsh,m4,11.9870,71.5,0.67089
bifemsh,m4,11.9870,72.0,0.67782
bifemsh,m4,11.9870,72.5,0.68515
bifemsh,m4,11.9870,73.0,0.69286
bifemsh,m4,11.9870,73.5,0.70094
bifemsh,m4,11.9870,74.0,0.70938
bifemsh,m4,11.9870,74.5,0.71818
bifemsh,m4,11.9870,75.0,0.72728
bifemsh,m4,11.9870,75.5,0.73663
bifemsh,m4,11.9870,76.0,0.74617
bifemsh,m4,11.9870,76.5,0.75582
bifemsh,m4,11.9870,77.0,0.76550
bifemsh,m4,11.9870,77.5,0.77514
bifemsh,m4,11.9870,78.0,0.78466
bifemsh,m4,11.9870,78.5,0.79401
bifemsh,m4,11.9870,79.0,0.80312
bifemsh,m4,11.9870,79.5,0.81196
bifemsh,m4,11.9870,80.0,0.82053
bifemsh,m4,11.9870,80.5,0.82881
bifemsh,m4,11.9870,81.0,0.83680
bifemsh,m4,11.9870,81.5,0.84449
bifemsh,m4,11.9870,82.0,0.85187
bifemsh,m4,11.9870,82.5,0.85895
bifemsh,m4,11.9870,83.0,0.86570
bifemsh,m4,11.9870,83.5,0.87211
bifemsh,m4,11.9870,84.0,0.87616
bifemsh,m4,11.9870,84.5,0.87850
bifemsh,m4,11.9870,85.0,0.88139
bifemsh,m4,11.9870,85.5,0.88453
bifemsh,m4,11.9870,86.0,0.88775
bifemsh,m4,11.9870,86.5,0.89092
bifemsh,m4,11.9870,87.0,0.89400
bifemsh,m4,11.9870,87.5,0.89695
bifemsh,m4,11.9870,88.0,0.89975
bifemsh,m4,11.9870,88.5,0.90240
bifemsh,m4,11.9870,89.0,0.90489
bifemsh,m4,11.9870,89.5,0.90724
bifemsh,m4,11.9870,90.0,0.90946
bifemsh,m4,11.9870,90.5,0.91157
bifemsh,m4,11.9870,91.0,0.91358
bifemsh,m4,11.9870,91.5,0.91550
bifemsh,m4,11.9870,92.0,0.91734
bifemsh,m4,11.9870,92.5,0.91910
bifemsh,m4,11.9870,93.0,0.92080
bifemsh,m4,11.9870,93.5,0.92243
bifemsh,m4,11.9870,94.0,0.92400
bifemsh,m4,11.9870,94.5,0.92552
bifemsh,m4,11.9870,95.0,0.92697
bifemsh,m4,11.9870,95.5,0.92837
bifemsh,m4,11.9870,96.0,0.92970
bifemsh,m4,11.9870,96.5,0.93098
bifemsh,m4,11.9870,97.0,0.93219
bifemsh,m4,11.9870,97.5,0.93332
bifemsh,m4,11.9870,98.0,0.93455
bifemsh,m4,11.9870,98.5,0.93582
bifemsh,m4,11.9870,99.0,0.93702
bifemsh,m4,11.9870,99.5,0.93814
bifemsh,m4,11.9870,100.0,0.93919
semimem,m6,13.9870,0.0,1.00181
semimem,m6,13.9870,0.5,0.99702
semimem,m6,13.9870,1.0,0.99196
semimem,m6,13.9870,1.5,0.98659
semimem,m6,13.9870,2.0,0.98084
semimem,m6,13.9870,2.5,0.97461
semimem,m6,13.9870,3.0,0.96780
semimem,m6,13.9870,3.5,0.96033
semimem,m6,13.9870,4.0,0.95219
semimem,m6,13.9870,4.5,0.94345
semimem,m6,13.9870,5.0,0.93417
semimem,m6,13.9870,5.5,0.92446
semimem,m6,13.9870,6.0,0.91439
semimem,m6,13.9870,6.5,0.90405
semimem,m6,13.9870,7.0,0.89352
semimem,m6,13.9870,7.5,0.88287
semimem,m6,13.9870,8.0,0.87214
semimem,m6,13.9870,8.5,0.86136
semimem,m6,13.9870,9.0,0.85054
semimem,m6,13.9870,9.5,0.83968
semimem,m6,13.9870,10.0,0.82876
semimem,m6,13.9870,10.5,0.81792
semimem,m6,13.9870,11.0,0.80725
semimem,m6,13.9870,11.5,0.79677
semimem,m6,13.9870,12.0,0.78648
semimem,m6,13.9870,12.5,0.77639
semimem,m6,13.9870,13.0,0.76649
semimem,m6,13.9870,13.5,0.75676
semimem,m6,13.9870,14.0,0.74720
semimem,m6,13.9870,14.5,0.73784
semimem,m6,13.9870,15.0,0.72869
semimem,m6,13.9870,15.5,0.71979
semimem,m6,13.9870,16.0,0.71118
semimem,m6,13.9870,16.5,0.70291
semimem,m6,13.9870,17.0,0.69501
semimem,m6,13.9870,17.5,0.68749
semimem,m6,13.9870,18.0,0.68033
semimem,m6,13.9870,18.5,0.67348
semimem,m6,13.9870,19.0,0.66689
semimem,m6,13.9870,19.5,0.66049
semimem,m6,13.9870,20.0,0.65422
semimem,m6,13.9870,20.5,0.64800
semimem,m6,13.9870,21.0,0.64178
semimem,m6,13.9870,21.5,0.63547
semimem,m6,13.9870,22.0,0.62903
semimem,m6,13.9870,22.5,0.62239
semimem,m6,13.9870,23.0,0.61545
semimem,m6,13.9870,23.5,0.60814
semimem,m6,13.9870,24.0,0.60038
semimem,m6,13.9870,24.5,0.59217
semimem,m6,13.9870,25.0,0.58350
semimem,m6,13.9870,25.5,0.57435
semimem,m6,13.9870,26.0,0.56466
semimem,m6,13.9870,26.5,0.55442
semimem,m6,13.9870,27.0,0.54362
semimem,m6,13.9870,27.5,0.53232
semimem,m6,13.9870,28.0,0.52062
semimem,m6,13.9870,28.5,0.50862
semimem,m6,13.9870,29.0,0.49639
semimem,m6,13.9870,29.5,0.48453
semimem,m6,13.9870,30.0,0.47320
semimem,m6,13.9870,30.5,0.46236
semimem,m6,13.9870,31.0,0.45194
semimem,m6,13.9870,31.5,0.44185
semimem,m6,13.9870,32.0,0.43218
semimem,m6,13.9870,32.5,0.42292
semimem,m6,13.9870,33.0,0.41415
semimem,m6,13.9870,33.5,0.40586
semimem,m6,13.9870,34.0,0.39804
semimem,m6,13.9870,34.5,0.39067
semimem,m6,13.9870,35.0,0.38376
semimem,m6,13.9870,35.5,0.37729
semimem,m6,13.9870,36.0,0.37123
semimem,m6,13.9870,36.5,0.36556
semimem,m6,13.9870,37.0,0.36027
semimem,m6,13.9870,37.5,0.35533
semimem,m6,13.9870,38.0,0.35074
semimem,m6,13.9870,38.5,0.34650
semimem,m6,13.9870,39.0,0.34262
semimem,m6,13.9870,39.5,0.33910
semimem,m6,13.9870,40.0,0.33595
semimem,m6,13.9870,40.5,0.33319
semimem,m6,13.9870,41.0,0.33082
semimem,m6,13.9870,41.5,0.32881
semimem,m6,13.9870,42.0,0.32715
semimem,m6,13.9870,42.5,0.32582
semimem,m6,13.9870,43.0,0.32481
semimem,m6,13.9870,43.5,0.32411
semimem,m6,13.9870,44.0,0.32372
semimem,m6,13.9870,44.5,0.32365
semimem,m6,13.9870,45.0,0.32389
semimem,m6,13.9870,45.5,0.32446
semimem,m6,13.9870,46.0,0.32538
semimem,m6,13.9870,46.5,0.32664
semimem,m6,13.9870,47.0,0.32825
semimem,m6,13.9870,47.5,0.33021
semimem,m6,13.9870,48.0,0.33251
semimem,m6,13.9870,48.5,0.33513
semimem,m6,13.9870,49.0,0.33804
semimem,m6,13.9870,49.5,0.34125
semimem,m6,13.9870,50.0,0.34475
semimem,m6,13.9870,50.5,0.34854
semimem,m6,13.9870,51.0,0.35260
semimem,m6,13.9870,51.5,0.35694
semimem,m6,13.9870,52.0,0.36153
semimem,m6,13.9870,52.5,0.36633
semimem,m6,13.9870,53.0,0.37139
semimem,m6,13.9870,53.5,0.37686
semimem,m6,13.9870,54.0,0.38281
semimem,m6,13.9870,54.5,0.38930
semimem,m6,13.9870,55.0,0.39634
semimem,m6,13.9870,55.5,0.40390
semimem,m6,13.9870,56.0,0.41195
semimem,m6,13.9870,56.5,0.42046
semimem,m6,13.9870,57.0,0.42944
semimem,m6,13.9870,57.5,0.43885
semimem,m6,13.9870,58.0,0.44867
semimem,m6,13.9870,58.5,0.45883
semimem,m6,13.9870,59.0,0.46924
semimem,m6,13.9870,59.5,0.47986
semimem,m6,13.9870,60.0,0.49062
semimem,m6,13.9870,60.5,0.50149
semimem,m6,13.9870,61.0,0.51262
semimem,m6,13.9870,61.5,0.52420
semimem,m6,13.9870,62.0,0.53625
semimem,m6,13.9870,62.5,0.54857
semimem,m6,13.9870,63.0,0.56104
semimem,m6,13.9870,63.5,0.57365
semimem,m6,13.9870,64.0,0.58654
semimem,m6,13.9870,64.5,0.59977
semimem,m6,13.9870,65.0,0.61339
semimem,m6,13.9870,65.5,0.62744
semimem,m6,13.9870,66.0,0.64200
semimem,m6,13.9870,66.5,0.65713
semimem,m6,13.9870,67.0,0.67283
semimem,m6,13.9870,67.5,0.68911
semimem,m6,13.9870,68.0,0.70598
semimem,m6,13.9870,68.5,0.72346
semimem,m6,13.9870,69.0,0.74153
semimem,m6,13.9870,69.5,0.76019
semimem,m6,13.9870,70.0,0.77940
semimem,m6,13.9870,70.5,0.79913
semimem,m6,13.9870,71.0,0.81930
semimem,m6,13.9870,71.5,0.83990
semimem,m6,13.9870,72.0,0.86087
semimem,m6,13.9870,72.5,0.88214
semimem,m6,13.9870,73.0,0.90358
semimem,m6,13.9870,73.5,0.92513
semimem,m6,13.9870,74.0,0.93518
semimem,m6,13.9870,74.5,0.93216
semimem,m6,13.9870,75.0,0.92959
semimem,m6,13.9870,75.5,0.92797
semimem,m6,13.9870,76.0,0.92742
semimem,m6,13.9870,76.5,0.92813
semimem,m6,13.9870,77.0,0.93030
semimem,m6,13.9870,77.5,0.93416
semimem,m6,13.9870,78.0,0.93969
semimem,m6,13.9870,78.5,0.94659
semimem,m6,13.9870,79.0,0.95433
semimem,m6,13.9870,79.5,0.96247
semimem,m6,13.9870,80.0,0.97066
semimem,m6,13.9870,80.5,0.97868
semimem,m6,13.9870,81.0,0.98635
semimem,m6,13.9870,81.5,0.99355
semimem,m6,13.9870,82.0,1.00022
semimem,m6,13.9870,82.5,1.00633
semimem,m6,13.9870,83.0,1.01195
semimem,m6,13.9870,83.5,1.01713
semimem,m6,13.9870,84.0,1.02189
semimem,m6,13.9870,84.5,1.02627
semimem,m6,13.9870,85.0,1.03027
semimem,m6,13.9870,85.5,1.03391
semimem,m6,13.9870,86.0,1.03718
semimem,m6,13.9870,86.5,1.04008
semimem,m6,13.9870,87.0,1.04260
semimem,m6,13.9870,87.5,1.04474
semimem,m6,13.9870,88.0,1.04649
semimem,m6,13.9870,88.5,1.04786
semimem,m6,13.9870,89.0,1.04886
semimem,m6,13.9870,89.5,1.04951
semimem,m6,13.9870,90.0,1.04981
semimem,m6,13.9870,90.5,1.04979
semimem,m6,13.9870,91.0,1.04946
semimem,m6,13.9870,91.5,1.04886
semimem,m6,13.9870,92.0,1.04797
semimem,m6,13.9870,92.5,1.04683
semimem,m6,13.9870,93.0,1.04543
semimem,m6,13.9870,93.5,1.04378
semimem,m6,13.9870,94.0,1.04189
semimem,m6,13.9870,94.5,1.03976
semimem,m6,13.9870,95.0,1.03740
semimem,m6,13.9870,95.5,1.03480
semimem,m6,13.9870,96.0,1.03199
semimem,m6,13.9870,96.5,1.02896
semimem,m6,13.9870,97.0,1.02572
semimem,m6,13.9870,97.5,1.02227
semimem,m6,13.9870,98.0,1.01861
semimem,m6,13.9870,98.5,1.01475
semimem,m6,13.9870,99.0,1.01066
semimem,m6,13.9870,99.5,1.00635
semimem,m6,13.9870,100.0,1.00181
semiten,m6,13.9870,0.0,1.11930
semiten,m6,13.9870,0.5,1.11572
semiten,m6,13.9870,1.0,1.11200
semiten,m6,13.9870,1.5,1.10807
semiten,m6,13.9870,2.0,1.10386
semiten,m6,13.9870,2.5,1.09926
semiten,m6,13.9870,3.0,1.09416
semiten,m6,13.9870,3.5,1.08854
semiten,m6,13.9870,4.0,1.08248
semiten,m6,13.9870,4.5,1.07612
semiten,m6,13.9870,5.0,1.06961
semiten,m6,13.9870,5.5,1.06304
semiten,m6,13.9870,6.0,1.05649
semiten,m6,13.9870,6.5,1.05002
semiten,m6,13.9870,7.0,1.04366
semiten,m6,13.9870,7.5,1.03743
semiten,m6,13.9870,8.0,1.03133
semiten,m6,13.9870,8.5,1.02549
semiten,m6,13.9870,9.0,1.01997
semiten,m6,13.9870,9.5,1.01466
semiten,m6,13.9870,10.0,1.00950
semiten,m6,13.9870,10.5,1.00441
semiten,m6,13.9870,11.0,0.99934
semiten,m6,13.9870,11.5,0.99433
semiten,m6,13.9870,12.0,0.98941
semiten,m6,13.9870,12.5,0.98457
semiten,m6,13.9870,13.0,0.97981
semiten,m6,13.9870,13.5,0.97510
semiten,m6,13.9870,14.0,0.97043
semiten,m6,13.9870,14.5,0.96581
semiten,m6,13.9870,15.0,0.96127
semiten,m6,13.9870,15.5,0.95681
semiten,m6,13.9870,16.0,0.95246
semiten,m6,13.9870,16.5,0.94826
semiten,m6,13.9870,17.0,0.94423
semiten,m6,13.9870,17.5,0.94036
semiten,m6,13.9870,18.0,0.93662
semiten,m6,13.9870,18.5,0.93297
semiten,m6,13.9870,19.0,0.92935
semiten,m6,13.9870,19.5,0.92571
semiten,m6,13.9870,20.0,0.92200
semiten,m6,13.9870,20.5,0.91819
semiten,m6,13.9870,21.0,0.91424
semiten,m6,13.9870,21.5,0.91013
semiten,m6,13.9870,22.0,0.90585
semiten,m6,13.9870,22.5,0.90136
semiten,m6,13.9870,23.0,0.89666
semiten,m6,13.9870,23.5,0.89172
semiten,m6,13.9870,24.0,0.88655
semiten,m6,13.9870,24.5,0.88118
semiten,m6,13.9870,25.0,0.87565
semiten,m6,13.9870,25.5,0.86996
semiten,m6,13.9870,26.0,0.86412
semiten,m6,13.9870,26.5,0.85814
semiten,m6,13.9870,27.0,0.85201
semiten,m6,13.9870,27.5,0.84576
semiten,m6,13.9870,28.0,0.83939
semiten,m6,13.9870,28.5,0.83293
semiten,m6,13.9870,29.0,0.82641
semiten,m6,13.9870,29.5,0.81994
semiten,m6,13.9870,30.0,0.81363
semiten,m6,13.9870,30.5,0.80751
semiten,m6,13.9870,31.0,0.80159
semiten,m6,13.9870,31.5,0.79582
semiten,m6,13.9870,32.0,0.79019
semiten,m6,13.9870,32.5,0.78468
semiten,m6,13.9870,33.0,0.77932
semiten,m6,13.9870,33.5,0.77411
semiten,m6,13.9870,34.0,0.76904
semiten,m6,13.9870,34.5,0.76411
semiten,m6,13.9870,35.0,0.75933
semiten,m6,13.9870,35.5,0.75469
semiten,m6,13.9870,36.0,0.75020
semiten,m6,13.9870,36.5,0.74585
semiten,m6,13.9870,37.0,0.74165
semiten,m6,13.9870,37.5,0.73760
semiten,m6,13.9870,38.0,0.73371
semiten,m6,13.9870,38.5,0.72998
semiten,m6,13.9870,39.0,0.72643
semiten,m6,13.9870,39.5,0.72308
semiten,m6,13.9870,40.0,0.71993
semiten,m6,13.9870,40.5,0.71701
semiten,m6,13.9870,41.0,0.71432
semiten,m6,13.9870,41.5,0.71189
semiten,m6,13.9870,42.0,0.70969
semiten,m6,13.9870,42.5,0.70773
semiten,m6,13.9870,43.0,0.70600
semiten,m6,13.9870,43.5,0.70449
semiten,m6,13.9870,44.0,0.70322
semiten,m6,13.9870,44.5,0.70218
semiten,m6,13.9870,45.0,0.70139
semiten,m6,13.9870,45.5,0.70085
semiten,m6,13.9870,46.0,0.70058
semiten,m6,13.9870,46.5,0.70057
semiten,m6,13.9870,47.0,0.70085
semiten,m6,13.9870,47.5,0.70139
semiten,m6,13.9870,48.0,0.70219
semiten,m6,13.9870,48.5,0.70323
semiten,m6,13.9870,49.0,0.70448
semiten,m6,13.9870,49.5,0.70593
semiten,m6,13.9870,50.0,0.70759
semiten,m6,13.9870,50.5,0.70945
semiten,m6,13.9870,51.0,0.71148
semiten,m6,13.9870,51.5,0.71368
semiten,m6,13.9870,52.0,0.71606
semiten,m6,13.9870,52.5,0.71858
semiten,m6,13.9870,53.0,0.72127
semiten,m6,13.9870,53.5,0.72421
semiten,m6,13.9870,54.0,0.72747
semiten,m6,13.9870,54.5,0.73109
semiten,m6,13.9870,55.0,0.73506
semiten,m6,13.9870,55.5,0.73938
semiten,m6,13.9870,56.0,0.74403
semiten,m6,13.9870,56.5,0.74900
semiten,m6,13.9870,57.0,0.75428
semiten,m6,13.9870,57.5,0.75985
semiten,m6,13.9870,58.0,0.76571
semiten,m6,13.9870,58.5,0.77181
semiten,m6,13.9870,59.0,0.77808
semiten,m6,13.9870,59.5,0.78451
semiten,m6,13.9870,60.0,0.79106
semiten,m6,13.9870,60.5,0.79771
semiten,m6,13.9870,61.0,0.80459
semiten,m6,13.9870,61.5,0.81183
semiten,m6,13.9870,62.0,0.81946
semiten,m6,13.9870,62.5,0.82741
semiten,m6,13.9870,63.0,0.83560
semiten,m6,13.9870,63.5,0.84402
semiten,m6,13.9870,64.0,0.85276
semiten,m6,13.9870,64.5,0.86182
semiten,m6,13.9870,65.0,0.87120
semiten,m6,13.9870,65.5,0.88089
semiten,m6,13.9870,66.0,0.89088
semiten,m6,13.9870,66.5,0.90116
semiten,m6,13.9870,67.0,0.91170
semiten,m6,13.9870,67.5,0.92246
semiten,m6,13.9870,68.0,0.93344
semiten,m6,13.9870,68.5,0.94464
semiten,m6,13.9870,69.0,0.95606
semiten,m6,13.9870,69.5,0.96770
semiten,m6,13.9870,70.0,0.97954
semiten,m6,13.9870,70.5,0.99157
semiten,m6,13.9870,71.0,1.00374
semiten,m6,13.9870,71.5,1.01604
semiten,m6,13.9870,72.0,1.02843
semiten,m6,13.9870,72.5,1.04086
semiten,m6,13.9870,73.0,1.05324
semiten,m6,13.9870,73.5,1.06552
semiten,m6,13.9870,74.0,1.07772
semiten,m6,13.9870,74.5,1.08928
semiten,m6,13.9870,75.0,1.08892
semiten,m6,13.9870,75.5,1.09007
semiten,m6,13.9870,76.0,1.09315
semiten,m6,13.9870,76.5,1.09796
semiten,m6,13.9870,77.0,1.10387
semiten,m6,13.9870,77.5,1.11028
semiten,m6,13.9870,78.0,1.11674
semiten,m6,13.9870,78.5,1.12300
semiten,m6,13.9870,79.0,1.12891
semiten,m6,13.9870,79.5,1.13442
semiten,m6,13.9870,80.0,1.13953
semiten,m6,13.9870,80.5,1.14421
semiten,m6,13.9870,81.0,1.14844
semiten,m6,13.9870,81.5,1.15218
semiten,m6,13.9870,82.0,1.15543
semiten,m6,13.9870,82.5,1.15824
semiten,m6,13.9870,83.0,1.16068
semiten,m6,13.9870,83.5,1.16283
semiten,m6,13.9870,84.0,1.16471
semiten,m6,13.9870,84.5,1.16635
semiten,m6,13.9870,85.0,1.16775
semiten,m6,13.9870,85.5,1.16893
semiten,m6,13.9870,86.0,1.16988
semiten,m6,13.9870,86.5,1.17060
semiten,m6,13.9870,87.0,1.17107
semiten,m6,13.9870,87.5,1.17129
semiten,m6,13.9870,88.0,1.17125
semiten,m6,13.9870,88.5,1.17095
semiten,m6,13.9870,89.0,1.17040
semiten,m6,13.9870,89.5,1.16960
semiten,m6,13.9870,90.0,1.16859
semiten,m6,13.9870,90.5,1.16736
semiten,m6,13.9870,91.0,1.16595
semiten,m6,13.9870,91.5,1.16436
semiten,m6,13.9870,92.0,1.16262
semiten,m6,13.9870,92.5,1.16073
semiten,m6,13.9870,93.0,1.15871
semiten,m6,13.9870,93.5,1.15655
semiten,m6,13.9870,94.0,1.15428
semiten,m6,13.9870,94.5,1.15188
semiten,m6,13.9870,95.0,1.14938
semiten,m6,13.9870,95.5,1.14677
semiten,m6,13.9870,96.0,1.14407
semiten,m6,13.9870,96.5,1.14128
semiten,m6,13.9870,97.0,1.13841
semiten,m6,13.9870,97.5,1.13547
semiten,m6,13.9870,98.0,1.13243
semiten,m6,13.9870,98.5,1.12931
semiten,m6,13.9870,99.0,1.12609
semiten,m6,13.9870,99.5,1.12276
semiten,m6,13.9870,100.0,1.11930
bifemlh,m6,13.9870,0.0,1.03115
bifemlh,m6,13.9870,0.5,1.02567
bifemlh,m6,13.9870,1.0,1.02001
bifemlh,m6,13.9870,1.5,1.01414
bifemlh,m6,13.9870,2.0,1.00799
bifemlh,m6,13.9870,2.5,1.00146
bifemlh,m6,13.9870,3.0,0.99445
bifemlh,m6,13.9870,3.5,0.98691
bifemlh,m6,13.9870,4.0,0.97885
bifemlh,m6,13.9870,4.5,0.97036
bifemlh,m6,13.9870,5.0,0.96152
bifemlh,m6,13.9870,5.5,0.95242
bifemlh,m6,13.9870,6.0,0.94314
bifemlh,m6,13.9870,6.5,0.93376
bifemlh,m6,13.9870,7.0,0.92434
bifemlh,m6,13.9870,7.5,0.91509
bifemlh,m6,13.9870,8.0,0.90616
bifemlh,m6,13.9870,8.5,0.89752
bifemlh,m6,13.9870,9.0,0.88911
bifemlh,m6,13.9870,9.5,0.88088
bifemlh,m6,13.9870,10.0,0.87273
bifemlh,m6,13.9870,10.5,0.86460
bifemlh,m6,13.9870,11.0,0.85643
bifemlh,m6,13.9870,11.5,0.84822
bifemlh,m6,13.9870,12.0,0.84004
bifemlh,m6,13.9870,12.5,0.83192
bifemlh,m6,13.9870,13.0,0.82385
bifemlh,m6,13.9870,13.5,0.81584
bifemlh,m6,13.9870,14.0,0.80790
bifemlh,m6,13.9870,14.5,0.80007
bifemlh,m6,13.9870,15.0,0.79239
bifemlh,m6,13.9870,15.5,0.78489
bifemlh,m6,13.9870,16.0,0.77762
bifemlh,m6,13.9870,16.5,0.77064
bifemlh,m6,13.9870,17.0,0.76396
bifemlh,m6,13.9870,17.5,0.75760
bifemlh,m6,13.9870,18.0,0.75152
bifemlh,m6,13.9870,18.5,0.74569
bifemlh,m6,13.9870,19.0,0.74006
bifemlh,m6,13.9870,19.5,0.73455
bifemlh,m6,13.9870,20.0,0.72912
bifemlh,m6,13.9870,20.5,0.72373
bifemlh,m6,13.9870,21.0,0.71831
bifemlh,m6,13.9870,21.5,0.71284
bifemlh,m6,13.9870,22.0,0.70727
bifemlh,m6,13.9870,22.5,0.70157
bifemlh,m6,13.9870,23.0,0.69568
bifemlh,m6,13.9870,23.5,0.68955
bifemlh,m6,13.9870,24.0,0.68317
bifemlh,m6,13.9870,24.5,0.67655
bifemlh,m6,13.9870,25.0,0.66972
bifemlh,m6,13.9870,25.5,0.66269
bifemlh,m6,13.9870,26.0,0.65543
bifemlh,m6,13.9870,26.5,0.64795
bifemlh,m6,13.9870,27.0,0.64023
bifemlh,m6,13.9870,27.5,0.63227
bifemlh,m6,13.9870,28.0,0.62408
bifemlh,m6,13.9870,28.5,0.61569
bifemlh,m6,13.9870,29.0,0.60716
bifemlh,m6,13.9870,29.5,0.59869
bifemlh,m6,13.9870,30.0,0.59047
bifemlh,m6,13.9870,30.5,0.58256
bifemlh,m6,13.9870,31.0,0.57493
bifemlh,m6,13.9870,31.5,0.56748
bifemlh,m6,13.9870,32.0,0.56018
bifemlh,m6,13.9870,32.5,0.55305
bifemlh,m6,13.9870,33.0,0.54619
bifemlh,m6,13.9870,33.5,0.53963
bifemlh,m6,13.9870,34.0,0.53335
bifemlh,m6,13.9870,34.5,0.52735
bifemlh,m6,13.9870,35.0,0.52166
bifemlh,m6,13.9870,35.5,0.51627
bifemlh,m6,13.9870,36.0,0.51116
bifemlh,m6,13.9870,36.5,0.50632
bifemlh,m6,13.9870,37.0,0.50176
bifemlh,m6,13.9870,37.5,0.49748
bifemlh,m6,13.9870,38.0,0.49348
bifemlh,m6,13.9870,38.5,0.48979
bifemlh,m6,13.9870,39.0,0.48642
bifemlh,m6,13.9870,39.5,0.48341
bifemlh,m6,13.9870,40.0,0.48079
bifemlh,m6,13.9870,40.5,0.47861
bifemlh,m6,13.9870,41.0,0.47688
bifemlh,m6,13.9870,41.5,0.47559
bifemlh,m6,13.9870,42.0,0.47473
bifemlh,m6,13.9870,42.5,0.47428
bifemlh,m6,13.9870,43.0,0.47423
bifemlh,m6,13.9870,43.5,0.47458
bifemlh,m6,13.9870,44.0,0.47532
bifemlh,m6,13.9870,44.5,0.47646
bifemlh,m6,13.9870,45.0,0.47801
bifemlh,m6,13.9870,45.5,0.47997
bifemlh,m6,13.9870,46.0,0.48236
bifemlh,m6,13.9870,46.5,0.48516
bifemlh,m6,13.9870,47.0,0.48839
bifemlh,m6,13.9870,47.5,0.49200
bifemlh,m6,13.9870,48.0,0.49598
bifemlh,m6,13.9870,48.5,0.50026
bifemlh,m6,13.9870,49.0,0.50481
bifemlh,m6,13.9870,49.5,0.50961
bifemlh,m6,13.9870,50.0,0.51466
bifemlh,m6,13.9870,50.5,0.51996
bifemlh,m6,13.9870,51.0,0.52546
bifemlh,m6,13.9870,51.5,0.53117
bifemlh,m6,13.9870,52.0,0.53705
bifemlh,m6,13.9870,52.5,0.54308
bifemlh,m6,13.9870,53.0,0.54933
bifemlh,m6,13.9870,53.5,0.55592
bifemlh,m6,13.9870,54.0,0.56296
bifemlh,m6,13.9870,54.5,0.57050
bifemlh,m6,13.9870,55.0,0.57851
bifemlh,m6,13.9870,55.5,0.58694
bifemlh,m6,13.9870,56.0,0.59574
bifemlh,m6,13.9870,56.5,0.60486
bifemlh,m6,13.9870,57.0,0.61429
bifemlh,m6,13.9870,57.5,0.62404
bifemlh,m6,13.9870,58.0,0.63407
bifemlh,m6,13.9870,58.5,0.64434
bifemlh,m6,13.9870,59.0,0.65477
bifemlh,m6,13.9870,59.5,0.66537
bifemlh,m6,13.9870,60.0,0.67608
bifemlh,m6,13.9870,60.5,0.68689
bifemlh,m6,13.9870,61.0,0.69794
bifemlh,m6,13.9870,61.5,0.70941
bifemlh,m6,13.9870,62.0,0.72131
bifemlh,m6,13.9870,62.5,0.73349
bifemlh,m6,13.9870,63.0,0.74580
bifemlh,m6,13.9870,63.5,0.75821
bifemlh,m6,13.9870,64.0,0.77081
bifemlh,m6,13.9870,64.5,0.78362
bifemlh,m6,13.9870,65.0,0.79663
bifemlh,m6,13.9870,65.5,0.80983
bifemlh,m6,13.9870,66.0,0.82322
bifemlh,m6,13.9870,66.5,0.83680
bifemlh,m6,13.9870,67.0,0.85054
bifemlh,m6,13.9870,67.5,0.86443
bifemlh,m6,13.9870,68.0,0.87848
bifemlh,m6,13.9870,68.5,0.89271
bifemlh,m6,13.9870,69.0,0.90712
bifemlh,m6,13.9870,69.5,0.92173
bifemlh,m6,13.9870,70.0,0.93654
bifemlh,m6,13.9870,70.5,0.95151
bifemlh,m6,13.9870,71.0,0.96661
bifemlh,m6,13.9870,71.5,0.97273
bifemlh,m6,13.9870,72.0,0.96901
bifemlh,m6,13.9870,72.5,0.96617
bifemlh,m6,13.9870,73.0,0.96443
bifemlh,m6,13.9870,73.5,0.96388
bifemlh,m6,13.9870,74.0,0.96471
bifemlh,m6,13.9870,74.5,0.96725
bifemlh,m6,13.9870,75.0,0.97184
bifemlh,m6,13.9870,75.5,0.97851
bifemlh,m6,13.9870,76.0,0.98681
bifemlh,m6,13.9870,76.5,0.99608
bifemlh,m6,13.9870,77.0,1.00573
bifemlh,m6,13.9870,77.5,1.01532
bifemlh,m6,13.9870,78.0,1.02456
bifemlh,m6,13.9870,78.5,1.03324
bifemlh,m6,13.9870,79.0,1.04126
bifemlh,m6,13.9870,79.5,1.04862
bifemlh,m6,13.9870,80.0,1.05532
bifemlh,m6,13.9870,80.5,1.06139
bifemlh,m6,13.9870,81.0,1.06684
bifemlh,m6,13.9870,81.5,1.07167
bifemlh,m6,13.9870,82.0,1.07590
bifemlh,m6,13.9870,82.5,1.07958
bifemlh,m6,13.9870,83.0,1.08279
bifemlh,m6,13.9870,83.5,1.08561
bifemlh,m6,13.9870,84.0,1.08809
bifemlh,m6,13.9870,84.5,1.09028
bifemlh,m6,13.9870,85.0,1.09220
bifemlh,m6,13.9870,85.5,1.09387
bifemlh,m6,13.9870,86.0,1.09531
bifemlh,m6,13.9870,86.5,1.09650
bifemlh,m6,13.9870,87.0,1.09743
bifemlh,m6,13.9870,87.5,1.09810
bifemlh,m6,13.9870,88.0,1.09850
bifemlh,m6,13.9870,88.5,1.09861
bifemlh,m6,13.9870,89.0,1.09844
bifemlh,m6,13.9870,89.5,1.09798
bifemlh,m6,13.9870,90.0,1.09724
bifemlh,m6,13.9870,90.5,1.09623
bifemlh,m6,13.9870,91.0,1.09495
bifemlh,m6,13.9870,91.5,1.09341
bifemlh,m6,13.9870,92.0,1.09162
bifemlh,m6,13.9870,92.5,1.08958
bifemlh,m6,13.9870,93.0,1.08729
bifemlh,m6,13.9870,93.5,1.08476
bifemlh,m6,13.9870,94.0,1.08198
bifemlh,m6,13.9870,94.5,1.07895
bifemlh,m6,13.9870,95.0,1.07568
bifemlh,m6,13.9870,95.5,1.07217
bifemlh,m6,13.9870,96.0,1.06843
bifemlh,m6,13.9870,96.5,1.06447
bifemlh,m6,13.9870,97.0,1.06029
bifemlh,m6,13.9870,97.5,1.05590
bifemlh,m6,13.9870,98.0,1.05132
bifemlh,m6,13.9870,98.5,1.04654
bifemlh,m6,13.9870,99.0,1.04159
bifemlh,m6,13.9870,99.5,1.03645
bifemlh,m6,13.9870,100.0,1.03115
bifemsh,m6,13.9870,0.0,0.93889
bifemsh,m6,13.9870,0.5,0.93975
bifemsh,m6,13.9870,1.0,0.94051
bifemsh,m6,13.9870,1.5,0.94109
bifemsh,m6,13.9870,2.0,0.94137
bifemsh,m6,13.9870,2.5,0.94129
bifemsh,m6,13.9870,3.0,0.94082
bifemsh,m6,13.9870,3.5,0.94004
bifemsh,m6,13.9870,4.0,0.93911
bifemsh,m6,13.9870,4.5,0.93819
bifemsh,m6,13.9870,5.0,0.93722
bifemsh,m6,13.9870,5.5,0.93584
bifemsh,m6,13.9870,6.0,0.93437
bifemsh,m6,13.9870,6.5,0.93287
bifemsh,m6,13.9870,7.0,0.93134
bifemsh,m6,13.9870,7.5,0.92974
bifemsh,m6,13.9870,8.0,0.92804
bifemsh,m6,13.9870,8.5,0.92624
bifemsh,m6,13.9870,9.0,0.92436
bifemsh,m6,13.9870,9.5,0.92244
bifemsh,m6,13.9870,10.0,0.92053
bifemsh,m6,13.9870,10.5,0.91867
bifemsh,m6,13.9870,11.0,0.91687
bifemsh,m6,13.9870,11.5,0.91510
bifemsh,m6,13.9870,12.0,0.91331
bifemsh,m6,13.9870,12.5,0.91148
bifemsh,m6,13.9870,13.0,0.90961
bifemsh,m6,13.9870,13.5,0.90769
bifemsh,m6,13.9870,14.0,0.90574
bifemsh,m6,13.9870,14.5,0.90374
bifemsh,m6,13.9870,15.0,0.90171
bifemsh,m6,13.9870,15.5,0.89964
bifemsh,m6,13.9870,16.0,0.89754
bifemsh,m6,13.9870,16.5,0.89541
bifemsh,m6,13.9870,17.0,0.89326
bifemsh,m6,13.9870,17.5,0.89108
bifemsh,m6,13.9870,18.0,0.88888
bifemsh,m6,13.9870,18.5,0.88665
bifemsh,m6,13.9870,19.0,0.88436
bifemsh,m6,13.9870,19.5,0.88199
bifemsh,m6,13.9870,20.0,0.87950
bifemsh,m6,13.9870,20.5,0.87687
bifemsh,m6,13.9870,21.0,0.87408
bifemsh,m6,13.9870,21.5,0.87111
bifemsh,m6,13.9870,22.0,0.86797
bifemsh,m6,13.9870,22.5,0.86465
bifemsh,m6,13.9870,23.0,0.86117
bifemsh,m6,13.9870,23.5,0.85754
bifemsh,m6,13.9870,24.0,0.85376
bifemsh,m6,13.9870,24.5,0.84985
bifemsh,m6,13.9870,25.0,0.84580
bifemsh,m6,13.9870,25.5,0.84165
bifemsh,m6,13.9870,26.0,0.83740
bifemsh,m6,13.9870,26.5,0.83309
bifemsh,m6,13.9870,27.0,0.82873
bifemsh,m6,13.9870,27.5,0.82434
bifemsh,m6,13.9870,28.0,0.81992
bifemsh,m6,13.9870,28.5,0.81550
bifemsh,m6,13.9870,29.0,0.81105
bifemsh,m6,13.9870,29.5,0.80657
bifemsh,m6,13.9870,30.0,0.80205
bifemsh,m6,13.9870,30.5,0.79750
bifemsh,m6,13.9870,31.0,0.79292
bifemsh,m6,13.9870,31.5,0.78833
bifemsh,m6,13.9870,32.0,0.78374
bifemsh,m6,13.9870,32.5,0.77915
bifemsh,m6,13.9870,33.0,0.77454
bifemsh,m6,13.9870,33.5,0.76992
bifemsh,m6,13.9870,34.0,0.76528
bifemsh,m6,13.9870,34.5,0.76064
bifemsh,m6,13.9870,35.0,0.75601
bifemsh,m6,13.9870,35.5,0.75139
bifemsh,m6,13.9870,36.0,0.74678
bifemsh,m6,13.9870,36.5,0.74221
bifemsh,m6,13.9870,37.0,0.73767
bifemsh,m6,13.9870,37.5,0.73317
bifemsh,m6,13.9870,38.0,0.72871
bifemsh,m6,13.9870,38.5,0.72429
bifemsh,m6,13.9870,39.0,0.71991
bifemsh,m6,13.9870,39.5,0.71556
bifemsh,m6,13.9870,40.0,0.71123
bifemsh,m6,13.9870,40.5,0.70693
bifemsh,m6,13.9870,41.0,0.70264
bifemsh,m6,13.9870,41.5,0.69838
bifemsh,m6,13.9870,42.0,0.69414
bifemsh,m6,13.9870,42.5,0.68994
bifemsh,m6,13.9870,43.0,0.68577
bifemsh,m6,13.9870,43.5,0.68164
bifemsh,m6,13.9870,44.0,0.67755
bifemsh,m6,13.9870,44.5,0.67351
bifemsh,m6,13.9870,45.0,0.66953
bifemsh,m6,13.9870,45.5,0.66559
bifemsh,m6,13.9870,46.0,0.66171
bifemsh,m6,13.9870,46.5,0.65789
bifemsh,m6,13.9870,47.0,0.65413
bifemsh,m6,13.9870,47.5,0.65055
bifemsh,m6,13.9870,48.0,0.64712
bifemsh,m6,13.9870,48.5,0.64378
bifemsh,m6,13.9870,49.0,0.64052
bifemsh,m6,13.9870,49.5,0.63735
bifemsh,m6,13.9870,50.0,0.63427
bifemsh,m6,13.9870,50.5,0.63127
bifemsh,m6,13.9870,51.0,0.62837
bifemsh,m6,13.9870,51.5,0.62556
bifemsh,m6,13.9870,52.0,0.62285
bifemsh,m6,13.9870,52.5,0.62024
bifemsh,m6,13.9870,53.0,0.61773
bifemsh,m6,13.9870,53.5,0.61532
bifemsh,m6,13.9870,54.0,0.61303
bifemsh,m6,13.9870,54.5,0.61086
bifemsh,m6,13.9870,55.0,0.60884
bifemsh,m6,13.9870,55.5,0.60697
bifemsh,m6,13.9870,56.0,0.60530
bifemsh,m6,13.9870,56.5,0.60382
bifemsh,m6,13.9870,57.0,0.60256
bifemsh,m6,13.9870,57.5,0.60152
bifemsh,m6,13.9870,58.0,0.60071
bifemsh,m6,13.9870,58.5,0.60015
bifemsh,m6,13.9870,59.0,0.59985
bifemsh,m6,13.9870,59.5,0.59981
bifemsh,m6,13.9870,60.0,0.60001
bifemsh,m6,13.9870,60.5,0.60047
bifemsh,m6,13.9870,61.0,0.60117
bifemsh,m6,13.9870,61.5,0.60214
bifemsh,m6,13.9870,62.0,0.60337
bifemsh,m6,13.9870,62.5,0.60486
bifemsh,m6,13.9870,63.0,0.60662
bifemsh,m6,13.9870,63.5,0.60864
bifemsh,m6,13.9870,64.0,0.61092
bifemsh,m6,13.9870,64.5,0.61345
bifemsh,m6,13.9870,65.0,0.61625
bifemsh,m6,13.9870,65.5,0.61932
bifemsh,m6,13.9870,66.0,0.62267
bifemsh,m6,13.9870,66.5,0.62632
bifemsh,m6,13.9870,67.0,0.63028
bifemsh,m6,13.9870,67.5,0.63455
bifemsh,m6,13.9870,68.0,0.63914
bifemsh,m6,13.9870,68.5,0.64404
bifemsh,m6,13.9870,69.0,0.64927
bifemsh,m6,13.9870,69.5,0.65482
bifemsh,m6,13.9870,70.0,0.66071
bifemsh,m6,13.9870,70.5,0.66695
bifemsh,m6,13.9870,71.0,0.67355
bifemsh,m6,13.9870,71.5,0.68053
bifemsh,m6,13.9870,72.0,0.68788
bifemsh,m6,13.9870,72.5,0.69560
bifemsh,m6,13.9870,73.0,0.70369
bifemsh,m6,13.9870,73.5,0.71214
bifemsh,m6,13.9870,74.0,0.72094
bifemsh,m6,13.9870,74.5,0.73005
bifemsh,m6,13.9870,75.0,0.73944
bifemsh,m6,13.9870,75.5,0.74904
bifemsh,m6,13.9870,76.0,0.75877
bifemsh,m6,13.9870,76.5,0.76856
bifemsh,m6,13.9870,77.0,0.77833
bifemsh,m6,13.9870,77.5,0.78799
bifemsh,m6,13.9870,78.0,0.79748
bifemsh,m6,13.9870,78.5,0.80673
bifemsh,m6,13.9870,79.0,0.81572
bifemsh,m6,13.9870,79.5,0.82443
bifemsh,m6,13.9870,80.0,0.83284
bifemsh,m6,13.9870,80.5,0.84093
bifemsh,m6,13.9870,81.0,0.84869
bifemsh,m6,13.9870,81.5,0.85611
bifemsh,m6,13.9870,82.0,0.86319
bifemsh,m6,13.9870,82.5,0.86991
bifemsh,m6,13.9870,83.0,0.87627
bifemsh,m6,13.9870,83.5,0.87877
bifemsh,m6,13.9870,84.0,0.88136
bifemsh,m6,13.9870,84.5,0.88437
bifemsh,m6,13.9870,85.0,0.88753
bifemsh,m6,13.9870,85.5,0.89070
bifemsh,m6,13.9870,86.0,0.89378
bifemsh,m6,13.9870,86.5,0.89674
bifemsh,m6,13.9870,87.0,0.89955
bifemsh,m6,13.9870,87.5,0.90220
bifemsh,m6,13.9870,88.0,0.90469
bifemsh,m6,13.9870,88.5,0.90703
bifemsh,m6,13.9870,89.0,0.90922
bifemsh,m6,13.9870,89.5,0.91127
bifemsh,m6,13.9870,90.0,0.91321
bifemsh,m6,13.9870,90.5,0.91504
bifemsh,m6,13.9870,91.0,0.91679
bifemsh,m6,13.9870,91.5,0.91846
bifemsh,m6,13.9870,92.0,0.92006
bifemsh,m6,13.9870,92.5,0.92160
bifemsh,m6,13.9870,93.0,0.92308
bifemsh,m6,13.9870,93.5,0.92450
bifemsh,m6,13.9870,94.0,0.92587
bifemsh,m6,13.9870,94.5,0.92719
bifemsh,m6,13.9870,95.0,0.92847
bifemsh,m6,13.9870,95.5,0.92969
bifemsh,m6,13.9870,96.0,0.93087
bifemsh,m6,13.9870,96.5,0.93199
bifemsh,m6,13.9870,97.0,0.93306
bifemsh,m6,13.9870,97.5,0.93405
bifemsh,m6,13.9870,98.0,0.93495
bifemsh,m6,13.9870,98.5,0.93596
bifemsh,m6,13.9870,99.0,0.93699
bifemsh,m6,13.9870,99.5,0.93797
bifemsh,m6,13.9870,100.0,0.93889
semimem,m8,15.9870,0.0,1.02532
semimem,m8,15.9870,0.5,1.02076
semimem,m8,15.9870,1.0,1.01593
semimem,m8,15.9870,1.5,1.01077
semimem,m8,15.9870,2.0,1.00522
semimem,m8,15.9870,2.5,0.99919
semimem,m8,15.9870,3.0,0.99254
semimem,m8,15.9870,3.5,0.98520
semimem,m8,15.9870,4.0,0.97715
semimem,m8,15.9870,4.5,0.96842
semimem,m8,15.9870,5.0,0.95910
semimem,m8,15.9870,5.5,0.94929
semimem,m8,15.9870,6.0,0.93909
semimem,m8,15.9870,6.5,0.92859
semimem,m8,15.9870,7.0,0.91788
semimem,m8,15.9870,7.5,0.90704
semimem,m8,15.9870,8.0,0.89613
semimem,m8,15.9870,8.5,0.88518
semimem,m8,15.9870,9.0,0.87422
semimem,m8,15.9870,9.5,0.86325
semimem,m8,15.9870,10.0,0.85223
semimem,m8,15.9870,10.5,0.84113
semimem,m8,15.9870,11.0,0.83007
semimem,m8,15.9870,11.5,0.81915
semimem,m8,15.9870,12.0,0.80837
semimem,m8,15.9870,12.5,0.79774
semimem,m8,15.9870,13.0,0.78728
semimem,m8,15.9870,13.5,0.77698
semimem,m8,15.9870,14.0,0.76683
semimem,m8,15.9870,14.5,0.75686
semimem,m8,15.9870,15.0,0.74708
semimem,m8,15.9870,15.5,0.73754
semimem,m8,15.9870,16.0,0.72828
semimem,m8,15.9870,16.5,0.71932
semimem,m8,15.9870,17.0,0.71070
semimem,m8,15.9870,17.5,0.70244
semimem,m8,15.9870,18.0,0.69453
semimem,m8,15.9870,18.5,0.68695
semimem,m8,15.9870,19.0,0.67965
semimem,m8,15.9870,19.5,0.67257
semimem,m8,15.9870,20.0,0.66565
semimem,m8,15.9870,20.5,0.65882
semimem,m8,15.9870,21.0,0.65203
semimem,m8,15.9870,21.5,0.64521
semimem,m8,15.9870,22.0,0.63829
semimem,m8,15.9870,22.5,0.63122
semimem,m8,15.9870,23.0,0.62395
semimem,m8,15.9870,23.5,0.61644
semimem,m8,15.9870,24.0,0.60864
semimem,m8,15.9870,24.5,0.60054
semimem,m8,15.9870,25.0,0.59212
semimem,m8,15.9870,25.5,0.58338
semimem,m8,15.9870,26.0,0.57425
semimem,m8,15.9870,26.5,0.56468
semimem,m8,15.9870,27.0,0.55462
semimem,m8,15.9870,27.5,0.54408
semimem,m8,15.9870,28.0,0.53310
semimem,m8,15.9870,28.5,0.52175
semimem,m8,15.9870,29.0,0.51012
semimem,m8,15.9870,29.5,0.49828
semimem,m8,15.9870,30.0,0.48661
semimem,m8,15.9870,30.5,0.47546
semimem,m8,15.9870,31.0,0.46481
semimem,m8,15.9870,31.5,0.45459
semimem,m8,15.9870,32.0,0.44470
semimem,m8,15.9870,32.5,0.43520
semimem,m8,15.9870,33.0,0.42613
semimem,m8,15.9870,33.5,0.41754
semimem,m8,15.9870,34.0,0.40943
semimem,m8,15.9870,34.5,0.40180
semimem,m8,15.9870,35.0,0.39465
semimem,m8,15.9870,35.5,0.38796
semimem,m8,15.9870,36.0,0.38167
semimem,m8,15.9870,36.5,0.37574
semimem,m8,15.9870,37.0,0.37013
semimem,m8,15.9870,37.5,0.36488
semimem,m8,15.9870,38.0,0.36000
semimem,m8,15.9870,38.5,0.35551
semimem,m8,15.9870,39.0,0.35140
semimem,m8,15.9870,39.5,0.34767
semimem,m8,15.9870,40.0,0.34430
semimem,m8,15.9870,40.5,0.34129
semimem,m8,15.9870,41.0,0.33864
semimem,m8,15.9870,41.5,0.33635
semimem,m8,15.9870,42.0,0.33441
semimem,m8,15.9870,42.5,0.33282
semimem,m8,15.9870,43.0,0.33157
semimem,m8,15.9870,43.5,0.33066
semimem,m8,15.9870,44.0,0.33008
semimem,m8,15.9870,44.5,0.32983
semimem,m8,15.9870,45.0,0.32990
semimem,m8,15.9870,45.5,0.33031
semimem,m8,15.9870,46.0,0.33106
semimem,m8,15.9870,46.5,0.33215
semimem,m8,15.9870,47.0,0.33361
semimem,m8,15.9870,47.5,0.33544
semimem,m8,15.9870,48.0,0.33762
semimem,m8,15.9870,48.5,0.34014
semimem,m8,15.9870,49.0,0.34297
semimem,m8,15.9870,49.5,0.34610
semimem,m8,15.9870,50.0,0.34955
semimem,m8,15.9870,50.5,0.35328
semimem,m8,15.9870,51.0,0.35729
semimem,m8,15.9870,51.5,0.36156
semimem,m8,15.9870,52.0,0.36605
semimem,m8,15.9870,52.5,0.37069
semimem,m8,15.9870,53.0,0.37553
semimem,m8,15.9870,53.5,0.38073
semimem,m8,15.9870,54.0,0.38640
semimem,m8,15.9870,54.5,0.39261
semimem,m8,15.9870,55.0,0.39938
semimem,m8,15.9870,55.5,0.40665
semimem,m8,15.9870,56.0,0.41437
semimem,m8,15.9870,56.5,0.42254
semimem,m8,15.9870,57.0,0.43117
semimem,m8,15.9870,57.5,0.44027
semimem,m8,15.9870,58.0,0.44980
semimem,m8,15.9870,58.5,0.45971
semimem,m8,15.9870,59.0,0.46993
semimem,m8,15.9870,59.5,0.48037
semimem,m8,15.9870,60.0,0.49095
semimem,m8,15.9870,60.5,0.50158
semimem,m8,15.9870,61.0,0.51224
semimem,m8,15.9870,61.5,0.52311
semimem,m8,15.9870,62.0,0.53438
semimem,m8,15.9870,62.5,0.54605
semimem,m8,15.9870,63.0,0.55800
semimem,m8,15.9870,63.5,0.57017
semimem,m8,15.9870,64.0,0.58256
semimem,m8,15.9870,64.5,0.59524
semimem,m8,15.9870,65.0,0.60830
semimem,m8,15.9870,65.5,0.62180
semimem,m8,15.9870,66.0,0.63578
semimem,m8,15.9870,66.5,0.65028
semimem,m8,15.9870,67.0,0.66534
semimem,m8,15.9870,67.5,0.68095
semimem,m8,15.9870,68.0,0.69713
semimem,m8,15.9870,68.5,0.71390
semimem,m8,15.9870,69.0,0.73126
semimem,m8,15.9870,69.5,0.74921
semimem,m8,15.9870,70.0,0.76775
semimem,m8,15.9870,70.5,0.78686
semimem,m8,15.9870,71.0,0.80647
semimem,m8,15.9870,71.5,0.82655
semimem,m8,15.9870,72.0,0.84707
semimem,m8,15.9870,72.5,0.86800
semimem,m8,15.9870,73.0,0.88929
semimem,m8,15.9870,73.5,0.91086
semimem,m8,15.9870,74.0,0.93265
semimem,m8,15.9870,74.5,0.94279
semimem,m8,15.9870,75.0,0.93971
semimem,m8,15.9870,75.5,0.93715
semimem,m8,15.9870,76.0,0.93556
semimem,m8,15.9870,76.5,0.93508
semimem,m8,15.9870,77.0,0.93592
semimem,m8,15.9870,77.5,0.93832
semimem,m8,15.9870,78.0,0.94255
semimem,m8,15.9870,78.5,0.94859
semimem,m8,15.9870,79.0,0.95610
semimem,m8,15.9870,79.5,0.96449
semimem,m8,15.9870,80.0,0.97324
semimem,m8,15.9870,80.5,0.98200
semimem,m8,15.9870,81.0,0.99054
semimem,m8,15.9870,81.5,0.99870
semimem,m8,15.9870,82.0,1.00636
semimem,m8,15.9870,82.5,1.01345
semimem,m8,15.9870,83.0,1.01997
semimem,m8,15.9870,83.5,1.02599
semimem,m8,15.9870,84.0,1.03157
semimem,m8,15.9870,84.5,1.03673
semimem,m8,15.9870,85.0,1.04150
semimem,m8,15.9870,85.5,1.04589
semimem,m8,15.9870,86.0,1.04990
semimem,m8,15.9870,86.5,1.05350
semimem,m8,15.9870,87.0,1.05669
semimem,m8,15.9870,87.5,1.05944
semimem,m8,15.9870,88.0,1.06176
semimem,m8,15.9870,88.5,1.06366
semimem,m8,15.9870,89.0,1.06517
semimem,m8,15.9870,89.5,1.06628
semimem,m8,15.9870,90.0,1.06704
semimem,m8,15.9870,90.5,1.06745
semimem,m8,15.9870,91.0,1.06754
semimem,m8,15.9870,91.5,1.06732
semimem,m8,15.9870,92.0,1.06681
semimem,m8,15.9870,92.5,1.06602
semimem,m8,15.9870,93.0,1.06496
semimem,m8,15.9870,93.5,1.06364
semimem,m8,15.9870,94.0,1.06208
semimem,m8,15.9870,94.5,1.06026
semimem,m8,15.9870,95.0,1.05821
semimem,m8,15.9870,95.5,1.05592
semimem,m8,15.9870,96.0,1.05341
semimem,m8,15.9870,96.5,1.05067
semimem,m8,15.9870,97.0,1.04771
semimem,m8,15.9870,97.5,1.04453
semimem,m8,15.9870,98.0,1.04114
semimem,m8,15.9870,98.5,1.03753
semimem,m8,15.9870,99.0,1.03370
semimem,m8,15.9870,99.5,1.02963
semimem,m8,15.9870,100.0,1.02532
semiten,m8,15.9870,0.0,1.13337
semiten,m8,15.9870,0.5,1.12988
semiten,m8,15.9870,1.0,1.12624
semiten,m8,15.9870,1.5,1.12238
semiten,m8,15.9870,2.0,1.11823
semiten,m8,15.9870,2.5,1.11367
semiten,m8,15.9870,3.0,1.10858
semiten,m8,15.9870,3.5,1.10293
semiten,m8,15.9870,4.0,1.09678
semiten,m8,15.9870,4.5,1.09027
semiten,m8,15.9870,5.0,1.08355
semiten,m8,15.9870,5.5,1.07675
semiten,m8,15.9870,6.0,1.06997
semiten,m8,15.9870,6.5,1.06325
semiten,m8,15.9870,7.0,1.05666
semiten,m8,15.9870,7.5,1.05022
semiten,m8,15.9870,8.0,1.04393
semiten,m8,15.9870,8.5,1.03780
semiten,m8,15.9870,9.0,1.03193
semiten,m8,15.9870,9.5,1.02637
semiten,m8,15.9870,10.0,1.02100
semiten,m8,15.9870,10.5,1.01573
semiten,m8,15.9870,11.0,1.01049
semiten,m8,15.9870,11.5,1.00524
semiten,m8,15.9870,12.0,1.00000
semiten,m8,15.9870,12.5,0.99483
semiten,m8,15.9870,13.0,0.98973
semiten,m8,15.9870,13.5,0.98470
semiten,m8,15.9870,14.0,0.97972
semiten,m8,15.9870,14.5,0.97482
semiten,m8,15.9870,15.0,0.96999
semiten,m8,15.9870,15.5,0.96527
semiten,m8,15.9870,16.0,0.96067
semiten,m8,15.9870,16.5,0.95620
semiten,m8,15.9870,17.0,0.95188
semiten,m8,15.9870,17.5,0.94771
semiten,m8,15.9870,18.0,0.94367
semiten,m8,15.9870,18.5,0.93974
semiten,m8,15.9870,19.0,0.93586
semiten,m8,15.9870,19.5,0.93197
semiten,m8,15.9870,20.0,0.92804
semiten,m8,15.9870,20.5,0.92402
semiten,m8,15.9870,21.0,0.91987
semiten,m8,15.9870,21.5,0.91557
semiten,m8,15.9870,22.0,0.91109
semiten,m8,15.9870,22.5,0.90642
semiten,m8,15.9870,23.0,0.90157
semiten,m8,15.9870,23.5,0.89653
semiten,m8,15.9870,24.0,0.89131
semiten,m8,15.9870,24.5,0.88593
semiten,m8,15.9870,25.0,0.88044
semiten,m8,15.9870,25.5,0.87483
semiten,m8,15.9870,26.0,0.86913
semiten,m8,15.9870,26.5,0.86332
semiten,m8,15.9870,27.0,0.85739
semiten,m8,15.9870,27.5,0.85136
semiten,m8,15.9870,28.0,0.84522
semiten,m8,15.9870,28.5,0.83899
semiten,m8,15.9870,29.0,0.83267
semiten,m8,15.9870,29.5,0.82630
semiten,m8,15.9870,30.0,0.81995
semiten,m8,15.9870,30.5,0.81373
semiten,m8,15.9870,31.0,0.80770
semiten,m8,15.9870,31.5,0.80187
semiten,m8,15.9870,32.0,0.79620
semiten,m8,15.9870,32.5,0.79066
semiten,m8,15.9870,33.0,0.78526
semiten,m8,15.9870,33.5,0.78000
semiten,m8,15.9870,34.0,0.77488
semiten,m8,15.9870,34.5,0.76992
semiten,m8,15.9870,35.0,0.76512
semiten,m8,15.9870,35.5,0.76047
semiten,m8,15.9870,36.0,0.75598
semiten,m8,15.9870,36.5,0.75161
semiten,m8,15.9870,37.0,0.74737
semiten,m8,15.9870,37.5,0.74327
semiten,m8,15.9870,38.0,0.73932
semiten,m8,15.9870,38.5,0.73555
semiten,m8,15.9870,39.0,0.73198
semiten,m8,15.9870,39.5,0.72861
semiten,m8,15.9870,40.0,0.72543
semiten,m8,15.9870,40.5,0.72247
semiten,m8,15.9870,41.0,0.71971
semiten,m8,15.9870,41.5,0.71718
semiten,m8,15.9870,42.0,0.71487
semiten,m8,15.9870,42.5,0.71278
semiten,m8,15.9870,43.0,0.71093
semiten,m8,15.9870,43.5,0.70931
semiten,m8,15.9870,44.0,0.70793
semiten,m8,15.9870,44.5,0.70678
semiten,m8,15.9870,45.0,0.70588
semiten,m8,15.9870,45.5,0.70522
semiten,m8,15.9870,46.0,0.70482
semiten,m8,15.9870,46.5,0.70467
semiten,m8,15.9870,47.0,0.70479
semiten,m8,15.9870,47.5,0.70519
semiten,m8,15.9870,48.0,0.70586
semiten,m8,15.9870,48.5,0.70677
semiten,m8,15.9870,49.0,0.70791
semiten,m8,15.9870,49.5,0.70927
semiten,m8,15.9870,50.0,0.71083
semiten,m8,15.9870,50.5,0.71260
semiten,m8,15.9870,51.0,0.71454
semiten,m8,15.9870,51.5,0.71665
semiten,m8,15.9870,52.0,0.71890
semiten,m8,15.9870,52.5,0.72126
semiten,m8,15.9870,53.0,0.72374
semiten,m8,15.9870,53.5,0.72643
semiten,m8,15.9870,54.0,0.72943
semiten,m8,15.9870,54.5,0.73277
semiten,m8,15.9870,55.0,0.73649
semiten,m8,15.9870,55.5,0.74055
semiten,m8,15.9870,56.0,0.74492
semiten,m8,15.9870,56.5,0.74959
semiten,m8,15.9870,57.0,0.75459
semiten,m8,15.9870,57.5,0.75991
semiten,m8,15.9870,58.0,0.76554
semiten,m8,15.9870,58.5,0.77143
semiten,m8,15.9870,59.0,0.77755
semiten,m8,15.9870,59.5,0.78383
semiten,m8,15.9870,60.0,0.79022
semiten,m8,15.9870,60.5,0.79668
semiten,m8,15.9870,61.0,0.80322
semiten,m8,15.9870,61.5,0.80996
semiten,m8,15.9870,62.0,0.81704
semiten,m8,15.9870,62.5,0.82450
semiten,m8,15.9870,63.0,0.83228
semiten,m8,15.9870,63.5,0.84034
semiten,m8,15.9870,64.0,0.84867
semiten,m8,15.9870,64.5,0.85730
semiten,m8,15.9870,65.0,0.86625
semiten,m8,15.9870,65.5,0.87553
semiten,m8,15.9870,66.0,0.88513
semiten,m8,15.9870,66.5,0.89503
semiten,m8,15.9870,67.0,0.90520
semiten,m8,15.9870,67.5,0.91562
semiten,m8,15.9870,68.0,0.92626
semiten,m8,15.9870,68.5,0.93713
semiten,m8,15.9870,69.0,0.94823
semiten,m8,15.9870,69.5,0.95956
semiten,m8,15.9870,70.0,0.97112
semiten,m8,15.9870,70.5,0.98290
semiten,m8,15.9870,71.0,0.99487
semiten,m8,15.9870,71.5,1.00700
semiten,m8,15.9870,72.0,1.01927
semiten,m8,15.9870,72.5,1.03165
semiten,m8,15.9870,73.0,1.04411
semiten,m8,15.9870,73.5,1.05660
semiten,m8,15.9870,74.0,1.06907
semiten,m8,15.9870,74.5,1.08147
semiten,m8,15.9870,75.0,1.09321
semiten,m8,15.9870,75.5,1.09298
semiten,m8,15.9870,76.0,1.09433
semiten,m8,15.9870,76.5,1.09768
semiten,m8,15.9870,77.0,1.10279
semiten,m8,15.9870,77.5,1.10902
semiten,m8,15.9870,78.0,1.11575
semiten,m8,15.9870,78.5,1.12254
semiten,m8,15.9870,79.0,1.12913
semiten,m8,15.9870,79.5,1.13535
semiten,m8,15.9870,80.0,1.14114
semiten,m8,15.9870,80.5,1.14651
semiten,m8,15.9870,81.0,1.15144
semiten,m8,15.9870,81.5,1.15589
semiten,m8,15.9870,82.0,1.15986
semiten,m8,15.9870,82.5,1.16332
semiten,m8,15.9870,83.0,1.16634
semiten,m8,15.9870,83.5,1.16901
semiten,m8,15.9870,84.0,1.17139
semiten,m8,15.9870,84.5,1.17350
semiten,m8,15.9870,85.0,1.17536
semiten,m8,15.9870,85.5,1.17699
semiten,m8,15.9870,86.0,1.17837
semiten,m8,15.9870,86.5,1.17949
semiten,m8,15.9870,87.0,1.18033
semiten,m8,15.9870,87.5,1.18088
semiten,m8,15.9870,88.0,1.18114
semiten,m8,15.9870,88.5,1.18112
semiten,m8,15.9870,89.0,1.18084
semiten,m8,15.9870,89.5,1.18031
semiten,m8,15.9870,90.0,1.17955
semiten,m8,15.9870,90.5,1.17856
semiten,m8,15.9870,91.0,1.17738
semiten,m8,15.9870,91.5,1.17601
semiten,m8,15.9870,92.0,1.17446
semiten,m8,15.9870,92.5,1.17276
semiten,m8,15.9870,93.0,1.17090
semiten,m8,15.9870,93.5,1.16892
semiten,m8,15.9870,94.0,1.16680
semiten,m8,15.9870,94.5,1.16456
semiten,m8,15.9870,95.0,1.16222
semiten,m8,15.9870,95.5,1.15976
semiten,m8,15.9870,96.0,1.15721
semiten,m8,15.9870,96.5,1.15456
semiten,m8,15.9870,97.0,1.15182
semiten,m8,15.9870,97.5,1.14899
semiten,m8,15.9870,98.0,1.14608
semiten,m8,15.9870,98.5,1.14307
semiten,m8,15.9870,99.0,1.13996
semiten,m8,15.9870,99.5,1.13673
semiten,m8,15.9870,100.0,1.13337
bifemlh,m8,15.9870,0.0,1.05169
bifemlh,m8,15.9870,0.5,1.04643
bifemlh,m8,15.9870,1.0,1.04097
bifemlh,m8,15.9870,1.5,1.03529
bifemlh,m8,15.9870,2.0,1.02931
bifemlh,m8,15.9870,2.5,1.02295
bifemlh,m8,15.9870,3.0,1.01607
bifemlh,m8,15.9870,3.5,1.00862
bifemlh,m8,15.9870,4.0,1.00059
bifemlh,m8,15.9870,4.5,0.99207
bifemlh,m8,15.9870,5.0,0.98314
bifemlh,m8,15.9870,5.5,0.97391
bifemlh,m8,15.9870,6.0,0.96447
bifemlh,m8,15.9870,6.5,0.95490
bifemlh,m8,15.9870,7.0,0.94529
bifemlh,m8,15.9870,7.5,0.93571
bifemlh,m8,15.9870,8.0,0.92628
bifemlh,m8,15.9870,8.5,0.91722
bifemlh,m8,15.9870,9.0,0.90850
bifemlh,m8,15.9870,9.5,0.90003
bifemlh,m8,15.9870,10.0,0.89172
bifemlh,m8,15.9870,10.5,0.88348
bifemlh,m8,15.9870,11.0,0.87519
bifemlh,m8,15.9870,11.5,0.86681
bifemlh,m8,15.9870,12.0,0.85836
bifemlh,m8,15.9870,12.5,0.84989
bifemlh,m8,15.9870,13.0,0.84144
bifemlh,m8,15.9870,13.5,0.83302
bifemlh,m8,15.9870,14.0,0.82467
bifemlh,m8,15.9870,14.5,0.81640
bifemlh,m8,15.9870,15.0,0.80826
bifemlh,m8,15.9870,15.5,0.80030
bifemlh,m8,15.9870,16.0,0.79256
bifemlh,m8,15.9870,16.5,0.78507
bifemlh,m8,15.9870,17.0,0.77787
bifemlh,m8,15.9870,17.5,0.77097
bifemlh,m8,15.9870,18.0,0.76435
bifemlh,m8,15.9870,18.5,0.75800
bifemlh,m8,15.9870,19.0,0.75185
bifemlh,m8,15.9870,19.5,0.74587
bifemlh,m8,15.9870,20.0,0.73998
bifemlh,m8,15.9870,20.5,0.73415
bifemlh,m8,15.9870,21.0,0.72832
bifemlh,m8,15.9870,21.5,0.72244
bifemlh,m8,15.9870,22.0,0.71649
bifemlh,m8,15.9870,22.5,0.71043
bifemlh,m8,15.9870,23.0,0.70423
bifemlh,m8,15.9870,23.5,0.69789
bifemlh,m8,15.9870,24.0,0.69139
bifemlh,m8,15.9870,24.5,0.68473
bifemlh,m8,15.9870,25.0,0.67794
bifemlh,m8,15.9870,25.5,0.67102
bifemlh,m8,15.9870,26.0,0.66397
bifemlh,m8,15.9870,26.5,0.65675
bifemlh,m8,15.9870,27.0,0.64934
bifemlh,m8,15.9870,27.5,0.64175
bifemlh,m8,15.9870,28.0,0.63397
bifemlh,m8,15.9870,28.5,0.62599
bifemlh,m8,15.9870,29.0,0.61783
bifemlh,m8,15.9870,29.5,0.60952
bifemlh,m8,15.9870,30.0,0.60122
bifemlh,m8,15.9870,30.5,0.59313
bifemlh,m8,15.9870,31.0,0.58536
bifemlh,m8,15.9870,31.5,0.57788
bifemlh,m8,15.9870,32.0,0.57061
bifemlh,m8,15.9870,32.5,0.56348
bifemlh,m8,15.9870,33.0,0.55655
bifemlh,m8,15.9870,33.5,0.54990
bifemlh,m8,15.9870,34.0,0.54354
bifemlh,m8,15.9870,34.5,0.53749
bifemlh,m8,15.9870,35.0,0.53175
bifemlh,m8,15.9870,35.5,0.52633
bifemlh,m8,15.9870,36.0,0.52118
bifemlh,m8,15.9870,36.5,0.51626
bifemlh,m8,15.9870,37.0,0.51155
bifemlh,m8,15.9870,37.5,0.50710
bifemlh,m8,15.9870,38.0,0.50297
bifemlh,m8,15.9870,38.5,0.49917
bifemlh,m8,15.9870,39.0,0.49575
bifemlh,m8,15.9870,39.5,0.49270
bifemlh,m8,15.9870,40.0,0.49001
bifemlh,m8,15.9870,40.5,0.48772
bifemlh,m8,15.9870,41.0,0.48581
bifemlh,m8,15.9870,41.5,0.48432
bifemlh,m8,15.9870,42.0,0.48325
bifemlh,m8,15.9870,42.5,0.48259
bifemlh,m8,15.9870,43.0,0.48236
bifemlh,m8,15.9870,43.5,0.48254
bifemlh,m8,15.9870,44.0,0.48314
bifemlh,m8,15.9870,44.5,0.48415
bifemlh,m8,15.9870,45.0,0.48557
bifemlh,m8,15.9870,45.5,0.48738
bifemlh,m8,15.9870,46.0,0.48960
bifemlh,m8,15.9870,46.5,0.49223
bifemlh,m8,15.9870,47.0,0.49527
bifemlh,m8,15.9870,47.5,0.49873
bifemlh,m8,15.9870,48.0,0.50256
bifemlh,m8,15.9870,48.5,0.50671
bifemlh,m8,15.9870,49.0,0.51114
bifemlh,m8,15.9870,49.5,0.51584
bifemlh,m8,15.9870,50.0,0.52080
bifemlh,m8,15.9870,50.5,0.52599
bifemlh,m8,15.9870,51.0,0.53139
bifemlh,m8,15.9870,51.5,0.53698
bifemlh,m8,15.9870,52.0,0.54271
bifemlh,m8,15.9870,52.5,0.54852
bifemlh,m8,15.9870,53.0,0.55448
bifemlh,m8,15.9870,53.5,0.56074
bifemlh,m8,15.9870,54.0,0.56743
bifemlh,m8,15.9870,54.5,0.57461
bifemlh,m8,15.9870,55.0,0.58228
bifemlh,m8,15.9870,55.5,0.59037
bifemlh,m8,15.9870,56.0,0.59877
bifemlh,m8,15.9870,56.5,0.60747
bifemlh,m8,15.9870,57.0,0.61650
bifemlh,m8,15.9870,57.5,0.62586
bifemlh,m8,15.9870,58.0,0.63555
bifemlh,m8,15.9870,58.5,0.64552
bifemlh,m8,15.9870,59.0,0.65573
bifemlh,m8,15.9870,59.5,0.66612
bifemlh,m8,15.9870,60.0,0.67664
bifemlh,m8,15.9870,60.5,0.68723
bifemlh,m8,15.9870,61.0,0.69786
bifemlh,m8,15.9870,61.5,0.70870
bifemlh,m8,15.9870,62.0,0.71990
bifemlh,m8,15.9870,62.5,0.73149
bifemlh,m8,15.9870,63.0,0.74335
bifemlh,m8,15.9870,63.5,0.75538
bifemlh,m8,15.9870,64.0,0.76755
bifemlh,m8,15.9870,64.5,0.77989
bifemlh,m8,15.9870,65.0,0.79243
bifemlh,m8,15.9870,65.5,0.80520
bifemlh,m8,15.9870,66.0,0.81816
bifemlh,m8,15.9870,66.5,0.83132
bifemlh,m8,15.9870,67.0,0.84465
bifemlh,m8,15.9870,67.5,0.85813
bifemlh,m8,15.9870,68.0,0.87176
bifemlh,m8,15.9870,68.5,0.88556
bifemlh,m8,15.9870,69.0,0.89955
bifemlh,m8,15.9870,69.5,0.91374
bifemlh,m8,15.9870,70.0,0.92816
bifemlh,m8,15.9870,70.5,0.94278
bifemlh,m8,15.9870,71.0,0.95758
bifemlh,m8,15.9870,71.5,0.97253
bifemlh,m8,15.9870,72.0,0.97857
bifemlh,m8,15.9870,72.5,0.97480
bifemlh,m8,15.9870,73.0,0.97192
bifemlh,m8,15.9870,73.5,0.97016
bifemlh,m8,15.9870,74.0,0.96962
bifemlh,m8,15.9870,74.5,0.97050
bifemlh,m8,15.9870,75.0,0.97316
bifemlh,m8,15.9870,75.5,0.97795
bifemlh,m8,15.9870,76.0,0.98491
bifemlh,m8,15.9870,76.5,0.99355
bifemlh,m8,15.9870,77.0,1.00319
bifemlh,m8,15.9870,77.5,1.01324
bifemlh,m8,15.9870,78.0,1.02325
bifemlh,m8,15.9870,78.5,1.03292
bifemlh,m8,15.9870,79.0,1.04205
bifemlh,m8,15.9870,79.5,1.05050
bifemlh,m8,15.9870,80.0,1.05825
bifemlh,m8,15.9870,80.5,1.06531
bifemlh,m8,15.9870,81.0,1.07171
bifemlh,m8,15.9870,81.5,1.07747
bifemlh,m8,15.9870,82.0,1.08258
bifemlh,m8,15.9870,82.5,1.08706
bifemlh,m8,15.9870,83.0,1.09099
bifemlh,m8,15.9870,83.5,1.09444
bifemlh,m8,15.9870,84.0,1.09751
bifemlh,m8,15.9870,84.5,1.10025
bifemlh,m8,15.9870,85.0,1.10269
bifemlh,m8,15.9870,85.5,1.10487
bifemlh,m8,15.9870,86.0,1.10679
bifemlh,m8,15.9870,86.5,1.10846
bifemlh,m8,15.9870,87.0,1.10984
bifemlh,m8,15.9870,87.5,1.11094
bifemlh,m8,15.9870,88.0,1.11173
bifemlh,m8,15.9870,88.5,1.11223
bifemlh,m8,15.9870,89.0,1.11243
bifemlh,m8,15.9870,89.5,1.11233
bifemlh,m8,15.9870,90.0,1.11195
bifemlh,m8,15.9870,90.5,1.11129
bifemlh,m8,15.9870,91.0,1.11035
bifemlh,m8,15.9870,91.5,1.10915
bifemlh,m8,15.9870,92.0,1.10768
bifemlh,m8,15.9870,92.5,1.10596
bifemlh,m8,15.9870,93.0,1.10399
bifemlh,m8,15.9870,93.5,1.10176
bifemlh,m8,15.9870,94.0,1.09928
bifemlh,m8,15.9870,94.5,1.09656
bifemlh,m8,15.9870,95.0,1.09359
bifemlh,m8,15.9870,95.5,1.09039
bifemlh,m8,15.9870,96.0,1.08694
bifemlh,m8,15.9870,96.5,1.08327
bifemlh,m8,15.9870,97.0,1.07937
bifemlh,m8,15.9870,97.5,1.07525
bifemlh,m8,15.9870,98.0,1.07093
bifemlh,m8,15.9870,98.5,1.06640
bifemlh,m8,15.9870,99.0,1.06168
bifemlh,m8,15.9870,99.5,1.05678
bifemlh,m8,15.9870,100.0,1.05169
bifemsh,m8,15.9870,0.0,0.93882
bifemsh,m8,15.9870,0.5,0.93978
bifemsh,m8,15.9870,1.0,0.94064
bifemsh,m8,15.9870,1.5,0.94132
bifemsh,m8,15.9870,2.0,0.94170
bifemsh,m8,15.9870,2.5,0.94172
bifemsh,m8,15.9870,3.0,0.94136
bifemsh,m8,15.9870,3.5,0.94064
bifemsh,m8,15.9870,4.0,0.93970
bifemsh,m8,15.9870,4.5,0.93872
bifemsh,m8,15.9870,5.0,0.93745
bifemsh,m8,15.9870,5.5,0.93592
bifemsh,m8,15.9870,6.0,0.93435
bifemsh,m8,15.9870,6.5,0.93277
bifemsh,m8,15.9870,7.0,0.93115
bifemsh,m8,15.9870,7.5,0.92946
bifemsh,m8,15.9870,8.0,0.92767
bifemsh,m8,15.9870,8.5,0.92577
bifemsh,m8,15.9870,9.0,0.92378
bifemsh,m8,15.9870,9.5,0.92172
bifemsh,m8,15.9870,10.0,0.91965
bifemsh,m8,15.9870,10.5,0.91762
bifemsh,m8,15.9870,11.0,0.91568
bifemsh,m8,15.9870,11.5,0.91381
bifemsh,m8,15.9870,12.0,0.91198
bifemsh,m8,15.9870,12.5,0.91014
bifemsh,m8,15.9870,13.0,0.90828
bifemsh,m8,15.9870,13.5,0.90639
bifemsh,m8,15.9870,14.0,0.90448
bifemsh,m8,15.9870,14.5,0.90253
bifemsh,m8,15.9870,15.0,0.90057
bifemsh,m8,15.9870,15.5,0.89857
bifemsh,m8,15.9870,16.0,0.89655
bifemsh,m8,15.9870,16.5,0.89451
bifemsh,m8,15.9870,17.0,0.89245
bifemsh,m8,15.9870,17.5,0.89036
bifemsh,m8,15.9870,18.0,0.88825
bifemsh,m8,15.9870,18.5,0.88611
bifemsh,m8,15.9870,19.0,0.88391
bifemsh,m8,15.9870,19.5,0.88162
bifemsh,m8,15.9870,20.0,0.87923
bifemsh,m8,15.9870,20.5,0.87669
bifemsh,m8,15.9870,21.0,0.87398
bifemsh,m8,15.9870,21.5,0.87109
bifemsh,m8,15.9870,22.0,0.86802
bifemsh,m8,15.9870,22.5,0.86476
bifemsh,m8,15.9870,23.0,0.86132
bifemsh,m8,15.9870,23.5,0.85771
bifemsh,m8,15.9870,24.0,0.85395
bifemsh,m8,15.9870,24.5,0.85006
bifemsh,m8,15.9870,25.0,0.84606
bifemsh,m8,15.9870,25.5,0.84196
bifemsh,m8,15.9870,26.0,0.83778
bifemsh,m8,15.9870,26.5,0.83356
bifemsh,m8,15.9870,27.0,0.82931
bifemsh,m8,15.9870,27.5,0.82504
bifemsh,m8,15.9870,28.0,0.82075
bifemsh,m8,15.9870,28.5,0.81646
bifemsh,m8,15.9870,29.0,0.81216
bifemsh,m8,15.9870,29.5,0.80786
bifemsh,m8,15.9870,30.0,0.80353
bifemsh,m8,15.9870,30.5,0.79916
bifemsh,m8,15.9870,31.0,0.79475
bifemsh,m8,15.9870,31.5,0.79030
bifemsh,m8,15.9870,32.0,0.78583
bifemsh,m8,15.9870,32.5,0.78135
bifemsh,m8,15.9870,33.0,0.77686
bifemsh,m8,15.9870,33.5,0.77234
bifemsh,m8,15.9870,34.0,0.76780
bifemsh,m8,15.9870,34.5,0.76325
bifemsh,m8,15.9870,35.0,0.75868
bifemsh,m8,15.9870,35.5,0.75412
bifemsh,m8,15.9870,36.0,0.74956
bifemsh,m8,15.9870,36.5,0.74502
bifemsh,m8,15.9870,37.0,0.74051
bifemsh,m8,15.9870,37.5,0.73602
bifemsh,m8,15.9870,38.0,0.73154
bifemsh,m8,15.9870,38.5,0.72708
bifemsh,m8,15.9870,39.0,0.72264
bifemsh,m8,15.9870,39.5,0.71821
bifemsh,m8,15.9870,40.0,0.71379
bifemsh,m8,15.9870,40.5,0.70938
bifemsh,m8,15.9870,41.0,0.70500
bifemsh,m8,15.9870,41.5,0.70063
bifemsh,m8,15.9870,42.0,0.69628
bifemsh,m8,15.9870,42.5,0.69196
bifemsh,m8,15.9870,43.0,0.68766
bifemsh,m8,15.9870,43.5,0.68340
bifemsh,m8,15.9870,44.0,0.67917
bifemsh,m8,15.9870,44.5,0.67499
bifemsh,m8,15.9870,45.0,0.67085
bifemsh,m8,15.9870,45.5,0.66677
bifemsh,m8,15.9870,46.0,0.66275
bifemsh,m8,15.9870,46.5,0.65879
bifemsh,m8,15.9870,47.0,0.65489
bifemsh,m8,15.9870,47.5,0.65113
bifemsh,m8,15.9870,48.0,0.64755
bifemsh,m8,15.9870,48.5,0.64409
bifemsh,m8,15.9870,49.0,0.64072
bifemsh,m8,15.9870,49.5,0.63744
bifemsh,m8,15.9870,50.0,0.63425
bifemsh,m8,15.9870,50.5,0.63115
bifemsh,m8,15.9870,51.0,0.62814
bifemsh,m8,15.9870,51.5,0.62524
bifemsh,m8,15.9870,52.0,0.62243
bifemsh,m8,15.9870,52.5,0.61973
bifemsh,m8,15.9870,53.0,0.61712
bifemsh,m8,15.9870,53.5,0.61462
bifemsh,m8,15.9870,54.0,0.61224
bifemsh,m8,15.9870,54.5,0.60997
bifemsh,m8,15.9870,55.0,0.60785
bifemsh,m8,15.9870,55.5,0.60589
bifemsh,m8,15.9870,56.0,0.60412
bifemsh,m8,15.9870,56.5,0.60255
bifemsh,m8,15.9870,57.0,0.60120
bifemsh,m8,15.9870,57.5,0.60007
bifemsh,m8,15.9870,58.0,0.59916
bifemsh,m8,15.9870,58.5,0.59850
bifemsh,m8,15.9870,59.0,0.59808
bifemsh,m8,15.9870,59.5,0.59791
bifemsh,m8,15.9870,60.0,0.59799
bifemsh,m8,15.9870,60.5,0.59831
bifemsh,m8,15.9870,61.0,0.59889
bifemsh,m8,15.9870,61.5,0.59972
bifemsh,m8,15.9870,62.0,0.60081
bifemsh,m8,15.9870,62.5,0.60216
bifemsh,m8,15.9870,63.0,0.60378
bifemsh,m8,15.9870,63.5,0.60565
bifemsh,m8,15.9870,64.0,0.60779
bifemsh,m8,15.9870,64.5,0.61018
bifemsh,m8,15.9870,65.0,0.61283
bifemsh,m8,15.9870,65.5,0.61573
bifemsh,m8,15.9870,66.0,0.61890
bifemsh,m8,15.9870,66.5,0.62235
bifemsh,m8,15.9870,67.0,0.62609
bifemsh,m8,15.9870,67.5,0.63012
bifemsh,m8,15.9870,68.0,0.63446
bifemsh,m8,15.9870,68.5,0.63911
bifemsh,m8,15.9870,69.0,0.64407
bifemsh,m8,15.9870,69.5,0.64934
bifemsh,m8,15.9870,70.0,0.65495
bifemsh,m8,15.9870,70.5,0.66090
bifemsh,m8,15.9870,71.0,0.66720
bifemsh,m8,15.9870,71.5,0.67386
bifemsh,m8,15.9870,72.0,0.68089
bifemsh,m8,15.9870,72.5,0.68830
bifemsh,m8,15.9870,73.0,0.69608
bifemsh,m8,15.9870,73.5,0.70422
bifemsh,m8,15.9870,74.0,0.71271
bifemsh,m8,15.9870,74.5,0.72156
bifemsh,m8,15.9870,75.0,0.73073
bifemsh,m8,15.9870,75.5,0.74018
bifemsh,m8,15.9870,76.0,0.74984
bifemsh,m8,15.9870,76.5,0.75965
bifemsh,m8,15.9870,77.0,0.76952
bifemsh,m8,15.9870,77.5,0.77937
bifemsh,m8,15.9870,78.0,0.78911
bifemsh,m8,15.9870,78.5,0.79867
bifemsh,m8,15.9870,79.0,0.80800
bifemsh,m8,15.9870,79.5,0.81704
bifemsh,m8,15.9870,80.0,0.82577
bifemsh,m8,15.9870,80.5,0.83418
bifemsh,m8,15.9870,81.0,0.84226
bifemsh,m8,15.9870,81.5,0.84999
bifemsh,m8,15.9870,82.0,0.85737
bifemsh,m8,15.9870,82.5,0.86440
bifemsh,m8,15.9870,83.0,0.87106
bifemsh,m8,15.9870,83.5,0.87525
bifemsh,m8,15.9870,84.0,0.87772
bifemsh,m8,15.9870,84.5,0.88073
bifemsh,m8,15.9870,85.0,0.88399
bifemsh,m8,15.9870,85.5,0.88729
bifemsh,m8,15.9870,86.0,0.89052
bifemsh,m8,15.9870,86.5,0.89363
bifemsh,m8,15.9870,87.0,0.89658
bifemsh,m8,15.9870,87.5,0.89937
bifemsh,m8,15.9870,88.0,0.90199
bifemsh,m8,15.9870,88.5,0.90445
bifemsh,m8,15.9870,89.0,0.90677
bifemsh,m8,15.9870,89.5,0.90895
bifemsh,m8,15.9870,90.0,0.91101
bifemsh,m8,15.9870,90.5,0.91296
bifemsh,m8,15.9870,91.0,0.91482
bifemsh,m8,15.9870,91.5,0.91659
bifemsh,m8,15.9870,92.0,0.91829
bifemsh,m8,15.9870,92.5,0.91992
bifemsh,m8,15.9870,93.0,0.92150
bifemsh,m8,15.9870,93.5,0.92302
bifemsh,m8,15.9870,94.0,0.92449
bifemsh,m8,15.9870,94.5,0.92591
bifemsh,m8,15.9870,95.0,0.92730
bifemsh,m8,15.9870,95.5,0.92863
bifemsh,m8,15.9870,96.0,0.92992
bifemsh,m8,15.9870,96.5,0.93115
bifemsh,m8,15.9870,97.0,0.93232
bifemsh,m8,15.9870,97.5,0.93342
bifemsh,m8,15.9870,98.0,0.93443
bifemsh,m8,15.9870,98.5,0.93555
bifemsh,m8,15.9870,99.0,0.93670
bifemsh,m8,15.9870,99.5,0.93779
bifemsh,m8,15.9870,100.0,0.93882
